Date,BlockSize
1/10/2009,215
1/11/2009,215
1/12/2009,218
1/13/2009,231
1/14/2009,216
1/15/2009,219
1/16/2009,239
1/17/2009,221
1/18/2009,216
1/19/2009,220
1/20/2009,233
1/21/2009,225
1/22/2009,231
1/23/2009,220
1/24/2009,224
1/25/2009,222
1/26/2009,217
1/27/2009,240
1/28/2009,220
1/29/2009,216
1/30/2009,227
1/31/2009,216
2/1/2009,232
2/2/2009,218
2/3/2009,217
2/4/2009,248
2/5/2009,216
2/6/2009,216
2/7/2009,216
2/8/2009,240
2/9/2009,218
2/10/2009,254
2/11/2009,216
2/12/2009,229
2/13/2009,216
2/14/2009,216
2/15/2009,216
2/16/2009,229
2/17/2009,244
2/18/2009,216
2/19/2009,216
2/20/2009,231
2/21/2009,216
2/22/2009,216
2/23/2009,229
2/24/2009,216
2/25/2009,216
2/26/2009,216
2/27/2009,216
2/28/2009,252
3/1/2009,225
3/2/2009,216
3/3/2009,216
3/4/2009,225
3/5/2009,245
3/6/2009,224
3/7/2009,216
3/8/2009,216
3/9/2009,244
3/10/2009,216
3/11/2009,216
3/12/2009,216
3/13/2009,220
3/14/2009,229
3/15/2009,216
3/16/2009,216
3/17/2009,262
3/18/2009,216
3/19/2009,231
3/20/2009,216
3/21/2009,228
3/22/2009,216
3/23/2009,227
3/24/2009,216
3/25/2009,216
3/26/2009,216
3/27/2009,244
3/28/2009,216
3/29/2009,236
3/30/2009,216
3/31/2009,216
4/1/2009,250
4/2/2009,216
4/3/2009,216
4/4/2009,216
4/5/2009,216
4/6/2009,232
4/7/2009,216
4/8/2009,216
4/9/2009,216
4/10/2009,216
4/11/2009,216
4/12/2009,223
4/13/2009,225
4/14/2009,218
4/15/2009,216
4/16/2009,216
4/17/2009,216
4/18/2009,216
4/19/2009,222
4/20/2009,224
4/21/2009,327
4/22/2009,218
4/23/2009,216
4/24/2009,216
4/25/2009,216
4/26/2009,216
4/27/2009,232
4/28/2009,216
4/29/2009,216
4/30/2009,234
5/1/2009,216
5/2/2009,216
5/3/2009,231
5/4/2009,224
5/5/2009,243
5/6/2009,225
5/7/2009,216
5/8/2009,216
5/9/2009,216
5/10/2009,216
5/11/2009,216
5/12/2009,219
5/13/2009,216
5/14/2009,226
5/15/2009,221
5/16/2009,225
5/17/2009,216
5/18/2009,216
5/19/2009,216
5/20/2009,216
5/21/2009,216
5/22/2009,216
5/23/2009,216
5/24/2009,216
5/25/2009,216
5/26/2009,216
5/27/2009,216
5/28/2009,216
5/29/2009,216
5/30/2009,281
5/31/2009,216
6/1/2009,216
6/2/2009,220
6/3/2009,216
6/4/2009,216
6/5/2009,216
6/6/2009,216
6/7/2009,215
6/8/2009,216
6/9/2009,216
6/10/2009,216
6/11/2009,216
6/12/2009,216
6/13/2009,216
6/14/2009,215
6/15/2009,216
6/16/2009,216
6/17/2009,216
6/18/2009,216
6/19/2009,216
6/20/2009,216
6/21/2009,216
6/22/2009,216
6/23/2009,306
6/24/2009,216
6/25/2009,222
6/26/2009,250
6/27/2009,216
6/28/2009,216
6/29/2009,221
6/30/2009,224
7/1/2009,216
7/2/2009,219
7/3/2009,219
7/4/2009,216
7/5/2009,216
7/6/2009,216
7/7/2009,216
7/8/2009,216
7/9/2009,216
7/10/2009,216
7/11/2009,216
7/12/2009,216
7/13/2009,216
7/14/2009,216
7/15/2009,216
7/16/2009,216
7/17/2009,216
7/18/2009,216
7/19/2009,216
7/20/2009,216
7/21/2009,415
7/22/2009,216
7/23/2009,215
7/24/2009,216
7/25/2009,216
7/26/2009,216
7/27/2009,216
7/28/2009,216
7/29/2009,216
7/30/2009,230
7/31/2009,231
8/1/2009,216
8/2/2009,216
8/3/2009,216
8/4/2009,216
8/5/2009,216
8/6/2009,216
8/7/2009,216
8/8/2009,376
8/9/2009,216
8/10/2009,216
8/11/2009,216
8/12/2009,216
8/13/2009,216
8/14/2009,216
8/15/2009,216
8/16/2009,215
8/17/2009,216
8/18/2009,216
8/19/2009,216
8/20/2009,215
8/21/2009,215
8/22/2009,215
8/23/2009,215
8/24/2009,215
8/25/2009,215
8/26/2009,216
8/27/2009,336
8/28/2009,215
8/29/2009,216
8/30/2009,216
8/31/2009,217
9/1/2009,224
9/2/2009,216
9/3/2009,216
9/4/2009,243
9/5/2009,216
9/6/2009,216
9/7/2009,216
9/8/2009,235
9/9/2009,216
9/10/2009,216
9/11/2009,216
9/12/2009,216
9/13/2009,216
9/14/2009,216
9/15/2009,216
9/16/2009,216
9/17/2009,219
9/18/2009,354
9/19/2009,216
9/20/2009,216
9/21/2009,216
9/22/2009,230
9/23/2009,400
9/24/2009,216
9/25/2009,216
9/26/2009,249
9/27/2009,234
9/28/2009,216
9/29/2009,216
9/30/2009,273
10/1/2009,216
10/2/2009,216
10/3/2009,232
10/4/2009,215
10/5/2009,216
10/6/2009,216
10/7/2009,259
10/8/2009,216
10/9/2009,215
10/10/2009,216
10/11/2009,216
10/12/2009,216
10/13/2009,364
10/14/2009,216
10/15/2009,216
10/16/2009,215
10/17/2009,373
10/18/2009,216
10/19/2009,227
10/20/2009,215
10/21/2009,338
10/22/2009,242
10/23/2009,268
10/24/2009,215
10/25/2009,230
10/26/2009,216
10/27/2009,216
10/28/2009,246
10/29/2009,216
10/30/2009,319
10/31/2009,215
11/1/2009,215
11/2/2009,215
11/3/2009,215
11/4/2009,216
11/5/2009,294
11/6/2009,215
11/7/2009,216
11/8/2009,216
11/9/2009,216
11/10/2009,216
11/11/2009,279
11/12/2009,254
11/13/2009,225
11/14/2009,230
11/15/2009,216
11/16/2009,216
11/17/2009,216
11/18/2009,216
11/19/2009,215
11/20/2009,375
11/21/2009,216
11/22/2009,216
11/23/2009,216
11/24/2009,216
11/25/2009,216
11/26/2009,216
11/27/2009,216
11/28/2009,215
11/29/2009,216
11/30/2009,216
12/1/2009,216
12/2/2009,484
12/3/2009,216
12/4/2009,216
12/5/2009,215
12/6/2009,249
12/7/2009,220
12/8/2009,236
12/9/2009,227
12/10/2009,263
12/11/2009,216
12/12/2009,285
12/13/2009,216
12/14/2009,216
12/15/2009,591
12/16/2009,245
12/17/2009,216
12/18/2009,225
12/19/2009,216
12/20/2009,217
12/21/2009,217
12/22/2009,216
12/23/2009,216
12/24/2009,216
12/25/2009,216
12/26/2009,217
12/27/2009,216
12/28/2009,220
12/29/2009,216
12/30/2009,216
12/31/2009,216
1/1/2010,216
1/2/2010,218
1/3/2010,216
1/4/2010,216
1/5/2010,269
1/6/2010,216
1/7/2010,216
1/8/2010,216
1/9/2010,216
1/10/2010,216
1/11/2010,216
1/12/2010,216
1/13/2010,372
1/14/2010,218
1/15/2010,225
1/16/2010,220
1/17/2010,222
1/18/2010,216
1/19/2010,217
1/20/2010,215
1/21/2010,215
1/22/2010,235
1/23/2010,221
1/24/2010,218
1/25/2010,217
1/26/2010,251
1/27/2010,230
1/28/2010,230
1/29/2010,230
1/30/2010,228
1/31/2010,235
2/1/2010,229
2/2/2010,234
2/3/2010,232
2/4/2010,218
2/5/2010,238
2/6/2010,343
2/7/2010,237
2/8/2010,223
2/9/2010,291
2/10/2010,447
2/11/2010,629
2/12/2010,267
2/13/2010,256
2/14/2010,259
2/15/2010,253
2/16/2010,279
2/17/2010,228
2/18/2010,234
2/19/2010,249
2/20/2010,220
2/21/2010,223
2/22/2010,281
2/23/2010,334
2/24/2010,216
2/25/2010,289
2/26/2010,323
2/27/2010,231
2/28/2010,223
3/1/2010,294
3/2/2010,235
3/3/2010,241
3/4/2010,310
3/5/2010,455
3/6/2010,218
3/7/2010,279
3/8/2010,291
3/9/2010,384
3/10/2010,279
3/11/2010,250
3/12/2010,271
3/13/2010,223
3/14/2010,243
3/15/2010,227
3/16/2010,225
3/17/2010,240
3/18/2010,238
3/19/2010,335
3/20/2010,269
3/21/2010,266
3/22/2010,224
3/23/2010,243
3/24/2010,262
3/25/2010,243
3/26/2010,431
3/27/2010,264
3/28/2010,241
3/29/2010,223
3/30/2010,259
3/31/2010,223
4/1/2010,233
4/2/2010,235
4/3/2010,232
4/4/2010,236
4/5/2010,266
4/6/2010,342
4/7/2010,296
4/8/2010,283
4/9/2010,270
4/10/2010,342
4/11/2010,354
4/12/2010,320
4/13/2010,332
4/14/2010,252
4/15/2010,353
4/16/2010,585
4/17/2010,354
4/18/2010,275
4/19/2010,3626
4/20/2010,379
4/21/2010,356
4/22/2010,309
4/23/2010,283
4/24/2010,304
4/25/2010,356
4/26/2010,369
4/27/2010,325
4/28/2010,300
4/29/2010,332
4/30/2010,275
5/1/2010,273
5/2/2010,273
5/3/2010,279
5/4/2010,340
5/5/2010,370
5/6/2010,397
5/7/2010,452
5/8/2010,329
5/9/2010,416
5/10/2010,353
5/11/2010,362
5/12/2010,271
5/13/2010,368
5/14/2010,343
5/15/2010,1556
5/16/2010,2214
5/17/2010,274
5/18/2010,348
5/19/2010,343
5/20/2010,335
5/21/2010,284
5/22/2010,363
5/23/2010,435
5/24/2010,368
5/25/2010,311
5/26/2010,298
5/27/2010,337
5/28/2010,362
5/29/2010,295
5/30/2010,355
5/31/2010,311
6/1/2010,336
6/2/2010,319
6/3/2010,301
6/4/2010,456
6/5/2010,298
6/6/2010,321
6/7/2010,335
6/8/2010,462
6/9/2010,351
6/10/2010,355
6/11/2010,313
6/12/2010,370
6/13/2010,370
6/14/2010,362
6/15/2010,440
6/16/2010,363
6/17/2010,406
6/18/2010,320
6/19/2010,333
6/20/2010,485
6/21/2010,294
6/22/2010,398
6/23/2010,391
6/24/2010,351
6/25/2010,362
6/26/2010,311
6/27/2010,290
6/28/2010,313
6/29/2010,346
6/30/2010,452
7/1/2010,1197
7/2/2010,361
7/3/2010,705
7/4/2010,319
7/5/2010,471
7/6/2010,361
7/7/2010,300
7/8/2010,426
7/9/2010,339
7/10/2010,310
7/11/2010,341
7/12/2010,601
7/13/2010,887
7/14/2010,524
7/15/2010,2844
7/16/2010,874
7/17/2010,613
7/18/2010,805
7/19/2010,796
7/20/2010,800
7/21/2010,1091
7/22/2010,604
7/23/2010,572
7/24/2010,531
7/25/2010,1520
7/26/2010,3224
7/27/2010,1003
7/28/2010,764
7/29/2010,4922
7/30/2010,1125
7/31/2010,614
8/1/2010,473
8/2/2010,431
8/3/2010,438
8/4/2010,836
8/5/2010,477
8/6/2010,935
8/7/2010,873
8/8/2010,521
8/9/2010,528
8/10/2010,1565
8/11/2010,479
8/12/2010,507
8/13/2010,511
8/14/2010,770
8/15/2010,494
8/16/2010,438
8/17/2010,1030
8/18/2010,683
8/19/2010,1970
8/20/2010,625
8/21/2010,595
8/22/2010,538
8/23/2010,472
8/24/2010,489
8/25/2010,838
8/26/2010,416
8/27/2010,563
8/28/2010,470
8/29/2010,610
8/30/2010,438
8/31/2010,701
9/1/2010,939
9/2/2010,916
9/3/2010,574
9/4/2010,507
9/5/2010,421
9/6/2010,534
9/7/2010,511
9/8/2010,470
9/9/2010,558
9/10/2010,754
9/11/2010,538
9/12/2010,496
9/13/2010,696
9/14/2010,779
9/15/2010,610
9/16/2010,772
9/17/2010,536
9/18/2010,729
9/19/2010,461
9/20/2010,511
9/21/2010,710
9/22/2010,1544
9/23/2010,1276
9/24/2010,804
9/25/2010,609
9/26/2010,797
9/27/2010,589
9/28/2010,932
9/29/2010,1228
9/30/2010,2202
10/1/2010,754
10/2/2010,1120
10/3/2010,1847
10/4/2010,881
10/5/2010,931
10/6/2010,984
10/7/2010,702
10/8/2010,674
10/9/2010,864
10/10/2010,905
10/11/2010,634
10/12/2010,661
10/13/2010,694
10/14/2010,885
10/15/2010,550
10/16/2010,533
10/17/2010,571
10/18/2010,488
10/19/2010,732
10/20/2010,1167
10/21/2010,895
10/22/2010,949
10/23/2010,1248
10/24/2010,901
10/25/2010,785
10/26/2010,666
10/27/2010,665
10/28/2010,871
10/29/2010,746
10/30/2010,712
10/31/2010,474
11/1/2010,567
11/2/2010,579
11/3/2010,423
11/4/2010,521
11/5/2010,548
11/6/2010,698
11/7/2010,508
11/8/2010,529
11/9/2010,844
11/10/2010,549
11/11/2010,550
11/12/2010,506
11/13/2010,468
11/14/2010,448
11/15/2010,580
11/16/2010,9663
11/17/2010,10038
11/18/2010,503
11/19/2010,1906
11/20/2010,14332
11/21/2010,18303
11/22/2010,16380
11/23/2010,656
11/24/2010,702
11/25/2010,5827
11/26/2010,9248
11/27/2010,1864
11/28/2010,744
11/29/2010,717
11/30/2010,693
12/1/2010,661
12/2/2010,878
12/3/2010,667
12/4/2010,701
12/5/2010,575
12/6/2010,481
12/7/2010,508
12/8/2010,748
12/9/2010,622
12/10/2010,664
12/11/2010,774
12/12/2010,892
12/13/2010,1076
12/14/2010,1761
12/15/2010,1017
12/16/2010,910
12/17/2010,892
12/18/2010,979
12/19/2010,888
12/20/2010,1039
12/21/2010,1680
12/22/2010,928
12/23/2010,1262
12/24/2010,1094
12/25/2010,1002
12/26/2010,1003
12/27/2010,1143
12/28/2010,1120
12/29/2010,1086
12/30/2010,1044
12/31/2010,1005
1/1/2011,929
1/2/2011,1103
1/3/2011,1065
1/4/2011,2528
1/5/2011,1778
1/6/2011,2460
1/7/2011,1487
1/8/2011,1724
1/9/2011,2206
1/10/2011,2154
1/11/2011,2349
1/12/2011,2287
1/13/2011,1902
1/14/2011,2039
1/15/2011,2058
1/16/2011,1927
1/17/2011,1627
1/18/2011,1351
1/19/2011,1915
1/20/2011,1668
1/21/2011,1441
1/22/2011,2174
1/23/2011,3214
1/24/2011,2145
1/25/2011,2334
1/26/2011,1640
1/27/2011,1872
1/28/2011,1651
1/29/2011,2202
1/30/2011,2925
1/31/2011,6729
2/1/2011,2775
2/2/2011,2587
2/3/2011,1949
2/4/2011,1460
2/5/2011,1501
2/6/2011,1586
2/7/2011,1685
2/8/2011,1316
2/9/2011,1615
2/10/2011,1973
2/11/2011,3699
2/12/2011,3830
2/13/2011,3075
2/14/2011,2724
2/15/2011,3790
2/16/2011,2906
2/17/2011,2604
2/18/2011,2962
2/19/2011,3272
2/20/2011,3104
2/21/2011,2896
2/22/2011,2909
2/23/2011,3234
2/24/2011,2904
2/25/2011,3093
2/26/2011,2842
2/27/2011,2169
2/28/2011,2991
3/1/2011,3826
3/2/2011,6904
3/3/2011,3643
3/4/2011,5045
3/5/2011,3144
3/6/2011,3004
3/7/2011,2375
3/8/2011,3029
3/9/2011,4480
3/10/2011,3928
3/11/2011,5008
3/12/2011,4800
3/13/2011,6235
3/14/2011,6899
3/15/2011,7380
3/16/2011,8201
3/17/2011,7227
3/18/2011,6431
3/19/2011,7063
3/20/2011,7673
3/21/2011,9838
3/22/2011,10909
3/23/2011,6344
3/24/2011,8778
3/25/2011,5278
3/26/2011,4363
3/27/2011,8066
3/28/2011,6837
3/29/2011,6656
3/30/2011,5296
3/31/2011,4101
4/1/2011,3894
4/2/2011,3464
4/3/2011,3603
4/4/2011,3500
4/5/2011,4738
4/6/2011,3871
4/7/2011,4402
4/8/2011,4153
4/9/2011,4186
4/10/2011,4001
4/11/2011,3855
4/12/2011,4810
4/13/2011,5536
4/14/2011,4973
4/15/2011,6547
4/16/2011,7073
4/17/2011,5833
4/18/2011,4688
4/19/2011,7471
4/20/2011,8176
4/21/2011,9014
4/22/2011,4707
4/23/2011,4383
4/24/2011,5707
4/25/2011,5872
4/26/2011,5969
4/27/2011,6441
4/28/2011,10617
4/29/2011,7448
4/30/2011,6909
5/1/2011,9501
5/2/2011,9342
5/3/2011,5748
5/4/2011,6203
5/5/2011,5906
5/6/2011,6707
5/7/2011,6263
5/8/2011,6231
5/9/2011,5514
5/10/2011,6160
5/11/2011,7854
5/12/2011,7155
5/13/2011,8447
5/14/2011,9410
5/15/2011,7802
5/16/2011,7780
5/17/2011,7909
5/18/2011,7431
5/19/2011,8292
5/20/2011,11360
5/21/2011,9537
5/22/2011,8881
5/23/2011,8194
5/24/2011,8241
5/25/2011,7618
5/26/2011,8764
5/27/2011,9443
5/28/2011,11321
5/29/2011,12685
5/30/2011,11036
5/31/2011,14253
6/1/2011,17036
6/2/2011,14705
6/3/2011,15988
6/4/2011,19926
6/5/2011,17018
6/6/2011,15572
6/7/2011,18453
6/8/2011,21449
6/9/2011,30844
6/10/2011,23402
6/11/2011,21109
6/12/2011,17631
6/13/2011,22932
6/14/2011,21172
6/15/2011,22678
6/16/2011,19545
6/17/2011,30031
6/18/2011,26804
6/19/2011,24086
6/20/2011,22050
6/21/2011,18151
6/22/2011,16017
6/23/2011,16764
6/24/2011,16795
6/25/2011,20142
6/26/2011,28053
6/27/2011,29662
6/28/2011,32119
6/29/2011,27889
6/30/2011,24368
7/1/2011,20560
7/2/2011,26789
7/3/2011,21985
7/4/2011,20295
7/5/2011,24295
7/6/2011,29272
7/7/2011,29872
7/8/2011,28563
7/9/2011,22183
7/10/2011,22515
7/11/2011,29530
7/12/2011,26552
7/13/2011,24890
7/14/2011,19825
7/15/2011,26536
7/16/2011,20815
7/17/2011,23379
7/18/2011,21280
7/19/2011,26932
7/20/2011,29426
7/21/2011,25736
7/22/2011,24160
7/23/2011,25498
7/24/2011,22286
7/25/2011,22266
7/26/2011,25856
7/27/2011,21118
7/28/2011,21166
7/29/2011,23991
7/30/2011,18935
7/31/2011,16630
8/1/2011,20120
8/2/2011,23267
8/3/2011,24407
8/4/2011,22303
8/5/2011,27140
8/6/2011,22903
8/7/2011,25190
8/8/2011,22253
8/9/2011,27378
8/10/2011,28220
8/11/2011,22691
8/12/2011,22600
8/13/2011,22829
8/14/2011,24830
8/15/2011,25803
8/16/2011,28782
8/17/2011,27646
8/18/2011,25837
8/19/2011,22431
8/20/2011,26860
8/21/2011,20186
8/22/2011,19986
8/23/2011,21050
8/24/2011,20461
8/25/2011,24081
8/26/2011,23284
8/27/2011,23144
8/28/2011,25192
8/29/2011,20836
8/30/2011,25348
8/31/2011,21658
9/1/2011,18974
9/2/2011,23326
9/3/2011,18756
9/4/2011,16898
9/5/2011,40306
9/6/2011,19663
9/7/2011,23500
9/8/2011,22083
9/9/2011,21994
9/10/2011,25237
9/11/2011,21928
9/12/2011,24256
9/13/2011,22067
9/14/2011,19155
9/15/2011,18395
9/16/2011,18421
9/17/2011,22184
9/18/2011,16575
9/19/2011,15742
9/20/2011,24918
9/21/2011,28445
9/22/2011,25901
9/23/2011,17410
9/24/2011,19646
9/25/2011,20903
9/26/2011,19523
9/27/2011,17772
9/28/2011,19864
9/29/2011,16930
9/30/2011,17402
10/1/2011,20190
10/2/2011,16284
10/3/2011,17467
10/4/2011,18188
10/5/2011,21727
10/6/2011,17074
10/7/2011,20394
10/8/2011,17921
10/9/2011,19029
10/10/2011,18423
10/11/2011,19896
10/12/2011,29473
10/13/2011,21613
10/14/2011,20970
10/15/2011,19026
10/16/2011,17303
10/17/2011,17958
10/18/2011,23483
10/19/2011,17940
10/20/2011,15982
10/21/2011,16286
10/22/2011,16226
10/23/2011,23104
10/24/2011,21218
10/25/2011,18329
10/26/2011,16881
10/27/2011,19334
10/28/2011,20307
10/29/2011,19806
10/30/2011,22417
10/31/2011,17488
11/1/2011,16047
11/2/2011,15598
11/3/2011,15803
11/4/2011,19627
11/5/2011,18293
11/6/2011,16756
11/7/2011,13508
11/8/2011,18157
11/9/2011,17927
11/10/2011,17504
11/11/2011,19802
11/12/2011,19245
11/13/2011,14100
11/14/2011,15541
11/15/2011,17613
11/16/2011,17207
11/17/2011,19306
11/18/2011,16121
11/19/2011,16959
11/20/2011,16346
11/21/2011,16460
11/22/2011,17260
11/23/2011,16620
11/24/2011,16800
11/25/2011,20032
11/26/2011,16808
11/27/2011,17146
11/28/2011,18173
11/29/2011,20105
11/30/2011,22449
12/1/2011,20202
12/2/2011,16403
12/3/2011,17832
12/4/2011,16832
12/5/2011,16402
12/6/2011,17029
12/7/2011,19650
12/8/2011,19649
12/9/2011,16934
12/10/2011,15820
12/11/2011,16814
12/12/2011,17171
12/13/2011,19234
12/14/2011,18256
12/15/2011,15774
12/16/2011,19154
12/17/2011,18533
12/18/2011,13923
12/19/2011,13783
12/20/2011,17242
12/21/2011,25474
12/22/2011,16083
12/23/2011,17629
12/24/2011,15785
12/25/2011,13382
12/26/2011,13163
12/27/2011,13648
12/28/2011,15996
12/29/2011,14672
12/30/2011,16592
12/31/2011,14742
1/1/2012,16476
1/2/2012,17265
1/3/2012,19465
1/4/2012,18035
1/5/2012,19630
1/6/2012,24979
1/7/2012,20818
1/8/2012,17260
1/9/2012,20137
1/10/2012,21130
1/11/2012,28644
1/12/2012,27547
1/13/2012,20445
1/14/2012,21284
1/15/2012,20530
1/16/2012,20387
1/17/2012,19607
1/18/2012,20300
1/19/2012,24247
1/20/2012,21163
1/21/2012,20779
1/22/2012,18149
1/23/2012,16801
1/24/2012,16812
1/25/2012,23026
1/26/2012,25185
1/27/2012,21156
1/28/2012,21171
1/29/2012,19509
1/30/2012,17780
1/31/2012,15602
2/1/2012,22351
2/2/2012,21172
2/3/2012,21180
2/4/2012,21315
2/5/2012,20815
2/6/2012,21022
2/7/2012,19190
2/8/2012,21753
2/9/2012,21359
2/10/2012,23023
2/11/2012,28315
2/12/2012,22686
2/13/2012,19620
2/14/2012,26869
2/15/2012,32405
2/16/2012,30659
2/17/2012,30977
2/18/2012,18762
2/19/2012,16047
2/20/2012,16453
2/21/2012,19885
2/22/2012,22288
2/23/2012,19525
2/24/2012,23276
2/25/2012,21869
2/26/2012,17817
2/27/2012,17937
2/28/2012,19990
2/29/2012,19158
3/1/2012,17384
3/2/2012,22475
3/3/2012,28437
3/4/2012,20354
3/5/2012,20902
3/6/2012,24401
3/7/2012,23403
3/8/2012,19258
3/9/2012,19708
3/10/2012,18919
3/11/2012,18974
3/12/2012,18057
3/13/2012,18852
3/14/2012,24389
3/15/2012,26318
3/16/2012,24741
3/17/2012,19901
3/18/2012,18617
3/19/2012,16346
3/20/2012,21515
3/21/2012,18303
3/22/2012,20017
3/23/2012,18964
3/24/2012,21156
3/25/2012,14790
3/26/2012,18091
3/27/2012,21750
3/28/2012,19119
3/29/2012,21697
3/30/2012,24529
3/31/2012,20387
4/1/2012,16542
4/2/2012,18478
4/3/2012,26688
4/4/2012,26776
4/5/2012,23709
4/6/2012,30910
4/7/2012,24338
4/8/2012,21163
4/9/2012,17627
4/10/2012,20506
4/11/2012,25084
4/12/2012,27537
4/13/2012,28218
4/14/2012,27316
4/15/2012,25134
4/16/2012,29361
4/17/2012,27019
4/18/2012,29593
4/19/2012,32759
4/20/2012,23255
4/21/2012,28089
4/22/2012,22538
4/23/2012,20799
4/24/2012,25705
4/25/2012,24850
4/26/2012,27232
4/27/2012,27813
4/28/2012,24241
4/29/2012,21896
4/30/2012,19234
5/1/2012,23154
5/2/2012,28570
5/3/2012,31458
5/4/2012,38819
5/5/2012,40385
5/6/2012,33023
5/7/2012,34755
5/8/2012,48385
5/9/2012,43481
5/10/2012,48697
5/11/2012,47689
5/12/2012,53488
5/13/2012,61901
5/14/2012,47537
5/15/2012,89899
5/16/2012,80219
5/17/2012,67124
5/18/2012,69625
5/19/2012,75225
5/20/2012,109566
5/21/2012,92588
5/22/2012,111017
5/23/2012,92410
5/24/2012,90690
5/25/2012,96882
5/26/2012,104803
5/27/2012,68757
5/28/2012,73479
5/29/2012,93699
5/30/2012,107227
5/31/2012,88271
6/1/2012,67089
6/2/2012,78591
6/3/2012,36918
6/4/2012,99387
6/5/2012,130284
6/6/2012,123487
6/7/2012,51285
6/8/2012,103476
6/9/2012,80657
6/10/2012,84364
6/11/2012,101069
6/12/2012,102546
6/13/2012,61316
6/14/2012,157078
6/15/2012,180194
6/16/2012,156504
6/17/2012,123663
6/18/2012,113803
6/19/2012,97293
6/20/2012,115414
6/21/2012,106130
6/22/2012,92134
6/23/2012,77474
6/24/2012,64844
6/25/2012,77674
6/26/2012,84098
6/27/2012,88173
6/28/2012,81587
6/29/2012,87881
6/30/2012,65968
7/1/2012,70219
7/2/2012,58101
7/3/2012,69980
7/4/2012,57333
7/5/2012,67907
7/6/2012,69507
7/7/2012,68749
7/8/2012,64505
7/9/2012,57328
7/10/2012,69084
7/11/2012,101919
7/12/2012,102062
7/13/2012,71778
7/14/2012,70760
7/15/2012,60033
7/16/2012,82429
7/17/2012,95091
7/18/2012,91054
7/19/2012,97228
7/20/2012,108676
7/21/2012,110244
7/22/2012,106357
7/23/2012,95038
7/24/2012,93495
7/25/2012,78732
7/26/2012,68637
7/27/2012,78491
7/28/2012,63330
7/29/2012,94766
7/30/2012,87456
7/31/2012,89713
8/1/2012,140815
8/2/2012,97625
8/3/2012,86571
8/4/2012,71648
8/5/2012,83448
8/6/2012,99428
8/7/2012,101716
8/8/2012,70186
8/9/2012,97693
8/10/2012,79574
8/11/2012,72526
8/12/2012,77756
8/13/2012,90821
8/14/2012,126858
8/15/2012,96098
8/16/2012,144626
8/17/2012,125452
8/18/2012,127492
8/19/2012,99412
8/20/2012,99674
8/21/2012,92614
8/22/2012,103555
8/23/2012,94493
8/24/2012,76741
8/25/2012,87068
8/26/2012,98520
8/27/2012,68466
8/28/2012,96952
8/29/2012,83512
8/30/2012,81394
8/31/2012,91193
9/1/2012,121544
9/2/2012,101649
9/3/2012,85600
9/4/2012,106726
9/5/2012,113038
9/6/2012,100140
9/7/2012,103693
9/8/2012,84072
9/9/2012,91707
9/10/2012,82318
9/11/2012,94140
9/12/2012,113586
9/13/2012,75845
9/14/2012,100412
9/15/2012,100856
9/16/2012,81608
9/17/2012,79221
9/18/2012,66265
9/19/2012,83574
9/20/2012,99259
9/21/2012,86872
9/22/2012,80031
9/23/2012,72743
9/24/2012,80910
9/25/2012,84970
9/26/2012,76643
9/27/2012,99359
9/28/2012,76206
9/29/2012,97427
9/30/2012,65290
10/1/2012,64830
10/2/2012,93736
10/3/2012,105167
10/4/2012,103502
10/5/2012,121405
10/6/2012,112764
10/7/2012,102892
10/8/2012,128263
10/9/2012,96649
10/10/2012,115579
10/11/2012,96222
10/12/2012,88458
10/13/2012,90262
10/14/2012,103723
10/15/2012,101915
10/16/2012,88363
10/17/2012,100865
10/18/2012,114218
10/19/2012,91061
10/20/2012,95387
10/21/2012,91232
10/22/2012,116295
10/23/2012,120004
10/24/2012,120376
10/25/2012,96812
10/26/2012,89552
10/27/2012,65274
10/28/2012,47590
10/29/2012,51841
10/30/2012,73942
10/31/2012,98520
11/1/2012,89138
11/2/2012,82138
11/3/2012,91938
11/4/2012,76623
11/5/2012,73334
11/6/2012,97322
11/7/2012,111490
11/8/2012,104170
11/9/2012,98042
11/10/2012,76786
11/11/2012,88160
11/12/2012,71741
11/13/2012,84030
11/14/2012,85334
11/15/2012,97110
11/16/2012,119367
11/17/2012,125464
11/18/2012,118945
11/19/2012,106573
11/20/2012,112262
11/21/2012,115532
11/22/2012,119354
11/23/2012,100925
11/24/2012,99559
11/25/2012,89420
11/26/2012,117206
11/27/2012,110731
11/28/2012,87791
11/29/2012,100995
11/30/2012,102638
12/1/2012,109802
12/2/2012,90191
12/3/2012,66550
12/4/2012,73164
12/5/2012,141596
12/6/2012,135667
12/7/2012,125304
12/8/2012,113750
12/9/2012,102771
12/10/2012,117675
12/11/2012,119392
12/12/2012,119343
12/13/2012,135168
12/14/2012,144706
12/15/2012,167333
12/16/2012,128041
12/17/2012,145182
12/18/2012,134110
12/19/2012,178600
12/20/2012,140347
12/21/2012,151748
12/22/2012,152321
12/23/2012,137436
12/24/2012,137960
12/25/2012,133101
12/26/2012,105819
12/27/2012,116107
12/28/2012,130856
12/29/2012,128212
12/30/2012,125492
12/31/2012,109551
1/1/2013,91204
1/2/2013,91001
1/3/2013,110738
1/4/2013,111263
1/5/2013,139526
1/6/2013,118621
1/7/2013,101105
1/8/2013,107847
1/9/2013,148230
1/10/2013,149702
1/11/2013,161800
1/12/2013,188730
1/13/2013,163724
1/14/2013,164520
1/15/2013,123908
1/16/2013,162779
1/17/2013,176133
1/18/2013,203803
1/19/2013,187832
1/20/2013,156355
1/21/2013,140981
1/22/2013,140444
1/23/2013,141363
1/24/2013,177540
1/25/2013,149790
1/26/2013,166470
1/27/2013,153648
1/28/2013,158003
1/29/2013,170671
1/30/2013,155522
1/31/2013,126456
2/1/2013,126598
2/2/2013,175460
2/3/2013,159940
2/4/2013,147553
2/5/2013,154649
2/6/2013,142600
2/7/2013,128181
2/8/2013,182737
2/9/2013,178761
2/10/2013,178647
2/11/2013,153341
2/12/2013,166345
2/13/2013,192830
2/14/2013,158038
2/15/2013,158265
2/16/2013,143473
2/17/2013,127727
2/18/2013,125396
2/19/2013,144948
2/20/2013,157762
2/21/2013,151115
2/22/2013,141915
2/23/2013,166996
2/24/2013,163465
2/25/2013,159065
2/26/2013,150838
2/27/2013,173904
2/28/2013,146748
3/1/2013,173618
3/2/2013,196820
3/3/2013,180252
3/4/2013,154153
3/5/2013,164466
3/6/2013,195238
3/7/2013,194646
3/8/2013,203918
3/9/2013,160692
3/10/2013,155948
3/11/2013,184176
3/12/2013,171837
3/13/2013,181341
3/14/2013,167195
3/15/2013,157236
3/16/2013,173227
3/17/2013,98367
3/18/2013,81113
3/19/2013,108537
3/20/2013,131748
3/21/2013,104027
3/22/2013,127913
3/23/2013,130747
3/24/2013,123908
3/25/2013,133243
3/26/2013,163337
3/27/2013,164741
3/28/2013,188180
3/29/2013,176507
3/30/2013,176510
3/31/2013,195250
4/1/2013,142549
4/2/2013,139736
4/3/2013,174997
4/4/2013,187956
4/5/2013,217426
4/6/2013,189161
4/7/2013,159379
4/8/2013,205222
4/9/2013,196914
4/10/2013,181858
4/11/2013,166622
4/12/2013,217548
4/13/2013,161328
4/14/2013,144319
4/15/2013,179977
4/16/2013,161085
4/17/2013,178503
4/18/2013,164677
4/19/2013,149028
4/20/2013,208284
4/21/2013,154309
4/22/2013,124137
4/23/2013,147409
4/24/2013,175061
4/25/2013,210217
4/26/2013,173346
4/27/2013,158547
4/28/2013,143831
4/29/2013,124094
4/30/2013,151039
5/1/2013,177354
5/2/2013,172717
5/3/2013,195308
5/4/2013,181476
5/5/2013,159006
5/6/2013,153430
5/7/2013,160639
5/8/2013,173627
5/9/2013,156409
5/10/2013,190137
5/11/2013,190609
5/12/2013,191621
5/13/2013,179963
5/14/2013,167824
5/15/2013,204249
5/16/2013,214905
5/17/2013,201883
5/18/2013,174933
5/19/2013,167492
5/20/2013,139749
5/21/2013,180960
5/22/2013,174215
5/23/2013,159164
5/24/2013,162718
5/25/2013,157206
5/26/2013,148213
5/27/2013,133254
5/28/2013,150440
5/29/2013,172203
5/30/2013,158696
5/31/2013,154689
6/1/2013,147938
6/2/2013,123942
6/3/2013,122252
6/4/2013,126917
6/5/2013,127943
6/6/2013,148951
6/7/2013,143326
6/8/2013,155404
6/9/2013,121179
6/10/2013,135122
6/11/2013,119499
6/12/2013,121451
6/13/2013,106947
6/14/2013,110255
6/15/2013,127662
6/16/2013,96991
6/17/2013,107297
6/18/2013,145427
6/19/2013,147081
6/20/2013,160518
6/21/2013,162216
6/22/2013,129305
6/23/2013,117450
6/24/2013,106079
6/25/2013,136646
6/26/2013,126446
6/27/2013,124724
6/28/2013,124617
6/29/2013,136992
6/30/2013,104891
7/1/2013,90653
7/2/2013,113729
7/3/2013,116909
7/4/2013,85728
7/5/2013,97434
7/6/2013,89943
7/7/2013,83602
7/8/2013,77332
7/9/2013,94191
7/10/2013,103268
7/11/2013,94313
7/12/2013,116675
7/13/2013,153611
7/14/2013,114192
7/15/2013,93785
7/16/2013,107071
7/17/2013,113518
7/18/2013,98762
7/19/2013,116459
7/20/2013,96849
7/21/2013,84890
7/22/2013,81403
7/23/2013,109813
7/24/2013,124581
7/25/2013,126122
7/26/2013,138002
7/27/2013,107352
7/28/2013,92655
7/29/2013,108722
7/30/2013,107158
7/31/2013,103415
8/1/2013,123546
8/2/2013,135472
8/3/2013,121656
8/4/2013,121475
8/5/2013,116383
8/6/2013,119451
8/7/2013,126586
8/8/2013,136223
8/9/2013,124562
8/10/2013,114747
8/11/2013,109998
8/12/2013,81434
8/13/2013,134742
8/14/2013,141843
8/15/2013,142704
8/16/2013,161667
8/17/2013,182188
8/18/2013,133503
8/19/2013,130910
8/20/2013,175558
8/21/2013,150097
8/22/2013,141868
8/23/2013,130282
8/24/2013,133340
8/25/2013,130868
8/26/2013,146562
8/27/2013,147798
8/28/2013,176375
8/29/2013,161175
8/30/2013,133569
8/31/2013,137213
9/1/2013,97047
9/2/2013,95419
9/3/2013,107740
9/4/2013,130918
9/5/2013,144321
9/6/2013,143679
9/7/2013,151220
9/8/2013,152700
9/9/2013,128931
9/10/2013,126054
9/11/2013,124025
9/12/2013,105988
9/13/2013,117038
9/14/2013,102139
9/15/2013,86820
9/16/2013,140466
9/17/2013,165586
9/18/2013,166125
9/19/2013,160340
9/20/2013,138825
9/21/2013,128537
9/22/2013,123964
9/23/2013,114267
9/24/2013,138320
9/25/2013,131160
9/26/2013,120718
9/27/2013,158249
9/28/2013,122432
9/29/2013,114872
9/30/2013,112454
10/1/2013,133197
10/2/2013,142444
10/3/2013,159394
10/4/2013,146453
10/5/2013,128728
10/6/2013,95692
10/7/2013,114282
10/8/2013,148923
10/9/2013,124486
10/10/2013,135491
10/11/2013,138272
10/12/2013,125480
10/13/2013,114332
10/14/2013,110979
10/15/2013,113616
10/16/2013,101951
10/17/2013,116134
10/18/2013,136182
10/19/2013,140810
10/20/2013,133879
10/21/2013,118027
10/22/2013,139854
10/23/2013,136689
10/24/2013,134023
10/25/2013,158913
10/26/2013,126208
10/27/2013,126356
10/28/2013,116898
10/29/2013,135705
10/30/2013,146630
10/31/2013,125518
11/1/2013,133096
11/2/2013,105448
11/3/2013,107670
11/4/2013,101553
11/5/2013,123528
11/6/2013,157794
11/7/2013,187658
11/8/2013,215620
11/9/2013,232769
11/10/2013,201108
11/11/2013,169123
11/12/2013,149807
11/13/2013,141445
11/14/2013,190077
11/15/2013,181674
11/16/2013,174454
11/17/2013,115890
11/18/2013,145240
11/19/2013,260450
11/20/2013,309624
11/21/2013,227269
11/22/2013,280204
11/23/2013,227469
11/24/2013,205002
11/25/2013,182201
11/26/2013,189564
11/27/2013,267402
11/28/2013,254373
11/29/2013,249069
11/30/2013,248972
12/1/2013,199875
12/2/2013,186364
12/3/2013,232667
12/4/2013,184438
12/5/2013,236402
12/6/2013,240174
12/7/2013,166025
12/8/2013,161024
12/9/2013,121458
12/10/2013,178002
12/11/2013,192075
12/12/2013,192753
12/13/2013,167369
12/14/2013,181527
12/15/2013,164440
12/16/2013,172589
12/17/2013,182371
12/18/2013,165445
12/19/2013,204223
12/20/2013,148422
12/21/2013,189440
12/22/2013,170940
12/23/2013,161170
12/24/2013,166752
12/25/2013,169577
12/26/2013,172575
12/27/2013,168359
12/28/2013,149895
12/29/2013,173161
12/30/2013,174695
12/31/2013,174700
1/1/2014,143632
1/2/2014,103983
1/3/2014,214144
1/4/2014,199278
1/5/2014,185086
1/6/2014,164581
1/7/2014,205240
1/8/2014,175306
1/9/2014,157030
1/10/2014,142338
1/11/2014,148319
1/12/2014,140952
1/13/2014,124276
1/14/2014,168868
1/15/2014,172018
1/16/2014,166060
1/17/2014,156114
1/18/2014,191059
1/19/2014,143541
1/20/2014,142382
1/21/2014,185730
1/22/2014,221228
1/23/2014,169687
1/24/2014,184106
1/25/2014,173528
1/26/2014,163508
1/27/2014,178198
1/28/2014,187868
1/29/2014,216759
1/30/2014,194226
1/31/2014,175023
2/1/2014,163660
2/2/2014,156086
2/3/2014,154306
2/4/2014,185444
2/5/2014,217286
2/6/2014,221012
2/7/2014,209593
2/8/2014,251875
2/9/2014,181289
2/10/2014,213520
2/11/2014,208249
2/12/2014,200585
2/13/2014,248499
2/14/2014,222758
2/15/2014,222948
2/16/2014,179307
2/17/2014,152879
2/18/2014,212078
2/19/2014,219630
2/20/2014,211008
2/21/2014,223057
2/22/2014,258361
2/23/2014,181995
2/24/2014,209179
2/25/2014,228364
2/26/2014,281984
2/27/2014,229496
2/28/2014,210571
3/1/2014,244767
3/2/2014,250611
3/3/2014,243418
3/4/2014,336348
3/5/2014,350082
3/6/2014,287082
3/7/2014,239786
3/8/2014,250560
3/9/2014,211160
3/10/2014,198054
3/11/2014,283056
3/12/2014,252994
3/13/2014,238581
3/14/2014,261116
3/15/2014,299419
3/16/2014,183412
3/17/2014,169459
3/18/2014,207166
3/19/2014,180745
3/20/2014,220015
3/21/2014,225536
3/22/2014,225338
3/23/2014,246091
3/24/2014,147079
3/25/2014,211703
3/26/2014,251697
3/27/2014,240373
3/28/2014,243223
3/29/2014,213549
3/30/2014,176670
3/31/2014,227632
4/1/2014,210756
4/2/2014,219863
4/3/2014,192463
4/4/2014,179616
4/5/2014,196675
4/6/2014,189583
4/7/2014,216154
4/8/2014,244615
4/9/2014,295072
4/10/2014,238502
4/11/2014,258918
4/12/2014,219357
4/13/2014,169209
4/14/2014,162310
4/15/2014,216256
4/16/2014,246899
4/17/2014,266256
4/18/2014,226879
4/19/2014,203530
4/20/2014,192754
4/21/2014,169810
4/22/2014,198689
4/23/2014,280027
4/24/2014,248623
4/25/2014,271216
4/26/2014,228758
4/27/2014,176764
4/28/2014,182352
4/29/2014,240761
4/30/2014,226559
5/1/2014,272046
5/2/2014,192622
5/3/2014,212661
5/4/2014,202367
5/5/2014,210824
5/6/2014,286415
5/7/2014,216162
5/8/2014,245742
5/9/2014,231305
5/10/2014,217955
5/11/2014,171294
5/12/2014,221002
5/13/2014,255924
5/14/2014,228638
5/15/2014,261076
5/16/2014,247998
5/17/2014,210394
5/18/2014,191906
5/19/2014,186776
5/20/2014,234469
5/21/2014,251709
5/22/2014,239456
5/23/2014,242425
5/24/2014,256063
5/25/2014,188557
5/26/2014,219928
5/27/2014,244783
5/28/2014,304195
5/29/2014,248000
5/30/2014,265899
5/31/2014,225279
6/1/2014,203100
6/2/2014,208301
6/3/2014,200011
6/4/2014,232495
6/5/2014,209229
6/6/2014,259122
6/7/2014,272074
6/8/2014,189366
6/9/2014,226043
6/10/2014,226410
6/11/2014,243536
6/12/2014,251765
6/13/2014,227879
6/14/2014,231663
6/15/2014,176655
6/16/2014,173472
6/17/2014,216350
6/18/2014,213012
6/19/2014,233088
6/20/2014,225858
6/21/2014,179928
6/22/2014,166775
6/23/2014,179510
6/24/2014,203570
6/25/2014,201846
6/26/2014,202595
6/27/2014,205912
6/28/2014,182951
6/29/2014,180216
6/30/2014,200568
7/1/2014,327586
7/2/2014,329600
7/3/2014,288689
7/4/2014,263299
7/5/2014,197863
7/6/2014,182103
7/7/2014,234629
7/8/2014,259454
7/9/2014,284431
7/10/2014,258228
7/11/2014,249061
7/12/2014,232395
7/13/2014,195396
7/14/2014,210344
7/15/2014,269383
7/16/2014,254322
7/17/2014,263546
7/18/2014,225033
7/19/2014,223786
7/20/2014,186803
7/21/2014,219911
7/22/2014,242483
7/23/2014,273854
7/24/2014,256704
7/25/2014,268292
7/26/2014,233654
7/27/2014,231154
7/28/2014,218209
7/29/2014,255104
7/30/2014,246598
7/31/2014,229201
8/1/2014,262754
8/2/2014,238193
8/3/2014,190628
8/4/2014,204657
8/5/2014,298745
8/6/2014,333193
8/7/2014,275755
8/8/2014,248918
8/9/2014,251189
8/10/2014,193530
8/11/2014,210783
8/12/2014,239411
8/13/2014,264410
8/14/2014,312411
8/15/2014,266003
8/16/2014,261464
8/17/2014,300173
8/18/2014,213096
8/19/2014,209596
8/20/2014,222263
8/21/2014,241119
8/22/2014,251495
8/23/2014,248043
8/24/2014,197042
8/25/2014,245535
8/26/2014,288774
8/27/2014,244288
8/28/2014,255952
8/29/2014,223515
8/30/2014,208827
8/31/2014,188125
9/1/2014,181314
9/2/2014,293168
9/3/2014,286580
9/4/2014,232598
9/5/2014,251940
9/6/2014,282067
9/7/2014,188864
9/8/2014,250620
9/9/2014,302755
9/10/2014,361914
9/11/2014,302347
9/12/2014,212334
9/13/2014,239517
9/14/2014,179212
9/15/2014,277922
9/16/2014,286797
9/17/2014,303813
9/18/2014,236100
9/19/2014,233777
9/20/2014,224258
9/21/2014,210502
9/22/2014,213577
9/23/2014,262864
9/24/2014,307774
9/25/2014,286954
9/26/2014,283777
9/27/2014,312748
9/28/2014,285023
9/29/2014,330639
9/30/2014,329466
10/1/2014,294541
10/2/2014,301097
10/3/2014,304473
10/4/2014,288692
10/5/2014,275646
10/6/2014,267946
10/7/2014,280561
10/8/2014,337423
10/9/2014,304205
10/10/2014,301309
10/11/2014,279418
10/12/2014,249927
10/13/2014,294063
10/14/2014,294310
10/15/2014,378462
10/16/2014,290342
10/17/2014,283504
10/18/2014,281900
10/19/2014,226637
10/20/2014,321526
10/21/2014,339027
10/22/2014,307311
10/23/2014,287805
10/24/2014,307327
10/25/2014,281311
10/26/2014,253667
10/27/2014,335124
10/28/2014,317720
10/29/2014,355744
10/30/2014,321610
10/31/2014,296275
11/1/2014,251748
11/2/2014,242516
11/3/2014,314182
11/4/2014,303831
11/5/2014,313590
11/6/2014,350813
11/7/2014,338557
11/8/2014,337700
11/9/2014,272614
11/10/2014,320786
11/11/2014,349142
11/12/2014,382401
11/13/2014,376958
11/14/2014,374317
11/15/2014,322663
11/16/2014,283817
11/17/2014,315522
11/18/2014,369877
11/19/2014,323559
11/20/2014,358772
11/21/2014,344278
11/22/2014,361121
11/23/2014,267264
11/24/2014,339713
11/25/2014,348651
11/26/2014,364838
11/27/2014,353840
11/28/2014,340756
11/29/2014,325823
11/30/2014,276390
12/1/2014,362291
12/2/2014,429602
12/3/2014,388457
12/4/2014,461670
12/5/2014,382117
12/6/2014,327334
12/7/2014,315270
12/8/2014,359559
12/9/2014,345570
12/10/2014,364937
12/11/2014,349089
12/12/2014,325238
12/13/2014,330080
12/14/2014,278952
12/15/2014,378031
12/16/2014,423224
12/17/2014,424603
12/18/2014,457872
12/19/2014,427582
12/20/2014,394842
12/21/2014,379785
12/22/2014,356732
12/23/2014,355233
12/24/2014,391095
12/25/2014,284885
12/26/2014,235125
12/27/2014,279424
12/28/2014,294330
12/29/2014,272461
12/30/2014,291699
12/31/2014,294038
1/1/2015,265887
1/2/2015,190803
1/3/2015,275957
1/4/2015,292996
1/5/2015,274680
1/6/2015,362893
1/7/2015,317792
1/8/2015,345553
1/9/2015,393142
1/10/2015,400166
1/11/2015,402864
1/12/2015,332664
1/13/2015,395134
1/14/2015,458298
1/15/2015,428812
1/16/2015,419382
1/17/2015,396044
1/18/2015,383297
1/19/2015,322728
1/20/2015,406057
1/21/2015,462435
1/22/2015,335909
1/23/2015,407537
1/24/2015,397331
1/25/2015,361301
1/26/2015,453766
1/27/2015,495645
1/28/2015,380240
1/29/2015,272951
1/30/2015,289398
1/31/2015,309094
2/1/2015,313585
2/2/2015,299110
2/3/2015,312260
2/4/2015,403597
2/5/2015,304819
2/6/2015,301973
2/7/2015,258793
2/8/2015,285232
2/9/2015,409999
2/10/2015,369962
2/11/2015,390984
2/12/2015,353265
2/13/2015,423162
2/14/2015,512476
2/15/2015,418558
2/16/2015,462761
2/17/2015,404780
2/18/2015,451624
2/19/2015,352799
2/20/2015,315134
2/21/2015,384270
2/22/2015,403625
2/23/2015,357737
2/24/2015,413581
2/25/2015,428245
2/26/2015,348569
2/27/2015,366383
2/28/2015,385426
3/1/2015,437200
3/2/2015,393731
3/3/2015,414736
3/4/2015,404304
3/5/2015,402945
3/6/2015,462584
3/7/2015,391392
3/8/2015,387377
3/9/2015,361708
3/10/2015,446226
3/11/2015,390937
3/12/2015,426797
3/13/2015,435726
3/14/2015,377816
3/15/2015,402864
3/16/2015,344301
3/17/2015,431766
3/18/2015,416815
3/19/2015,372117
3/20/2015,455230
3/21/2015,407765
3/22/2015,355349
3/23/2015,386425
3/24/2015,406189
3/25/2015,292376
3/26/2015,318175
3/27/2015,367855
3/28/2015,296819
3/29/2015,347179
3/30/2015,357333
3/31/2015,409738
4/1/2015,399183
4/2/2015,476815
4/3/2015,359762
4/4/2015,420744
4/5/2015,329334
4/6/2015,383802
4/7/2015,459737
4/8/2015,408936
4/9/2015,456496
4/10/2015,443414
4/11/2015,363692
4/12/2015,393068
4/13/2015,373567
4/14/2015,417189
4/15/2015,391599
4/16/2015,449817
4/17/2015,366456
4/18/2015,417403
4/19/2015,368279
4/20/2015,375687
4/21/2015,390140
4/22/2015,375696
4/23/2015,397992
4/24/2015,466989
4/25/2015,473312
4/26/2015,335820
4/27/2015,380402
4/28/2015,435473
4/29/2015,387941
4/30/2015,496505
5/1/2015,430120
5/2/2015,347035
5/3/2015,363182
5/4/2015,345084
5/5/2015,439024
5/6/2015,388412
5/7/2015,364507
5/8/2015,415394
5/9/2015,403446
5/10/2015,389666
5/11/2015,414382
5/12/2015,388416
5/13/2015,402308
5/14/2015,360208
5/15/2015,342039
5/16/2015,367241
5/17/2015,386257
5/18/2015,318248
5/19/2015,368484
5/20/2015,458018
5/21/2015,382302
5/22/2015,333805
5/23/2015,416010
5/24/2015,436325
5/25/2015,389050
5/26/2015,431873
5/27/2015,427103
5/28/2015,432182
5/29/2015,452400
5/30/2015,436765
5/31/2015,465288
6/1/2015,378646
6/2/2015,544445
6/3/2015,461265
6/4/2015,477384
6/5/2015,422034
6/6/2015,416098
6/7/2015,292929
6/8/2015,352237
6/9/2015,379986
6/10/2015,424212
6/11/2015,483434
6/12/2015,458725
6/13/2015,474095
6/14/2015,374695
6/15/2015,414629
6/16/2015,511442
6/17/2015,589783
6/18/2015,492263
6/19/2015,489018
6/20/2015,528398
6/21/2015,423310
6/22/2015,462295
6/23/2015,604997
6/24/2015,506662
6/25/2015,387113
6/26/2015,352103
6/27/2015,422297
6/28/2015,477226
6/29/2015,418560
6/30/2015,488619
7/1/2015,605779
7/2/2015,623066
7/3/2015,480483
7/4/2015,431052
7/5/2015,385816
7/6/2015,438849
7/7/2015,523645
7/8/2015,765834
7/9/2015,729500
7/10/2015,751551
7/11/2015,649484
7/12/2015,744197
7/13/2015,776821
7/14/2015,717237
7/15/2015,719882
7/16/2015,660547
7/17/2015,698333
7/18/2015,679601
7/19/2015,648555
7/20/2015,637068
7/21/2015,434765
7/22/2015,547544
7/23/2015,448026
7/24/2015,407402
7/25/2015,370278
7/26/2015,355070
7/27/2015,447703
7/28/2015,519288
7/29/2015,598756
7/30/2015,834734
7/31/2015,776606
8/1/2015,748754
8/2/2015,737299
8/3/2015,417531
8/4/2015,469656
8/5/2015,788124
8/6/2015,790761
8/7/2015,790454
8/8/2015,506395
8/9/2015,344357
8/10/2015,362519
8/11/2015,448765
8/12/2015,414813
8/13/2015,503233
8/14/2015,437585
8/15/2015,429766
8/16/2015,399509
8/17/2015,375168
8/18/2015,447382
8/19/2015,469680
8/20/2015,402688
8/21/2015,410437
8/22/2015,365957
8/23/2015,374319
8/24/2015,407863
8/25/2015,467919
8/26/2015,487192
8/27/2015,390535
8/28/2015,427875
8/29/2015,410923
8/30/2015,356224
8/31/2015,368239
9/1/2015,461028
9/2/2015,452146
9/3/2015,767256
9/4/2015,477062
9/5/2015,350699
9/6/2015,458669
9/7/2015,411531
9/8/2015,479679
9/9/2015,703477
9/10/2015,730847
9/11/2015,682504
9/12/2015,713393
9/13/2015,647268
9/14/2015,626247
9/15/2015,749010
9/16/2015,690040
9/17/2015,678856
9/18/2015,702462
9/19/2015,558453
9/20/2015,464525
9/21/2015,474949
9/22/2015,608211
9/23/2015,480901
9/24/2015,463494
9/25/2015,488320
9/26/2015,424790
9/27/2015,443742
9/28/2015,441754
9/29/2015,504463
9/30/2015,467311
10/1/2015,519153
10/2/2015,460772
10/3/2015,532355
10/4/2015,378507
10/5/2015,369532
10/6/2015,435469
10/7/2015,544972
10/8/2015,698530
10/9/2015,627383
10/10/2015,622939
10/11/2015,622310
10/12/2015,542099
10/13/2015,579011
10/14/2015,549268
10/15/2015,535153
10/16/2015,529905
10/17/2015,587464
10/18/2015,608888
10/19/2015,518914
10/20/2015,511285
10/21/2015,702443
10/22/2015,550592
10/23/2015,559633
10/24/2015,540295
10/25/2015,538643
10/26/2015,522468
10/27/2015,473400
10/28/2015,544463
10/29/2015,597482
10/30/2015,593707
10/31/2015,508034
11/1/2015,543505
11/2/2015,542960
11/3/2015,636100
11/4/2015,684904
11/5/2015,787113
11/6/2015,726245
11/7/2015,651273
11/8/2015,534542
11/9/2015,558186
11/10/2015,613972
11/11/2015,604056
11/12/2015,529036
11/13/2015,529385
11/14/2015,492139
11/15/2015,538524
11/16/2015,489572
11/17/2015,525374
11/18/2015,572153
11/19/2015,594323
11/20/2015,591770
11/21/2015,510791
11/22/2015,463102
11/23/2015,441130
11/24/2015,517169
11/25/2015,527507
11/26/2015,561969
11/27/2015,534017
11/28/2015,649707
11/29/2015,549820
11/30/2015,462247
12/1/2015,668359
12/2/2015,569459
12/3/2015,654105
12/4/2015,635841
12/5/2015,584695
12/6/2015,578478
12/7/2015,590997
12/8/2015,695050
12/9/2015,619636
12/10/2015,688225
12/11/2015,525905
12/12/2015,650739
12/13/2015,681256
12/14/2015,695253
12/15/2015,622953
12/16/2015,623939
12/17/2015,680536
12/18/2015,671535
12/19/2015,618258
12/20/2015,638583
12/21/2015,613163
12/22/2015,771897
12/23/2015,740951
12/24/2015,687623
12/25/2015,734993
12/26/2015,512482
12/27/2015,540429
12/28/2015,449528
12/29/2015,664307
12/30/2015,621075
12/31/2015,551462
1/1/2016,552912
1/2/2016,492925
1/3/2016,576330
1/4/2016,565802
1/5/2016,550679
1/6/2016,641049
1/7/2016,668968
1/8/2016,711416
1/9/2016,572671
1/10/2016,655981
1/11/2016,511348
1/12/2016,661501
1/13/2016,608252
1/14/2016,681304
1/15/2016,716459
1/16/2016,772854
1/17/2016,761231
1/18/2016,737492
1/19/2016,668924
1/20/2016,779353
1/21/2016,863089
1/22/2016,836798
1/23/2016,662501
1/24/2016,562315
1/25/2016,627895
1/26/2016,727273
1/27/2016,743211
1/28/2016,738078
1/29/2016,794476
1/30/2016,687311
1/31/2016,563423
2/1/2016,561135
2/2/2016,782269
2/3/2016,796023
2/4/2016,639279
2/5/2016,657742
2/6/2016,647585
2/7/2016,610196
2/8/2016,696516
2/9/2016,823031
2/10/2016,703134
2/11/2016,727387
2/12/2016,641069
2/13/2016,611004
2/14/2016,632229
2/15/2016,634045
2/16/2016,759323
2/17/2016,759357
2/18/2016,772175
2/19/2016,650943
2/20/2016,772673
2/21/2016,731196
2/22/2016,856711
2/23/2016,897707
2/24/2016,883962
2/25/2016,917662
2/26/2016,799173
2/27/2016,764791
2/28/2016,657568
2/29/2016,793967
3/1/2016,913204
3/2/2016,905523
3/3/2016,893477
3/4/2016,930014
3/5/2016,776264
3/6/2016,781985
3/7/2016,620822
3/8/2016,726194
3/9/2016,670705
3/10/2016,733573
3/11/2016,688153
3/12/2016,622785
3/13/2016,575015
3/14/2016,629357
3/15/2016,719966
3/16/2016,664910
3/17/2016,673914
3/18/2016,750540
3/19/2016,725631
3/20/2016,652301
3/21/2016,658777
3/22/2016,747971
3/23/2016,710488
3/24/2016,683938
3/25/2016,671989
3/26/2016,618086
3/27/2016,638061
3/28/2016,614368
3/29/2016,682016
3/30/2016,844312
3/31/2016,744988
4/1/2016,851311
4/2/2016,754845
4/3/2016,814407
4/4/2016,709839
4/5/2016,666712
4/6/2016,748984
4/7/2016,706071
4/8/2016,768604
4/9/2016,704031
4/10/2016,641777
4/11/2016,553640
4/12/2016,779670
4/13/2016,820864
4/14/2016,712951
4/15/2016,708837
4/16/2016,801301
4/17/2016,667314
4/18/2016,668427
4/19/2016,835251
4/20/2016,748778
4/21/2016,685406
4/22/2016,744697
4/23/2016,768772
4/24/2016,649066
4/25/2016,734743
4/26/2016,877526
4/27/2016,814452
4/28/2016,884416
4/29/2016,897505
4/30/2016,809813
5/1/2016,753012
5/2/2016,619273
5/3/2016,746710
5/4/2016,769663
5/5/2016,720064
5/6/2016,701489
5/7/2016,699121
5/8/2016,634775
5/9/2016,568348
5/10/2016,647233
5/11/2016,729117
5/12/2016,819790
5/13/2016,774575
5/14/2016,769087
5/15/2016,795445
5/16/2016,791614
5/17/2016,899141
5/18/2016,883843
5/19/2016,873780
5/20/2016,934278
5/21/2016,798709
5/22/2016,876385
5/23/2016,604367
5/24/2016,657183
5/25/2016,829058
5/26/2016,878183
5/27/2016,835272
5/28/2016,948274
5/29/2016,838273
5/30/2016,702781
5/31/2016,880921
6/1/2016,879243
6/2/2016,826896
6/3/2016,837273
6/4/2016,820368
6/5/2016,829686
6/6/2016,609952
6/7/2016,713841
6/8/2016,816456
6/9/2016,801776
6/10/2016,712118
6/11/2016,821642
6/12/2016,694655
6/13/2016,838347
6/14/2016,921476
6/15/2016,948041
6/16/2016,923577
6/17/2016,957635
6/18/2016,920253
6/19/2016,870589
6/20/2016,711992
6/21/2016,796829
6/22/2016,910838
6/23/2016,953400
6/24/2016,912772
6/25/2016,942541
6/26/2016,789868
6/27/2016,752373
6/28/2016,783963
6/29/2016,766831
6/30/2016,760830
7/1/2016,802322
7/2/2016,747516
7/3/2016,683919
7/4/2016,619848
7/5/2016,745041
7/6/2016,781905
7/7/2016,811764
7/8/2016,810661
7/9/2016,781022
7/10/2016,654658
7/11/2016,579454
7/12/2016,805996
7/13/2016,770339
7/14/2016,822046
7/15/2016,809265
7/16/2016,782482
7/17/2016,695142
7/18/2016,705793
7/19/2016,809202
7/20/2016,874870
7/21/2016,791752
7/22/2016,818021
7/23/2016,864614
7/24/2016,823729
7/25/2016,794320
7/26/2016,904762
7/27/2016,928327
7/28/2016,914784
7/29/2016,875056
7/30/2016,817239
7/31/2016,884248
8/1/2016,794596
8/2/2016,807231
8/3/2016,863464
8/4/2016,787622
8/5/2016,780650
8/6/2016,700179
8/7/2016,624806
8/8/2016,761030
8/9/2016,831087
8/10/2016,889356
8/11/2016,837474
8/12/2016,849336
8/13/2016,815307
8/14/2016,672275
8/15/2016,632493
8/16/2016,811087
8/17/2016,927459
8/18/2016,937400
8/19/2016,795584
8/20/2016,788861
8/21/2016,729054
8/22/2016,614849
8/23/2016,771066
8/24/2016,826537
8/25/2016,769692
8/26/2016,871898
8/27/2016,830806
8/28/2016,696156
8/29/2016,602585
8/30/2016,818211
8/31/2016,778545
9/1/2016,833950
9/2/2016,836572
9/3/2016,743751
9/4/2016,759944
9/5/2016,570240
9/6/2016,898570
9/7/2016,853616
9/8/2016,813702
9/9/2016,812227
9/10/2016,803678
9/11/2016,652659
9/12/2016,592593
9/13/2016,703273
9/14/2016,772963
9/15/2016,760410
9/16/2016,753592
9/17/2016,787598
9/18/2016,743616
9/19/2016,685507
9/20/2016,837520
9/21/2016,770330
9/22/2016,709474
9/23/2016,770954
9/24/2016,814055
9/25/2016,622439
9/26/2016,574962
9/27/2016,773783
9/28/2016,771489
9/29/2016,780807
9/30/2016,834386
10/1/2016,828178
10/2/2016,715201
10/3/2016,722342
10/4/2016,864570
10/5/2016,821254
10/6/2016,793521
10/7/2016,822020
10/8/2016,872929
10/9/2016,746067
10/10/2016,697154
10/11/2016,864814
10/12/2016,924003
10/13/2016,857097
10/14/2016,919213
10/15/2016,858046
10/16/2016,773340
10/17/2016,769884
10/18/2016,929626
10/19/2016,841827
10/20/2016,807448
10/21/2016,977453
10/22/2016,773349
10/23/2016,813241
10/24/2016,792472
10/25/2016,886375
10/26/2016,943930
10/27/2016,974398
10/28/2016,977626
10/29/2016,803986
10/30/2016,780294
10/31/2016,620427
11/1/2016,821732
11/2/2016,857061
11/3/2016,901549
11/4/2016,835649
11/5/2016,956644
11/6/2016,783016
11/7/2016,733418
11/8/2016,893414
11/9/2016,865388
11/10/2016,892891
11/11/2016,788722
11/12/2016,763428
11/13/2016,717824
11/14/2016,763837
11/15/2016,797724
11/16/2016,851167
11/17/2016,794715
11/18/2016,898420
11/19/2016,930712
11/20/2016,847582
11/21/2016,910103
11/22/2016,922480
11/23/2016,958831
11/24/2016,951133
11/25/2016,951721
11/26/2016,942793
11/27/2016,936386
11/28/2016,830629
11/29/2016,907666
11/30/2016,907780
12/1/2016,912239
12/2/2016,899527
12/3/2016,970674
12/4/2016,882210
12/5/2016,854387
12/6/2016,889230
12/7/2016,961044
12/8/2016,879948
12/9/2016,856546
12/10/2016,928314
12/11/2016,888023
12/12/2016,676731
12/13/2016,816436
12/14/2016,820543
12/15/2016,904416
12/16/2016,949927
12/17/2016,971867
12/18/2016,817036
12/19/2016,861413
12/20/2016,914759
12/21/2016,970391
12/22/2016,963969
12/23/2016,918529
12/24/2016,889235
12/25/2016,852947
12/26/2016,639416
12/27/2016,867973
12/28/2016,876651
12/29/2016,868481
12/30/2016,940410
12/31/2016,868063
1/1/2017,799230
1/2/2017,706647
1/3/2017,933768
1/4/2017,917326
1/5/2017,986098
1/6/2017,983710
1/7/2017,984745
1/8/2017,987219
1/9/2017,802749
1/10/2017,932439
1/11/2017,956578
1/12/2017,926294
1/13/2017,786284
1/14/2017,858146
1/15/2017,742770
1/16/2017,659940
1/17/2017,775267
1/18/2017,892992
1/19/2017,901456
1/20/2017,834378
1/21/2017,720772
1/22/2017,682652
1/23/2017,682543
1/24/2017,914369
1/25/2017,973645
1/26/2017,987848
1/27/2017,993133
1/28/2017,837700
1/29/2017,877454
1/30/2017,855056
1/31/2017,963722
2/1/2017,959553
2/2/2017,962227
2/3/2017,914052
2/4/2017,970806
2/5/2017,947774
2/6/2017,961903
2/7/2017,979210
2/8/2017,945677
2/9/2017,961155
2/10/2017,956012
2/11/2017,967112
2/12/2017,957656
2/13/2017,863048
2/14/2017,917950
2/15/2017,890610
2/16/2017,940094
2/17/2017,973956
2/18/2017,969080
2/19/2017,961960
2/20/2017,930902
2/21/2017,947068
2/22/2017,954252
2/23/2017,969897
2/24/2017,967386
2/25/2017,971158
2/26/2017,966343
2/27/2017,921744
2/28/2017,945159
3/1/2017,968240
3/2/2017,979150
3/3/2017,955603
3/4/2017,985294
3/5/2017,985894
3/6/2017,983250
3/7/2017,965595
3/8/2017,974857
3/9/2017,979431
3/10/2017,991813
3/11/2017,991811
3/12/2017,997570
3/13/2017,960152
3/14/2017,975970
3/15/2017,968846
3/16/2017,984010
3/17/2017,988273
3/18/2017,993909
3/19/2017,943655
3/20/2017,878835
3/21/2017,989773
3/22/2017,981986
3/23/2017,980525
3/24/2017,966780
3/25/2017,867409
3/26/2017,943693
3/27/2017,656179
3/28/2017,924213
3/29/2017,985669
3/30/2017,973183
3/31/2017,962547
4/1/2017,960535
4/2/2017,967179
4/3/2017,823125
4/4/2017,879301
4/5/2017,977789
4/6/2017,966909
4/7/2017,977748
4/8/2017,976046
4/9/2017,976255
4/10/2017,924892
4/11/2017,918205
4/12/2017,962808
4/13/2017,982567
4/14/2017,972988
4/15/2017,995114
4/16/2017,986202
4/17/2017,930579
4/18/2017,927953
4/19/2017,960703
4/20/2017,984203
4/21/2017,974005
4/22/2017,969954
4/23/2017,979915
4/24/2017,936612
4/25/2017,976707
4/26/2017,965997
4/27/2017,971856
4/28/2017,967638
4/29/2017,996645
4/30/2017,971583
5/1/2017,966110
5/2/2017,982788
5/3/2017,980652
5/4/2017,995290
5/5/2017,971058
5/6/2017,961232
5/7/2017,964949
5/8/2017,964819
5/9/2017,967791
5/10/2017,987770
5/11/2017,960619
5/12/2017,961251
5/13/2017,949541
5/14/2017,959925
5/15/2017,975155
5/16/2017,970705
5/17/2017,973989
5/18/2017,981876
5/19/2017,974526
5/20/2017,971321
5/21/2017,967220
5/22/2017,976775
5/23/2017,980481
5/24/2017,972750
5/25/2017,977007
5/26/2017,976892
5/27/2017,958704
5/28/2017,991469
5/29/2017,978038
5/30/2017,977829
5/31/2017,980658
6/1/2017,976593
6/2/2017,977793
6/3/2017,982052
6/4/2017,981052
6/5/2017,982370
6/6/2017,962904
6/7/2017,991696
6/8/2017,992122
6/9/2017,969813
6/10/2017,973539
6/11/2017,966442
6/12/2017,945499
6/13/2017,967604
6/14/2017,977141
6/15/2017,969546
6/16/2017,994361
6/17/2017,983037
6/18/2017,985743
6/19/2017,936092
6/20/2017,980361
6/21/2017,972729
6/22/2017,983073
6/23/2017,992570
6/24/2017,948869
6/25/2017,943995
6/26/2017,934705
6/27/2017,987189
6/28/2017,990012
6/29/2017,969722
6/30/2017,970559
7/1/2017,956199
7/2/2017,876041
7/3/2017,784257
7/4/2017,801748
7/5/2017,911216
7/6/2017,912536
7/7/2017,956272
7/8/2017,937071
7/9/2017,846948
7/10/2017,752002
7/11/2017,750511
7/12/2017,895202
7/13/2017,881616
7/14/2017,849274
7/15/2017,907047
7/16/2017,965660
7/17/2017,845142
7/18/2017,947857
7/19/2017,959489
7/20/2017,936401
7/21/2017,932131
7/22/2017,976520
7/23/2017,915984
7/24/2017,689370
7/25/2017,896406
7/26/2017,935000
7/27/2017,962676
7/28/2017,928493
7/29/2017,916858
7/30/2017,871228
7/31/2017,811324
8/1/2017,926776
8/2/2017,722671
8/3/2017,880660
8/4/2017,868865
8/5/2017,924135
8/6/2017,865869
8/7/2017,804025
8/8/2017,943680
8/9/2017,980759
8/10/2017,954238
8/11/2017,981214
8/12/2017,953436
8/13/2017,992788
8/14/2017,985007
8/15/2017,953352
8/16/2017,970809
8/17/2017,973641
8/18/2017,978675
8/19/2017,959973
8/20/2017,966474
8/21/2017,961367
8/22/2017,976478
8/23/2017,998196
8/24/2017,986505
8/25/2017,923254
8/26/2017,944221
8/27/2017,998402
8/28/2017,990803
8/29/2017,981322
8/30/2017,998177
8/31/2017,983375
9/1/2017,981639
9/2/2017,971892
9/3/2017,802183
9/4/2017,773032
9/5/2017,927681
9/6/2017,763561
9/7/2017,904196
9/8/2017,810012
9/9/2017,899069
9/10/2017,725535
9/11/2017,809789
9/12/2017,824158
9/13/2017,700470
9/14/2017,710846
9/15/2017,822530
9/16/2017,844298
9/17/2017,688764
9/18/2017,573893
9/19/2017,939559
9/20/2017,956479
9/21/2017,948370
9/22/2017,757305
9/23/2017,792851
9/24/2017,632213
9/25/2017,674927
9/26/2017,917115
9/27/2017,941399
9/28/2017,868540
9/29/2017,838580
9/30/2017,834248
10/1/2017,791436
10/2/2017,912755
10/3/2017,994515
10/4/2017,877326
10/5/2017,843623
10/6/2017,1018090
10/7/2017,920068
10/8/2017,823629
10/9/2017,775294
10/10/2017,916065
10/11/2017,970409
10/12/2017,1015864
10/13/2017,978609
10/14/2017,1024484
10/15/2017,1023460
10/16/2017,894358
10/17/2017,916570
10/18/2017,988369
10/19/2017,1016876
10/20/2017,990229
10/21/2017,996942
10/22/2017,1039535
10/23/2017,1004184
10/24/2017,973951
10/25/2017,1041196
10/26/2017,968322
10/27/2017,732951
10/28/2017,1032285
10/29/2017,1007686
10/30/2017,1011253
10/31/2017,1035252
11/1/2017,1038248
11/2/2017,1043267
11/3/2017,1037658
11/4/2017,1046470
11/5/2017,1027724
11/6/2017,1042546
11/7/2017,1044700
11/8/2017,1026575
11/9/2017,1026767
11/10/2017,1024618
11/11/2017,1050865
11/12/2017,1058556
11/13/2017,1055674
11/14/2017,1040104
11/15/2017,1027187
11/16/2017,1048573
11/17/2017,1020404
11/18/2017,1034142
11/19/2017,1048463
11/20/2017,1044312
11/21/2017,1010858
11/22/2017,1063484
11/23/2017,1057804
11/24/2017,1062701
11/25/2017,1048904
11/26/2017,1040969
11/27/2017,1048917
11/28/2017,1047924
11/29/2017,1062941
11/30/2017,1064050
12/1/2017,1068341
12/2/2017,1067139
12/3/2017,1036382
12/4/2017,1047336
12/5/2017,1070004
12/6/2017,1058645
12/7/2017,1058881
12/8/2017,1037376
12/9/2017,1058532
12/10/2017,1050330
12/11/2017,1056198
12/12/2017,1061447
12/13/2017,1061643
12/14/2017,1051163
12/15/2017,1047133
12/16/2017,1061459
12/17/2017,1053704
12/18/2017,1040279
12/19/2017,1042671
12/20/2017,1060609
12/21/2017,1072239
12/22/2017,1037986
12/23/2017,1063276
12/24/2017,1059315
12/25/2017,1064197
12/26/2017,1052932
12/27/2017,1047358
12/28/2017,1070645
12/29/2017,1081199
12/30/2017,1047507
12/31/2017,1035906
1/1/2018,1037654
1/2/2018,1043200
1/3/2018,1041680
1/4/2018,1064936
1/5/2018,1066160
1/6/2018,1069002
1/7/2018,1053001
1/8/2018,1048723
1/9/2018,1050963
1/10/2018,1057310
1/11/2018,1054956
1/12/2018,1057949
1/13/2018,1053732
1/14/2018,1014499
1/15/2018,1050907
1/16/2018,1059251
1/17/2018,1050755
1/18/2018,1061349
1/19/2018,1051139
1/20/2018,1047523
1/21/2018,1116916
1/22/2018,1071050
1/23/2018,1078088
1/24/2018,1069566
1/25/2018,1074956
1/26/2018,1105547
1/27/2018,1044745
1/28/2018,1032040
1/29/2018,1025466
1/30/2018,1012350
1/31/2018,996176
2/1/2018,1051847
2/2/2018,1053140
2/3/2018,1022506
2/4/2018,995891
2/5/2018,988244
2/6/2018,1106470
2/7/2018,1067332
2/8/2018,1070469
2/9/2018,1049296
2/10/2018,1076082
2/11/2018,1033401
2/12/2018,1002464
2/13/2018,1042310
2/14/2018,1037702
2/15/2018,1015979
2/16/2018,1062490
2/17/2018,989433
2/18/2018,966532
2/19/2018,973776
2/20/2018,1011015
2/21/2018,1008594
2/22/2018,988705
2/23/2018,918127
2/24/2018,1005774
2/25/2018,1014177
2/26/2018,699013
2/27/2018,1012542
2/28/2018,1009827
3/1/2018,1058861
3/2/2018,1070326
3/3/2018,859638
3/4/2018,977348
3/5/2018,1001249
3/6/2018,1017820
3/7/2018,1018661
3/8/2018,1026472
3/9/2018,1017122
3/10/2018,1026402
3/11/2018,1016833
3/12/2018,1011055
3/13/2018,931086
3/14/2018,902700
3/15/2018,753239
3/16/2018,751658
3/17/2018,690361
3/18/2018,505991
3/19/2018,696159
3/20/2018,683404
3/21/2018,790160
3/22/2018,689349
3/23/2018,774840
3/24/2018,824847
3/25/2018,603132
3/26/2018,583194
3/27/2018,710986
3/28/2018,763153
3/29/2018,726814
3/30/2018,671348
3/31/2018,627189
4/1/2018,670956
4/2/2018,452283
4/3/2018,561178
4/4/2018,691802
4/5/2018,717797
4/6/2018,643346
4/7/2018,815549
4/8/2018,541365
4/9/2018,442152
4/10/2018,734221
4/11/2018,680501
4/12/2018,629347
4/13/2018,842492
4/14/2018,711265
4/15/2018,817580
4/16/2018,847183
4/17/2018,946672
4/18/2018,735669
4/19/2018,672658
4/20/2018,635094
4/21/2018,835096
4/22/2018,744424
4/23/2018,554600
4/24/2018,762481
4/25/2018,970912
4/26/2018,1062137
4/27/2018,885745
4/28/2018,956030
4/29/2018,817050
4/30/2018,631320
5/1/2018,751844
5/2/2018,673782
5/3/2018,869631
5/4/2018,883674
5/5/2018,975988
5/6/2018,703962
5/7/2018,767873
5/8/2018,865620
5/9/2018,924526
5/10/2018,721322
5/11/2018,754205
5/12/2018,1072544
5/13/2018,625552
5/14/2018,580283
5/15/2018,879085
5/16/2018,771175
5/17/2018,619517
5/18/2018,877620
5/19/2018,835033
5/20/2018,563281
5/21/2018,574532
5/22/2018,740171
5/23/2018,712320
5/24/2018,741021
5/25/2018,713274
5/26/2018,632232
5/27/2018,480069
5/28/2018,450204
5/29/2018,730313
5/30/2018,820264
5/31/2018,628768
6/1/2018,700890
6/2/2018,710960
6/3/2018,626342
6/4/2018,796502
6/5/2018,1053916
6/6/2018,848463
6/7/2018,992415
6/8/2018,1082316
6/9/2018,869963
6/10/2018,646598
6/11/2018,753631
6/12/2018,793455
6/13/2018,1063113
6/14/2018,907442
6/15/2018,752277
6/16/2018,785130
6/17/2018,464916
6/18/2018,493966
6/19/2018,642536
6/20/2018,932943
6/21/2018,1074776
6/22/2018,610253
6/23/2018,789367
6/24/2018,525368
6/25/2018,492698
6/26/2018,932560
6/27/2018,1071069
6/28/2018,1089062
6/29/2018,690595
6/30/2018,747647
7/1/2018,975742
7/2/2018,690056
7/3/2018,1017750
7/4/2018,1113473
7/5/2018,915858
7/6/2018,791188
7/7/2018,682980
7/8/2018,521839
7/9/2018,609901
7/10/2018,1063791
7/11/2018,971337
7/12/2018,1033117
7/13/2018,1154370
7/14/2018,1118409
7/15/2018,1151760
7/16/2018,753377
7/17/2018,967369
7/18/2018,904621
7/19/2018,1044845
7/20/2018,715650
7/21/2018,819078
7/22/2018,719471
7/23/2018,452567
7/24/2018,903410
7/25/2018,917118
7/26/2018,950977
7/27/2018,774012
7/28/2018,894429
7/29/2018,732988
7/30/2018,548991
7/31/2018,914438
8/1/2018,965036
8/2/2018,983721
8/3/2018,786495
8/4/2018,841942
8/5/2018,580276
8/6/2018,580368
8/7/2018,1056717
8/8/2018,1017125
8/9/2018,793226
8/10/2018,810651
8/11/2018,792975
8/12/2018,606948
8/13/2018,594230
8/14/2018,895555
8/15/2018,1030744
8/16/2018,789528
8/17/2018,766616
8/18/2018,831162
8/19/2018,589781
8/20/2018,599147
8/21/2018,833750
8/22/2018,786610
8/23/2018,755554
8/24/2018,772460
8/25/2018,827815
8/26/2018,754833
8/27/2018,562838
8/28/2018,714495
8/29/2018,893403
8/30/2018,879796
8/31/2018,823481
9/1/2018,815922
9/2/2018,763356
9/3/2018,644199
9/4/2018,851842
9/5/2018,984015
9/6/2018,990600
9/7/2018,880257
9/8/2018,891570
9/9/2018,709052
9/10/2018,617594
9/11/2018,918094
9/12/2018,919239
9/13/2018,713591
9/14/2018,837780
9/15/2018,1062391
9/16/2018,766246
9/17/2018,640532
9/18/2018,886530
9/19/2018,940334
9/20/2018,815944
9/21/2018,818866
9/22/2018,1009386
9/23/2018,715676
9/24/2018,674971
9/25/2018,794069
9/26/2018,773487
9/27/2018,894936
9/28/2018,887770
9/29/2018,835735
9/30/2018,709310
10/1/2018,610653
10/2/2018,877515
10/3/2018,992682
10/4/2018,840672
10/5/2018,812215
10/6/2018,975966
10/7/2018,887723
10/8/2018,861796
10/9/2018,964662
10/10/2018,938339
10/11/2018,912130
10/12/2018,923067
10/13/2018,1140589
10/14/2018,840777
10/15/2018,952193
10/16/2018,962407
10/17/2018,1056776
10/18/2018,1033591
10/19/2018,1022624
10/20/2018,1016188
10/21/2018,879081
10/22/2018,799788
10/23/2018,934273
10/24/2018,945705
10/25/2018,1132467
10/26/2018,1044193
10/27/2018,1052879
10/28/2018,910593
10/29/2018,818884
10/30/2018,989435
10/31/2018,946230
11/1/2018,905881
11/2/2018,997555
11/3/2018,1111247
11/4/2018,877537
11/5/2018,1040038
11/6/2018,1043646
11/7/2018,1080054
11/8/2018,1147886
11/9/2018,1172861
11/10/2018,1127910
11/11/2018,942631
11/12/2018,890820
11/13/2018,1064008
11/14/2018,1105642
11/15/2018,1103784
11/16/2018,1195210
11/17/2018,1149077
11/18/2018,908811
11/19/2018,948878
11/20/2018,1110677
11/21/2018,1212275
11/22/2018,1212794
11/23/2018,1217283
11/24/2018,1119518
11/25/2018,986502
11/26/2018,1017393
11/27/2018,1181035
11/28/2018,1056039
11/29/2018,1133828
11/30/2018,1200095
12/1/2018,1210097
12/2/2018,1066136
12/3/2018,1000707
12/4/2018,1109402
12/5/2018,1078303
12/6/2018,1039025
12/7/2018,1093893
12/8/2018,1225577
12/9/2018,967856
12/10/2018,949850
12/11/2018,1123949
12/12/2018,1092748
12/13/2018,1135168
12/14/2018,1075022
12/15/2018,1066195
12/16/2018,939043
12/17/2018,1021781
12/18/2018,979978
12/19/2018,1093074
12/20/2018,1084090
12/21/2018,1137424
12/22/2018,1039893
12/23/2018,808195
12/24/2018,736205
12/25/2018,944734
12/26/2018,810330
12/27/2018,887603
12/28/2018,891798
12/29/2018,937671
12/30/2018,975095
12/31/2018,748411
1/1/2019,895100
1/2/2019,807949
1/3/2019,941637
1/4/2019,961764
1/5/2019,959606
1/6/2019,825104
1/7/2019,804606
1/8/2019,1000325
1/9/2019,860260
1/10/2019,889669
1/11/2019,957424
1/12/2019,987831
1/13/2019,912495
1/14/2019,848057
1/15/2019,960556
1/16/2019,1073234
1/17/2019,1094643
1/18/2019,1112435
1/19/2019,1020745
1/20/2019,947468
1/21/2019,814794
1/22/2019,952690
1/23/2019,1051808
1/24/2019,1034468
1/25/2019,899331
1/26/2019,1018828
1/27/2019,984097
1/28/2019,865455
1/29/2019,1047887
1/30/2019,993423
1/31/2019,1094232
2/1/2019,1016665
2/2/2019,1014811
2/3/2019,988795
2/4/2019,933607
2/5/2019,1012660
2/6/2019,1047750
2/7/2019,1050061
2/8/2019,945157
2/9/2019,979111
2/10/2019,935321
2/11/2019,909090
2/12/2019,1103612
2/13/2019,1291268
2/14/2019,1145425
2/15/2019,1115880
2/16/2019,1103739
2/17/2019,985371
2/18/2019,896296
2/19/2019,1083544
2/20/2019,1067214
2/21/2019,1186100
2/22/2019,1171309
2/23/2019,1073904
2/24/2019,1004807
2/25/2019,1032026
2/26/2019,1118988
2/27/2019,1098574
2/28/2019,1117232
3/1/2019,1129264
3/2/2019,1057866
3/3/2019,1148136
3/4/2019,1004281
3/5/2019,1110003
3/6/2019,1022729
3/7/2019,1243869
3/8/2019,1006049
3/9/2019,982530
3/10/2019,890179
3/11/2019,793747
3/12/2019,1094469
3/13/2019,1007992
3/14/2019,1168085
3/15/2019,1030579
3/16/2019,984824
3/17/2019,776669
3/18/2019,758423
3/19/2019,932980
3/20/2019,899083
3/21/2019,1003467
3/22/2019,1037354
3/23/2019,948881
3/24/2019,816740
3/25/2019,768429
3/26/2019,1067198
3/27/2019,1209040
3/28/2019,1198179
3/29/2019,1222350
3/30/2019,1228306
3/31/2019,1206040
4/1/2019,1172582
4/2/2019,1209664
4/3/2019,1213105
4/4/2019,1247491
4/5/2019,1216050
4/6/2019,1236238
4/7/2019,1212109
4/8/2019,1139769
4/9/2019,1218687
4/10/2019,1251906
4/11/2019,1211895
4/12/2019,1202380
4/13/2019,1169742
4/14/2019,1123304
4/15/2019,1201664
4/16/2019,1230027
4/17/2019,1248015
4/18/2019,1226432
4/19/2019,1213771
4/20/2019,1212085
4/21/2019,1248928
4/22/2019,1131785
4/23/2019,1150476
4/24/2019,1254817
4/25/2019,1235078
4/26/2019,1219699
4/27/2019,1253936
4/28/2019,1173962
4/29/2019,948077
4/30/2019,1230269
5/1/2019,1297198
5/2/2019,1124852
5/3/2019,1100396
5/4/2019,1231150
5/5/2019,1185066
5/6/2019,1204502
5/7/2019,1219294
5/8/2019,1263077
5/9/2019,1245855
5/10/2019,1258970
5/11/2019,1262413
5/12/2019,1235499
5/13/2019,1234154
5/14/2019,1204984
5/15/2019,1228836
5/16/2019,1239438
5/17/2019,1245664
5/18/2019,1259848
5/19/2019,1241369
5/20/2019,1125346
5/21/2019,1179076
5/22/2019,1259103
5/23/2019,1199547
5/24/2019,1226882
5/25/2019,1253171
5/26/2019,1164100
5/27/2019,1012608
5/28/2019,1191136
5/29/2019,1263450
5/30/2019,1214471
5/31/2019,1227438
6/1/2019,1288572
6/2/2019,1242830
6/3/2019,1198346
6/4/2019,1259277
6/5/2019,1256754
6/6/2019,1239146
6/7/2019,1159620
6/8/2019,1186138
6/9/2019,1122379
6/10/2019,933771
6/11/2019,1163098
6/12/2019,1258463
6/13/2019,1261235
6/14/2019,1258132
6/15/2019,1293516
6/16/2019,1232529
6/17/2019,1171757
6/18/2019,1236276
6/19/2019,1237776
6/20/2019,1143453
6/21/2019,1263928
6/22/2019,1267088
6/23/2019,1209422
6/24/2019,1166106
6/25/2019,1227717
6/26/2019,1249143
6/27/2019,1237660
6/28/2019,1233416
6/29/2019,1254241
6/30/2019,1145136
7/1/2019,1004979
7/2/2019,1268354
7/3/2019,1237627
7/4/2019,1179560
7/5/2019,1127847
7/6/2019,1045223
7/7/2019,879696
7/8/2019,971708
7/9/2019,1070725
7/10/2019,1154047
7/11/2019,1273684
7/12/2019,1255852
7/13/2019,1230175
7/14/2019,1038786
7/15/2019,955649
7/16/2019,1135304
7/17/2019,1107039
7/18/2019,1150721
7/19/2019,1261918
7/20/2019,1257530
7/21/2019,1025579
7/22/2019,917384
7/23/2019,1002717
7/24/2019,1089125
7/25/2019,1125501
7/26/2019,1123068
7/27/2019,953410
7/28/2019,861699
7/29/2019,696595
7/30/2019,971684
7/31/2019,1160228
8/1/2019,1018003
8/2/2019,1146934
8/3/2019,1034768
8/4/2019,834505
8/5/2019,828023
8/6/2019,1193625
8/7/2019,1138648
8/8/2019,1143267
8/9/2019,1236138
8/10/2019,1153973
8/11/2019,887532
8/12/2019,794488
8/13/2019,1066339
8/14/2019,1188183
8/15/2019,1135085
8/16/2019,1044296
8/17/2019,1059870
8/18/2019,988955
8/19/2019,940091
8/20/2019,951270
8/21/2019,1073723
8/22/2019,1198914
8/23/2019,1231882
8/24/2019,1094495
8/25/2019,971724
8/26/2019,799773
8/27/2019,1183557
8/28/2019,1156464
8/29/2019,1034432
8/30/2019,991683
8/31/2019,1015444
9/1/2019,858398
9/2/2019,899613
9/3/2019,1059030
9/4/2019,1088029
9/5/2019,1182228
9/6/2019,1024470
9/7/2019,1080550
9/8/2019,923670
9/9/2019,707468
9/10/2019,1097069
9/11/2019,957618
9/12/2019,940678
9/13/2019,992975
9/14/2019,1077857
9/15/2019,897145
9/16/2019,856075
9/17/2019,1068470
9/18/2019,1145168
9/19/2019,1065172
9/20/2019,1107903
9/21/2019,1058857
9/22/2019,861430
9/23/2019,859307
9/24/2019,1262568
9/25/2019,1166427
9/26/2019,1090989
9/27/2019,960253
9/28/2019,1123976
9/29/2019,875318
9/30/2019,905440
10/1/2019,1156870
10/2/2019,1097523
10/3/2019,1012425
10/4/2019,1040120
10/5/2019,1087330
10/6/2019,888099
10/7/2019,802103
10/8/2019,1004331
10/9/2019,965927
10/10/2019,1030179
10/11/2019,979193
10/12/2019,1019470
10/13/2019,951277
10/14/2019,847337
10/15/2019,1049946
10/16/2019,1004633
10/17/2019,1115183
10/18/2019,1097156
10/19/2019,932698
10/20/2019,985946
10/21/2019,820008
10/22/2019,1024847
10/23/2019,963015
10/24/2019,969922
10/25/2019,1100109
10/26/2019,1193900
10/27/2019,1213659
10/28/2019,1113740
10/29/2019,1201345
10/30/2019,1158038
10/31/2019,1079591
11/1/2019,1103660
11/2/2019,1241328
11/3/2019,988318
11/4/2019,953033
11/5/2019,1185540
11/6/2019,1133720
11/7/2019,1252094
11/8/2019,1199669
11/9/2019,1168677
11/10/2019,1049142
11/11/2019,831483
11/12/2019,1011303
11/13/2019,1039759
11/14/2019,1137201
11/15/2019,974566
11/16/2019,1132785
11/17/2019,1167599
11/18/2019,1110253
11/19/2019,1020597
11/20/2019,1135648
11/21/2019,1024551
11/22/2019,1227326
11/23/2019,1226721
11/24/2019,852382
11/25/2019,868644
11/26/2019,1093074
11/27/2019,1253251
11/28/2019,1163491
11/29/2019,890821
11/30/2019,1057693
12/1/2019,1072636
12/2/2019,850375
12/3/2019,1036220
12/4/2019,953253
12/5/2019,921383
12/6/2019,1041902
12/7/2019,1057013
12/8/2019,848497
12/9/2019,838523
12/10/2019,1109526
12/11/2019,1107918
12/12/2019,1171084
12/13/2019,1094629
12/14/2019,1008639
12/15/2019,895982
12/16/2019,1139932
12/17/2019,1027379
12/18/2019,1311909
12/19/2019,1149463
12/20/2019,1008730
12/21/2019,962691
12/22/2019,739912
12/23/2019,743968
12/24/2019,1067673
12/25/2019,1084137
12/26/2019,881104
12/27/2019,851974
12/28/2019,1032072
12/29/2019,868414
12/30/2019,795477
12/31/2019,952849
1/1/2020,966596
1/2/2020,646327
1/3/2020,1002565
1/4/2020,924915
1/5/2020,781904
1/6/2020,793049
1/7/2020,1128336
1/8/2020,952805
1/9/2020,1077316
1/10/2020,1041614
1/11/2020,1121172
1/12/2020,830477
1/13/2020,812316
1/14/2020,1009770
1/15/2020,1221767
1/16/2020,1058586
1/17/2020,976939
1/18/2020,969140
1/19/2020,972764
1/20/2020,862469
1/21/2020,996510
1/22/2020,1005384
1/23/2020,1037980
1/24/2020,1062044
1/25/2020,1028438
1/26/2020,858877
1/27/2020,794333
1/28/2020,1092972
1/29/2020,1198123
1/30/2020,996600
1/31/2020,1011448
2/1/2020,1091820
2/2/2020,992690
2/3/2020,987303
2/4/2020,1207768
2/5/2020,1193755
2/6/2020,1069411
2/7/2020,1156802
2/8/2020,1278370
2/9/2020,1107861
2/10/2020,959292
