Date,DailyTransactions
1/10/2009,19
1/11/2009,61
1/12/2009,94
1/13/2009,100
1/14/2009,123
1/15/2009,130
1/16/2009,134
1/17/2009,110
1/18/2009,109
1/19/2009,108
1/20/2009,117
1/21/2009,115
1/22/2009,104
1/23/2009,92
1/24/2009,85
1/25/2009,202
1/26/2009,192
1/27/2009,97
1/28/2009,98
1/29/2009,112
1/30/2009,122
1/31/2009,117
2/1/2009,139
2/2/2009,114
2/3/2009,129
2/4/2009,155
2/5/2009,119
2/6/2009,126
2/7/2009,122
2/8/2009,133
2/9/2009,133
2/10/2009,135
2/11/2009,120
2/12/2009,135
2/13/2009,119
2/14/2009,124
2/15/2009,136
2/16/2009,131
2/17/2009,123
2/18/2009,117
2/19/2009,118
2/20/2009,125
2/21/2009,122
2/22/2009,114
2/23/2009,125
2/24/2009,108
2/25/2009,106
2/26/2009,105
2/27/2009,107
2/28/2009,116
3/1/2009,100
3/2/2009,105
3/3/2009,108
3/4/2009,107
3/5/2009,106
3/6/2009,113
3/7/2009,117
3/8/2009,109
3/9/2009,118
3/10/2009,108
3/11/2009,107
3/12/2009,114
3/13/2009,119
3/14/2009,114
3/15/2009,110
3/16/2009,123
3/17/2009,122
3/18/2009,114
3/19/2009,116
3/20/2009,122
3/21/2009,119
3/22/2009,50
3/23/2009,121
3/24/2009,130
3/25/2009,105
3/26/2009,117
3/27/2009,118
3/28/2009,106
3/29/2009,122
3/30/2009,116
3/31/2009,120
4/1/2009,111
4/2/2009,114
4/3/2009,115
4/4/2009,116
4/5/2009,113
4/6/2009,132
4/7/2009,109
4/8/2009,100
4/9/2009,105
4/10/2009,99
4/11/2009,108
4/12/2009,121
4/13/2009,120
4/14/2009,116
4/15/2009,124
4/16/2009,113
4/17/2009,123
4/18/2009,112
4/19/2009,130
4/20/2009,120
4/21/2009,121
4/22/2009,124
4/23/2009,121
4/24/2009,75
4/25/2009,115
4/26/2009,118
4/27/2009,114
4/28/2009,104
4/29/2009,117
4/30/2009,129
5/1/2009,131
5/2/2009,121
5/3/2009,128
5/4/2009,109
5/5/2009,129
5/6/2009,136
5/7/2009,135
5/8/2009,122
5/9/2009,107
5/10/2009,78
5/11/2009,85
5/12/2009,121
5/13/2009,130
5/14/2009,116
5/15/2009,142
5/16/2009,137
5/17/2009,119
5/18/2009,127
5/19/2009,118
5/20/2009,86
5/21/2009,120
5/22/2009,82
5/23/2009,61
5/24/2009,32
5/25/2009,100
5/26/2009,109
5/27/2009,125
5/28/2009,119
5/29/2009,95
5/30/2009,107
5/31/2009,109
6/1/2009,96
6/2/2009,72
6/3/2009,111
6/4/2009,71
6/5/2009,66
6/6/2009,30
6/7/2009,28
6/8/2009,16
6/9/2009,82
6/10/2009,91
6/11/2009,82
6/12/2009,89
6/13/2009,86
6/14/2009,78
6/15/2009,72
6/16/2009,84
6/17/2009,71
6/18/2009,79
6/19/2009,80
6/20/2009,87
6/21/2009,78
6/22/2009,81
6/23/2009,77
6/24/2009,76
6/25/2009,97
6/26/2009,69
6/27/2009,90
6/28/2009,84
6/29/2009,47
6/30/2009,85
7/1/2009,85
7/2/2009,75
7/3/2009,84
7/4/2009,82
7/5/2009,89
7/6/2009,79
7/7/2009,84
7/8/2009,69
7/9/2009,74
7/10/2009,86
7/11/2009,81
7/12/2009,83
7/13/2009,77
7/14/2009,78
7/15/2009,69
7/16/2009,45
7/17/2009,71
7/18/2009,47
7/19/2009,4
7/20/2009,70
7/21/2009,71
7/22/2009,82
7/23/2009,60
7/24/2009,76
7/25/2009,73
7/26/2009,32
7/27/2009,21
7/28/2009,74
7/29/2009,41
7/30/2009,20
7/31/2009,16
8/1/2009,17
8/2/2009,28
8/3/2009,23
8/4/2009,12
8/5/2009,81
8/6/2009,87
8/7/2009,90
8/8/2009,81
8/9/2009,80
8/10/2009,101
8/11/2009,75
8/12/2009,70
8/13/2009,63
8/14/2009,85
8/15/2009,63
8/16/2009,26
8/17/2009,19
8/18/2009,17
8/19/2009,10
8/20/2009,18
8/21/2009,22
8/22/2009,14
8/23/2009,7
8/24/2009,15
8/25/2009,15
8/26/2009,50
8/27/2009,51
8/28/2009,29
8/29/2009,75
8/30/2009,79
8/31/2009,97
9/1/2009,87
9/2/2009,78
9/3/2009,66
9/4/2009,62
9/5/2009,64
9/6/2009,76
9/7/2009,68
9/8/2009,79
9/9/2009,69
9/10/2009,54
9/11/2009,67
9/12/2009,67
9/13/2009,69
9/14/2009,75
9/15/2009,74
9/16/2009,44
9/17/2009,73
9/18/2009,85
9/19/2009,78
9/20/2009,74
9/21/2009,78
9/22/2009,70
9/23/2009,26
9/24/2009,36
9/25/2009,97
9/26/2009,93
9/27/2009,101
9/28/2009,87
9/29/2009,85
9/30/2009,90
10/1/2009,85
10/2/2009,82
10/3/2009,73
10/4/2009,58
10/5/2009,53
10/6/2009,55
10/7/2009,45
10/8/2009,60
10/9/2009,70
10/10/2009,79
10/11/2009,77
10/12/2009,74
10/13/2009,59
10/14/2009,57
10/15/2009,69
10/16/2009,71
10/17/2009,61
10/18/2009,57
10/19/2009,75
10/20/2009,112
10/21/2009,96
10/22/2009,81
10/23/2009,91
10/24/2009,89
10/25/2009,63
10/26/2009,76
10/27/2009,71
10/28/2009,65
10/29/2009,66
10/30/2009,48
10/31/2009,60
11/1/2009,46
11/2/2009,25
11/3/2009,33
11/4/2009,62
11/5/2009,64
11/6/2009,57
11/7/2009,62
11/8/2009,69
11/9/2009,73
11/10/2009,64
11/11/2009,81
11/12/2009,70
11/13/2009,68
11/14/2009,81
11/15/2009,79
11/16/2009,96
11/17/2009,97
11/18/2009,92
11/19/2009,79
11/20/2009,72
11/21/2009,86
11/22/2009,73
11/23/2009,106
11/24/2009,96
11/25/2009,93
11/26/2009,90
11/27/2009,84
11/28/2009,74
11/29/2009,71
11/30/2009,60
12/1/2009,75
12/2/2009,74
12/3/2009,94
12/4/2009,88
12/5/2009,36
12/6/2009,65
12/7/2009,105
12/8/2009,113
12/9/2009,106
12/10/2009,109
12/11/2009,104
12/12/2009,114
12/13/2009,110
12/14/2009,114
12/15/2009,107
12/16/2009,113
12/17/2009,136
12/18/2009,172
12/19/2009,225
12/20/2009,199
12/21/2009,176
12/22/2009,175
12/23/2009,162
12/24/2009,154
12/25/2009,154
12/26/2009,150
12/27/2009,174
12/28/2009,168
12/29/2009,137
12/30/2009,171
12/31/2009,141
1/1/2010,138
1/2/2010,134
1/3/2010,126
1/4/2010,186
1/5/2010,183
1/6/2010,198
1/7/2010,163
1/8/2010,154
1/9/2010,153
1/10/2010,151
1/11/2010,190
1/12/2010,159
1/13/2010,161
1/14/2010,166
1/15/2010,145
1/16/2010,142
1/17/2010,126
1/18/2010,131
1/19/2010,126
1/20/2010,124
1/21/2010,158
1/22/2010,184
1/23/2010,136
1/24/2010,162
1/25/2010,155
1/26/2010,215
1/27/2010,201
1/28/2010,166
1/29/2010,179
1/30/2010,201
1/31/2010,214
2/1/2010,167
2/2/2010,193
2/3/2010,146
2/4/2010,272
2/5/2010,234
2/6/2010,227
2/7/2010,206
2/8/2010,222
2/9/2010,208
2/10/2010,210
2/11/2010,173
2/12/2010,174
2/13/2010,188
2/14/2010,235
2/15/2010,219
2/16/2010,185
2/17/2010,201
2/18/2010,250
2/19/2010,215
2/20/2010,195
2/21/2010,210
2/22/2010,227
2/23/2010,265
2/24/2010,251
2/25/2010,177
2/26/2010,158
2/27/2010,176
2/28/2010,175
3/1/2010,159
3/2/2010,199
3/3/2010,193
3/4/2010,158
3/5/2010,188
3/6/2010,173
3/7/2010,183
3/8/2010,183
3/9/2010,130
3/10/2010,148
3/11/2010,169
3/12/2010,136
3/13/2010,123
3/14/2010,154
3/15/2010,127
3/16/2010,140
3/17/2010,129
3/18/2010,139
3/19/2010,150
3/20/2010,161
3/21/2010,204
3/22/2010,191
3/23/2010,185
3/24/2010,220
3/25/2010,182
3/26/2010,202
3/27/2010,213
3/28/2010,185
3/29/2010,191
3/30/2010,207
3/31/2010,221
4/1/2010,216
4/2/2010,177
4/3/2010,161
4/4/2010,166
4/5/2010,183
4/6/2010,181
4/7/2010,174
4/8/2010,204
4/9/2010,198
4/10/2010,221
4/11/2010,301
4/12/2010,262
4/13/2010,248
4/14/2010,210
4/15/2010,255
4/16/2010,257
4/17/2010,233
4/18/2010,251
4/19/2010,3354
4/20/2010,273
4/21/2010,243
4/22/2010,253
4/23/2010,198
4/24/2010,200
4/25/2010,202
4/26/2010,203
4/27/2010,213
4/28/2010,232
4/29/2010,228
4/30/2010,179
5/1/2010,169
5/2/2010,211
5/3/2010,182
5/4/2010,186
5/5/2010,176
5/6/2010,163
5/7/2010,179
5/8/2010,158
5/9/2010,179
5/10/2010,185
5/11/2010,155
5/12/2010,130
5/13/2010,160
5/14/2010,166
5/15/2010,154
5/16/2010,112
5/17/2010,133
5/18/2010,178
5/19/2010,224
5/20/2010,206
5/21/2010,238
5/22/2010,234
5/23/2010,227
5/24/2010,309
5/25/2010,249
5/26/2010,255
5/27/2010,287
5/28/2010,267
5/29/2010,276
5/30/2010,244
5/31/2010,201
6/1/2010,189
6/2/2010,183
6/3/2010,194
6/4/2010,238
6/5/2010,169
6/6/2010,195
6/7/2010,198
6/8/2010,208
6/9/2010,222
6/10/2010,219
6/11/2010,219
6/12/2010,248
6/13/2010,213
6/14/2010,244
6/15/2010,249
6/16/2010,273
6/17/2010,190
6/18/2010,203
6/19/2010,192
6/20/2010,217
6/21/2010,225
6/22/2010,245
6/23/2010,229
6/24/2010,254
6/25/2010,242
6/26/2010,207
6/27/2010,203
6/28/2010,236
6/29/2010,227
6/30/2010,267
7/1/2010,269
7/2/2010,287
7/3/2010,247
7/4/2010,278
7/5/2010,224
7/6/2010,250
7/7/2010,209
7/8/2010,222
7/9/2010,219
7/10/2010,267
7/11/2010,240
7/12/2010,417
7/13/2010,2240
7/14/2010,1488
7/15/2010,6126
7/16/2010,1335
7/17/2010,1180
7/18/2010,421
7/19/2010,420
7/20/2010,508
7/21/2010,604
7/22/2010,454
7/23/2010,397
7/24/2010,414
7/25/2010,889
7/26/2010,1822
7/27/2010,470
7/28/2010,425
7/29/2010,3019
7/30/2010,799
7/31/2010,323
8/1/2010,297
8/2/2010,363
8/3/2010,397
8/4/2010,651
8/5/2010,436
8/6/2010,519
8/7/2010,360
8/8/2010,268
8/9/2010,390
8/10/2010,425
8/11/2010,342
8/12/2010,417
8/13/2010,437
8/14/2010,462
8/15/2010,437
8/16/2010,337
8/17/2010,445
8/18/2010,317
8/19/2010,364
8/20/2010,325
8/21/2010,423
8/22/2010,341
8/23/2010,365
8/24/2010,370
8/25/2010,381
8/26/2010,365
8/27/2010,368
8/28/2010,292
8/29/2010,340
8/30/2010,273
8/31/2010,324
9/1/2010,438
9/2/2010,392
9/3/2010,302
9/4/2010,319
9/5/2010,277
9/6/2010,308
9/7/2010,283
9/8/2010,280
9/9/2010,339
9/10/2010,339
9/11/2010,348
9/12/2010,301
9/13/2010,376
9/14/2010,438
9/15/2010,430
9/16/2010,430
9/17/2010,430
9/18/2010,363
9/19/2010,402
9/20/2010,358
9/21/2010,478
9/22/2010,803
9/23/2010,694
9/24/2010,633
9/25/2010,496
9/26/2010,539
9/27/2010,411
9/28/2010,579
9/29/2010,496
9/30/2010,976
10/1/2010,361
10/2/2010,599
10/3/2010,504
10/4/2010,357
10/5/2010,411
10/6/2010,370
10/7/2010,402
10/8/2010,344
10/9/2010,361
10/10/2010,403
10/11/2010,364
10/12/2010,343
10/13/2010,350
10/14/2010,363
10/15/2010,364
10/16/2010,329
10/17/2010,443
10/18/2010,456
10/19/2010,577
10/20/2010,927
10/21/2010,739
10/22/2010,536
10/23/2010,593
10/24/2010,516
10/25/2010,549
10/26/2010,412
10/27/2010,521
10/28/2010,566
10/29/2010,495
10/30/2010,457
10/31/2010,426
11/1/2010,308
11/2/2010,357
11/3/2010,277
11/4/2010,347
11/5/2010,358
11/6/2010,440
11/7/2010,383
11/8/2010,451
11/9/2010,516
11/10/2010,410
11/11/2010,399
11/12/2010,391
11/13/2010,286
11/14/2010,341
11/15/2010,420
11/16/2010,5657
11/17/2010,8318
11/18/2010,433
11/19/2010,2103
11/20/2010,9463
11/21/2010,9343
11/22/2010,9997
11/23/2010,362
11/24/2010,324
11/25/2010,4021
11/26/2010,4926
11/27/2010,1283
11/28/2010,445
11/29/2010,453
11/30/2010,456
12/1/2010,463
12/2/2010,512
12/3/2010,447
12/4/2010,387
12/5/2010,419
12/6/2010,431
12/7/2010,469
12/8/2010,569
12/9/2010,520
12/10/2010,496
12/11/2010,376
12/12/2010,542
12/13/2010,653
12/14/2010,651
12/15/2010,641
12/16/2010,639
12/17/2010,531
12/18/2010,460
12/19/2010,509
12/20/2010,555
12/21/2010,928
12/22/2010,629
12/23/2010,673
12/24/2010,507
12/25/2010,527
12/26/2010,633
12/27/2010,584
12/28/2010,544
12/29/2010,642
12/30/2010,548
12/31/2010,565
1/1/2011,544
1/2/2011,654
1/3/2011,593
1/4/2011,1153
1/5/2011,983
1/6/2011,1315
1/7/2011,660
1/8/2011,1051
1/9/2011,1389
1/10/2011,1228
1/11/2011,1329
1/12/2011,1360
1/13/2011,1155
1/14/2011,1290
1/15/2011,1261
1/16/2011,956
1/17/2011,905
1/18/2011,836
1/19/2011,849
1/20/2011,899
1/21/2011,935
1/22/2011,1157
1/23/2011,1414
1/24/2011,1084
1/25/2011,1344
1/26/2011,870
1/27/2011,1007
1/28/2011,843
1/29/2011,1119
1/30/2011,1317
1/31/2011,2768
2/1/2011,1225
2/2/2011,1018
2/3/2011,885
2/4/2011,801
2/5/2011,908
2/6/2011,876
2/7/2011,861
2/8/2011,888
2/9/2011,879
2/10/2011,1246
2/11/2011,2038
2/12/2011,2349
2/13/2011,1931
2/14/2011,1803
2/15/2011,2020
2/16/2011,2181
2/17/2011,2104
2/18/2011,2273
2/19/2011,2027
2/20/2011,1597
2/21/2011,1951
2/22/2011,1998
2/23/2011,2155
2/24/2011,2285
2/25/2011,2093
2/26/2011,2072
2/27/2011,1915
2/28/2011,2302
3/1/2011,1699
3/2/2011,2827
3/3/2011,1926
3/4/2011,3197
3/5/2011,1988
3/6/2011,2015
3/7/2011,2049
3/8/2011,1930
3/9/2011,2457
3/10/2011,1813
3/11/2011,1706
3/12/2011,1848
3/13/2011,3012
3/14/2011,2666
3/15/2011,2655
3/16/2011,2837
3/17/2011,3338
3/18/2011,3214
3/19/2011,2751
3/20/2011,3016
3/21/2011,3865
3/22/2011,5931
3/23/2011,2339
3/24/2011,4382
3/25/2011,2188
3/26/2011,2002
3/27/2011,3330
3/28/2011,2486
3/29/2011,3145
3/30/2011,2536
3/31/2011,1693
4/1/2011,2086
4/2/2011,1563
4/3/2011,1802
4/4/2011,1792
4/5/2011,2368
4/6/2011,2075
4/7/2011,1861
4/8/2011,1672
4/9/2011,1783
4/10/2011,1712
4/11/2011,1745
4/12/2011,1965
4/13/2011,2052
4/14/2011,2414
4/15/2011,3073
4/16/2011,2010
4/17/2011,1916
4/18/2011,2289
4/19/2011,3095
4/20/2011,3553
4/21/2011,2953
4/22/2011,1906
4/23/2011,2083
4/24/2011,2317
4/25/2011,2453
4/26/2011,2534
4/27/2011,3398
4/28/2011,4577
4/29/2011,2983
4/30/2011,3632
5/1/2011,4397
5/2/2011,3914
5/3/2011,3091
5/4/2011,2972
5/5/2011,2771
5/6/2011,3492
5/7/2011,3330
5/8/2011,3812
5/9/2011,2991
5/10/2011,3479
5/11/2011,3103
5/12/2011,3111
5/13/2011,3365
5/14/2011,4068
5/15/2011,4445
5/16/2011,3820
5/17/2011,4287
5/18/2011,4439
5/19/2011,5656
5/20/2011,4593
5/21/2011,4839
5/22/2011,4909
5/23/2011,5310
5/24/2011,5766
5/25/2011,5831
5/26/2011,6401
5/27/2011,6839
5/28/2011,4866
5/29/2011,4986
5/30/2011,4855
5/31/2011,5303
6/1/2011,6077
6/2/2011,6541
6/3/2011,7105
6/4/2011,8370
6/5/2011,8941
6/6/2011,8500
6/7/2011,9766
6/8/2011,9159
6/9/2011,11653
6/10/2011,12340
6/11/2011,11339
6/12/2011,10877
6/13/2011,12563
6/14/2011,10949
6/15/2011,14218
6/16/2011,12641
6/17/2011,12658
6/18/2011,11456
6/19/2011,11410
6/20/2011,11642
6/21/2011,10947
6/22/2011,9880
6/23/2011,11481
6/24/2011,10354
6/25/2011,11050
6/26/2011,9723
6/27/2011,10303
6/28/2011,11529
6/29/2011,10675
6/30/2011,9937
7/1/2011,9539
7/2/2011,10742
7/3/2011,7889
7/4/2011,8380
7/5/2011,9771
7/6/2011,9077
7/7/2011,10406
7/8/2011,9032
7/9/2011,8537
7/10/2011,7736
7/11/2011,8678
7/12/2011,10323
7/13/2011,8296
7/14/2011,9065
7/15/2011,8791
7/16/2011,8244
7/17/2011,8705
7/18/2011,8349
7/19/2011,8882
7/20/2011,9173
7/21/2011,8831
7/22/2011,8113
7/23/2011,9071
7/24/2011,7340
7/25/2011,8504
7/26/2011,9320
7/27/2011,8220
7/28/2011,8025
7/29/2011,8177
7/30/2011,7275
7/31/2011,6100
8/1/2011,8287
8/2/2011,8461
8/3/2011,8490
8/4/2011,7813
8/5/2011,8324
8/6/2011,7697
8/7/2011,6388
8/8/2011,6744
8/9/2011,7390
8/10/2011,9166
8/11/2011,8202
8/12/2011,7613
8/13/2011,7247
8/14/2011,7594
8/15/2011,7394
8/16/2011,8157
8/17/2011,9686
8/18/2011,7715
8/19/2011,7641
8/20/2011,7500
8/21/2011,7096
8/22/2011,7572
8/23/2011,7912
8/24/2011,7209
8/25/2011,7501
8/26/2011,7170
8/27/2011,7460
8/28/2011,6411
8/29/2011,5492
8/30/2011,8284
8/31/2011,7683
9/1/2011,7298
9/2/2011,7055
9/3/2011,7193
9/4/2011,5883
9/5/2011,7247
9/6/2011,6997
9/7/2011,8003
9/8/2011,6950
9/9/2011,6536
9/10/2011,7250
9/11/2011,6066
9/12/2011,6588
9/13/2011,6287
9/14/2011,6576
9/15/2011,6311
9/16/2011,6396
9/17/2011,6261
9/18/2011,5398
9/19/2011,6020
9/20/2011,6803
9/21/2011,8030
9/22/2011,7816
9/23/2011,6083
9/24/2011,6272
9/25/2011,5750
9/26/2011,5791
9/27/2011,5593
9/28/2011,6112
9/29/2011,6032
9/30/2011,5388
10/1/2011,5957
10/2/2011,5459
10/3/2011,5078
10/4/2011,6552
10/5/2011,5554
10/6/2011,5789
10/7/2011,5920
10/8/2011,5742
10/9/2011,5359
10/10/2011,5557
10/11/2011,5852
10/12/2011,6072
10/13/2011,5812
10/14/2011,4915
10/15/2011,6112
10/16/2011,5577
10/17/2011,4958
10/18/2011,5819
10/19/2011,5039
10/20/2011,4965
10/21/2011,4647
10/22/2011,5211
10/23/2011,5431
10/24/2011,5588
10/25/2011,5657
10/26/2011,5207
10/27/2011,5393
10/28/2011,4744
10/29/2011,4859
10/30/2011,5798
10/31/2011,4738
11/1/2011,5237
11/2/2011,5854
11/3/2011,6044
11/4/2011,6391
11/5/2011,6327
11/6/2011,5792
11/7/2011,5035
11/8/2011,5634
11/9/2011,5968
11/10/2011,6704
11/11/2011,6355
11/12/2011,5189
11/13/2011,4820
11/14/2011,5721
11/15/2011,5550
11/16/2011,6404
11/17/2011,6013
11/18/2011,5021
11/19/2011,5074
11/20/2011,4710
11/21/2011,5036
11/22/2011,4974
11/23/2011,5407
11/24/2011,5520
11/25/2011,5047
11/26/2011,5415
11/27/2011,4690
11/28/2011,5093
11/29/2011,5928
11/30/2011,6550
12/1/2011,6765
12/2/2011,6512
12/3/2011,6036
12/4/2011,5859
12/5/2011,5221
12/6/2011,6334
12/7/2011,7976
12/8/2011,6235
12/9/2011,5752
12/10/2011,5573
12/11/2011,5699
12/12/2011,5199
12/13/2011,5025
12/14/2011,5212
12/15/2011,5706
12/16/2011,5142
12/17/2011,5061
12/18/2011,4741
12/19/2011,4744
12/20/2011,5765
12/21/2011,6426
12/22/2011,5542
12/23/2011,5871
12/24/2011,5498
12/25/2011,4668
12/26/2011,5312
12/27/2011,5715
12/28/2011,5134
12/29/2011,5122
12/30/2011,5106
12/31/2011,5034
1/1/2012,5178
1/2/2012,4984
1/3/2012,5541
1/4/2012,5676
1/5/2012,5927
1/6/2012,6864
1/7/2012,6533
1/8/2012,6139
1/9/2012,6279
1/10/2012,6180
1/11/2012,6450
1/12/2012,7238
1/13/2012,6817
1/14/2012,6694
1/15/2012,6944
1/16/2012,6156
1/17/2012,6987
1/18/2012,6986
1/19/2012,6527
1/20/2012,6870
1/21/2012,6731
1/22/2012,6318
1/23/2012,5374
1/24/2012,6262
1/25/2012,7357
1/26/2012,8014
1/27/2012,6319
1/28/2012,6263
1/29/2012,6044
1/30/2012,6370
1/31/2012,6053
2/1/2012,7083
2/2/2012,6519
2/3/2012,7029
2/4/2012,7164
2/5/2012,7230
2/6/2012,6707
2/7/2012,6220
2/8/2012,6930
2/9/2012,7129
2/10/2012,7403
2/11/2012,8634
2/12/2012,7597
2/13/2012,6948
2/14/2012,8165
2/15/2012,9614
2/16/2012,9526
2/17/2012,9178
2/18/2012,6684
2/19/2012,6454
2/20/2012,5922
2/21/2012,6570
2/22/2012,6220
2/23/2012,7151
2/24/2012,8210
2/25/2012,6893
2/26/2012,6194
2/27/2012,5750
2/28/2012,6906
2/29/2012,6633
3/1/2012,6811
3/2/2012,6812
3/3/2012,7635
3/4/2012,5336
3/5/2012,6339
3/6/2012,7002
3/7/2012,6436
3/8/2012,6620
3/9/2012,6542
3/10/2012,6587
3/11/2012,5373
3/12/2012,5031
3/13/2012,6446
3/14/2012,7330
3/15/2012,6879
3/16/2012,6309
3/17/2012,6784
3/18/2012,7042
3/19/2012,6048
3/20/2012,6763
3/21/2012,6544
3/22/2012,6976
3/23/2012,6621
3/24/2012,6139
3/25/2012,6360
3/26/2012,6212
3/27/2012,6811
3/28/2012,6566
3/29/2012,7045
3/30/2012,7779
3/31/2012,6786
4/1/2012,6217
4/2/2012,5566
4/3/2012,6512
4/4/2012,7681
4/5/2012,7213
4/6/2012,7014
4/7/2012,6729
4/8/2012,5957
4/9/2012,5847
4/10/2012,6679
4/11/2012,8492
4/12/2012,8135
4/13/2012,7967
4/14/2012,7309
4/15/2012,8024
4/16/2012,7189
4/17/2012,8521
4/18/2012,7911
4/19/2012,8526
4/20/2012,7796
4/21/2012,8249
4/22/2012,7334
4/23/2012,6220
4/24/2012,7353
4/25/2012,7593
4/26/2012,7493
4/27/2012,10204
4/28/2012,7008
4/29/2012,7455
4/30/2012,7840
5/1/2012,9317
5/2/2012,10381
5/3/2012,9927
5/4/2012,13943
5/5/2012,14596
5/6/2012,12560
5/7/2012,11193
5/8/2012,18479
5/9/2012,17456
5/10/2012,17553
5/11/2012,13465
5/12/2012,17126
5/13/2012,18272
5/14/2012,15325
5/15/2012,28511
5/16/2012,23106
5/17/2012,16821
5/18/2012,17674
5/19/2012,24391
5/20/2012,36987
5/21/2012,29159
5/22/2012,31830
5/23/2012,23952
5/24/2012,26620
5/25/2012,27151
5/26/2012,29051
5/27/2012,22714
5/28/2012,26748
5/29/2012,29872
5/30/2012,30289
5/31/2012,25517
6/1/2012,20463
6/2/2012,26842
6/3/2012,13098
6/4/2012,34821
6/5/2012,45949
6/6/2012,42606
6/7/2012,17339
6/8/2012,32906
6/9/2012,24072
6/10/2012,33252
6/11/2012,39921
6/12/2012,32766
6/13/2012,20060
6/14/2012,55102
6/15/2012,62006
6/16/2012,55861
6/17/2012,42585
6/18/2012,43641
6/19/2012,38210
6/20/2012,36945
6/21/2012,32535
6/22/2012,26675
6/23/2012,22441
6/24/2012,22452
6/25/2012,22276
6/26/2012,28907
6/27/2012,30473
6/28/2012,30316
6/29/2012,27117
6/30/2012,23222
7/1/2012,22148
7/2/2012,19522
7/3/2012,25449
7/4/2012,21643
7/5/2012,23146
7/6/2012,22165
7/7/2012,24430
7/8/2012,25390
7/9/2012,20477
7/10/2012,25748
7/11/2012,35075
7/12/2012,30812
7/13/2012,24551
7/14/2012,24579
7/15/2012,22255
7/16/2012,26560
7/17/2012,31355
7/18/2012,35262
7/19/2012,32514
7/20/2012,31509
7/21/2012,36414
7/22/2012,34942
7/23/2012,36450
7/24/2012,30972
7/25/2012,29123
7/26/2012,26131
7/27/2012,30521
7/28/2012,27331
7/29/2012,35414
7/30/2012,34168
7/31/2012,34444
8/1/2012,42464
8/2/2012,30259
8/3/2012,32865
8/4/2012,27323
8/5/2012,29654
8/6/2012,33800
8/7/2012,35396
8/8/2012,29055
8/9/2012,39376
8/10/2012,30892
8/11/2012,27960
8/12/2012,33035
8/13/2012,35594
8/14/2012,48487
8/15/2012,34921
8/16/2012,53457
8/17/2012,45425
8/18/2012,41075
8/19/2012,36763
8/20/2012,36659
8/21/2012,36298
8/22/2012,44124
8/23/2012,35965
8/24/2012,31512
8/25/2012,31922
8/26/2012,33383
8/27/2012,29713
8/28/2012,33584
8/29/2012,30031
8/30/2012,33807
8/31/2012,34045
9/1/2012,41195
9/2/2012,39991
9/3/2012,33323
9/4/2012,39368
9/5/2012,38817
9/6/2012,41347
9/7/2012,42805
9/8/2012,33580
9/9/2012,31270
9/10/2012,31636
9/11/2012,33477
9/12/2012,38708
9/13/2012,27280
9/14/2012,29111
9/15/2012,36511
9/16/2012,27455
9/17/2012,27568
9/18/2012,25195
9/19/2012,32003
9/20/2012,32230
9/21/2012,31715
9/22/2012,29984
9/23/2012,22078
9/24/2012,27938
9/25/2012,28932
9/26/2012,26194
9/27/2012,31024
9/28/2012,27751
9/29/2012,34714
9/30/2012,22483
10/1/2012,21116
10/2/2012,24625
10/3/2012,32824
10/4/2012,26965
10/5/2012,33567
10/6/2012,34928
10/7/2012,34072
10/8/2012,33610
10/9/2012,38729
10/10/2012,35185
10/11/2012,31730
10/12/2012,26620
10/13/2012,28629
10/14/2012,33450
10/15/2012,27433
10/16/2012,31368
10/17/2012,33708
10/18/2012,32442
10/19/2012,27869
10/20/2012,25886
10/21/2012,29930
10/22/2012,41269
10/23/2012,43154
10/24/2012,31571
10/25/2012,33105
10/26/2012,26015
10/27/2012,21783
10/28/2012,16349
10/29/2012,18005
10/30/2012,22077
10/31/2012,31096
11/1/2012,26593
11/2/2012,24047
11/3/2012,29011
11/4/2012,24446
11/5/2012,23802
11/6/2012,32464
11/7/2012,32576
11/8/2012,35890
11/9/2012,32253
11/10/2012,24975
11/11/2012,26824
11/12/2012,23742
11/13/2012,24162
11/14/2012,26308
11/15/2012,31171
11/16/2012,37261
11/17/2012,40162
11/18/2012,31766
11/19/2012,34985
11/20/2012,36286
11/21/2012,37882
11/22/2012,38253
11/23/2012,31620
11/24/2012,32007
11/25/2012,29186
11/26/2012,35926
11/27/2012,37453
11/28/2012,27100
11/29/2012,37963
11/30/2012,36545
12/1/2012,30792
12/2/2012,32591
12/3/2012,20269
12/4/2012,22345
12/5/2012,33279
12/6/2012,34018
12/7/2012,35673
12/8/2012,32853
12/9/2012,32350
12/10/2012,31885
12/11/2012,36523
12/12/2012,37025
12/13/2012,36996
12/14/2012,41758
12/15/2012,38727
12/16/2012,33163
12/17/2012,36239
12/18/2012,40790
12/19/2012,49804
12/20/2012,46033
12/21/2012,35009
12/22/2012,44278
12/23/2012,50285
12/24/2012,38157
12/25/2012,34999
12/26/2012,29980
12/27/2012,36275
12/28/2012,43676
12/29/2012,47149
12/30/2012,38773
12/31/2012,43029
1/1/2013,31043
1/2/2013,33054
1/3/2013,37772
1/4/2013,43695
1/5/2013,47523
1/6/2013,39952
1/7/2013,33073
1/8/2013,40589
1/9/2013,38973
1/10/2013,42794
1/11/2013,52731
1/12/2013,52651
1/13/2013,46323
1/14/2013,49918
1/15/2013,43606
1/16/2013,46228
1/17/2013,51931
1/18/2013,49012
1/19/2013,49506
1/20/2013,55341
1/21/2013,41372
1/22/2013,40774
1/23/2013,42541
1/24/2013,47485
1/25/2013,45772
1/26/2013,49643
1/27/2013,52865
1/28/2013,53884
1/29/2013,52883
1/30/2013,50610
1/31/2013,41090
2/1/2013,52660
2/2/2013,57665
2/3/2013,54676
2/4/2013,60665
2/5/2013,55923
2/6/2013,54010
2/7/2013,42036
2/8/2013,63324
2/9/2013,59963
2/10/2013,57607
2/11/2013,56259
2/12/2013,57910
2/13/2013,58658
2/14/2013,58366
2/15/2013,51616
2/16/2013,54609
2/17/2013,52540
2/18/2013,49647
2/19/2013,50257
2/20/2013,53583
2/21/2013,60436
2/22/2013,56531
2/23/2013,61769
2/24/2013,57865
2/25/2013,56800
2/26/2013,68379
2/27/2013,62472
2/28/2013,61163
3/1/2013,62931
3/2/2013,64611
3/3/2013,55949
3/4/2013,53269
3/5/2013,64161
3/6/2013,56286
3/7/2013,63389
3/8/2013,67369
3/9/2013,55348
3/10/2013,55808
3/11/2013,73109
3/12/2013,58718
3/13/2013,49952
3/14/2013,56366
3/15/2013,58581
3/16/2013,63052
3/17/2013,33162
3/18/2013,35457
3/19/2013,43514
3/20/2013,45987
3/21/2013,46313
3/22/2013,56000
3/23/2013,60488
3/24/2013,52390
3/25/2013,52000
3/26/2013,47758
3/27/2013,50219
3/28/2013,52350
3/29/2013,61772
3/30/2013,61255
3/31/2013,60832
4/1/2013,43603
4/2/2013,52743
4/3/2013,62692
4/4/2013,65557
4/5/2013,65667
4/6/2013,60974
4/7/2013,51897
4/8/2013,63379
4/9/2013,62370
4/10/2013,68053
4/11/2013,62938
4/12/2013,67987
4/13/2013,58649
4/14/2013,53293
4/15/2013,56825
4/16/2013,53774
4/17/2013,67440
4/18/2013,56660
4/19/2013,49049
4/20/2013,57662
4/21/2013,47336
4/22/2013,44420
4/23/2013,47124
4/24/2013,61980
4/25/2013,65670
4/26/2013,61379
4/27/2013,55572
4/28/2013,43134
4/29/2013,42865
4/30/2013,52096
5/1/2013,46724
5/2/2013,56865
5/3/2013,54474
5/4/2013,51128
5/5/2013,50747
5/6/2013,50027
5/7/2013,52951
5/8/2013,57522
5/9/2013,50618
5/10/2013,67186
5/11/2013,67681
5/12/2013,73592
5/13/2013,64882
5/14/2013,60740
5/15/2013,67174
5/16/2013,62975
5/17/2013,61300
5/18/2013,59361
5/19/2013,52215
5/20/2013,47157
5/21/2013,48781
5/22/2013,54104
5/23/2013,52052
5/24/2013,59821
5/25/2013,54828
5/26/2013,50928
5/27/2013,40886
5/28/2013,53334
5/29/2013,58380
5/30/2013,54336
5/31/2013,56516
6/1/2013,54481
6/2/2013,53826
6/3/2013,50166
6/4/2013,56634
6/5/2013,56640
6/6/2013,57276
6/7/2013,54462
6/8/2013,52220
6/9/2013,47511
6/10/2013,44912
6/11/2013,45317
6/12/2013,48895
6/13/2013,46119
6/14/2013,43872
6/15/2013,49163
6/16/2013,36018
6/17/2013,43335
6/18/2013,46656
6/19/2013,45116
6/20/2013,47132
6/21/2013,53799
6/22/2013,45963
6/23/2013,44554
6/24/2013,38240
6/25/2013,44671
6/26/2013,44144
6/27/2013,47094
6/28/2013,45044
6/29/2013,50165
6/30/2013,36217
7/1/2013,30277
7/2/2013,39068
7/3/2013,39695
7/4/2013,35238
7/5/2013,35485
7/6/2013,36886
7/7/2013,32914
7/8/2013,30929
7/9/2013,39367
7/10/2013,40849
7/11/2013,39705
7/12/2013,43623
7/13/2013,49385
7/14/2013,37354
7/15/2013,33610
7/16/2013,37553
7/17/2013,40163
7/18/2013,39766
7/19/2013,41105
7/20/2013,36654
7/21/2013,34289
7/22/2013,34945
7/23/2013,39909
7/24/2013,38514
7/25/2013,42877
7/26/2013,41626
7/27/2013,37915
7/28/2013,36122
7/29/2013,38806
7/30/2013,40570
7/31/2013,43808
8/1/2013,48759
8/2/2013,51161
8/3/2013,52204
8/4/2013,44298
8/5/2013,44014
8/6/2013,49991
8/7/2013,54776
8/8/2013,58041
8/9/2013,57097
8/10/2013,50620
8/11/2013,50577
8/12/2013,38686
8/13/2013,50256
8/14/2013,54053
8/15/2013,51034
8/16/2013,57340
8/17/2013,71296
8/18/2013,57884
8/19/2013,56769
8/20/2013,70235
8/21/2013,62767
8/22/2013,62148
8/23/2013,65516
8/24/2013,55034
8/25/2013,52119
8/26/2013,45291
8/27/2013,55282
8/28/2013,62007
8/29/2013,65702
8/30/2013,58822
8/31/2013,61944
9/1/2013,46689
9/2/2013,46812
9/3/2013,52147
9/4/2013,52446
9/5/2013,51779
9/6/2013,61253
9/7/2013,62484
9/8/2013,50614
9/9/2013,45723
9/10/2013,58499
9/11/2013,52785
9/12/2013,48636
9/13/2013,53547
9/14/2013,44823
9/15/2013,42436
9/16/2013,54198
9/17/2013,53392
9/18/2013,68219
9/19/2013,58808
9/20/2013,60532
9/21/2013,57738
9/22/2013,52487
9/23/2013,51526
9/24/2013,65351
9/25/2013,62339
9/26/2013,55690
9/27/2013,57019
9/28/2013,46349
9/29/2013,42820
9/30/2013,40430
10/1/2013,47035
10/2/2013,58523
10/3/2013,60652
10/4/2013,60173
10/5/2013,51115
10/6/2013,45319
10/7/2013,43414
10/8/2013,45878
10/9/2013,44161
10/10/2013,51372
10/11/2013,56865
10/12/2013,51249
10/13/2013,49530
10/14/2013,50884
10/15/2013,57474
10/16/2013,56370
10/17/2013,50124
10/18/2013,48364
10/19/2013,58326
10/20/2013,57031
10/21/2013,47970
10/22/2013,60596
10/23/2013,64950
10/24/2013,55959
10/25/2013,63123
10/26/2013,57541
10/27/2013,47519
10/28/2013,43860
10/29/2013,51090
10/30/2013,50195
10/31/2013,49095
11/1/2013,56822
11/2/2013,45099
11/3/2013,39879
11/4/2013,34979
11/5/2013,46664
11/6/2013,52287
11/7/2013,55761
11/8/2013,59467
11/9/2013,59921
11/10/2013,55136
11/11/2013,56594
11/12/2013,56984
11/13/2013,58313
11/14/2013,65989
11/15/2013,69210
11/16/2013,60373
11/17/2013,46595
11/18/2013,52547
11/19/2013,82342
11/20/2013,90768
11/21/2013,75577
11/22/2013,73241
11/23/2013,77329
11/24/2013,70961
11/25/2013,60804
11/26/2013,71629
11/27/2013,87546
11/28/2013,92785
11/29/2013,99013
11/30/2013,89811
12/1/2013,74092
12/2/2013,72282
12/3/2013,76332
12/4/2013,76885
12/5/2013,80864
12/6/2013,84252
12/7/2013,70430
12/8/2013,66158
12/9/2013,47930
12/10/2013,63728
12/11/2013,69205
12/12/2013,66887
12/13/2013,56843
12/14/2013,61179
12/15/2013,53212
12/16/2013,52891
12/17/2013,70156
12/18/2013,66531
12/19/2013,81414
12/20/2013,70248
12/21/2013,67599
12/22/2013,55027
12/23/2013,52405
12/24/2013,53783
12/25/2013,56120
12/26/2013,54556
12/27/2013,52342
12/28/2013,53680
12/29/2013,46842
12/30/2013,51327
12/31/2013,55125
1/1/2014,48718
1/2/2014,42588
1/3/2014,55330
1/4/2014,61496
1/5/2014,52042
1/6/2014,57680
1/7/2014,68669
1/8/2014,62360
1/9/2014,61058
1/10/2014,59254
1/11/2014,54899
1/12/2014,56136
1/13/2014,49465
1/14/2014,54673
1/15/2014,56031
1/16/2014,62935
1/17/2014,55787
1/18/2014,59298
1/19/2014,51359
1/20/2014,47593
1/21/2014,63707
1/22/2014,73236
1/23/2014,64988
1/24/2014,62832
1/25/2014,66755
1/26/2014,53078
1/27/2014,53442
1/28/2014,64529
1/29/2014,66167
1/30/2014,59673
1/31/2014,61116
2/1/2014,59111
2/2/2014,55904
2/3/2014,51305
2/4/2014,59598
2/5/2014,68238
2/6/2014,67548
2/7/2014,69904
2/8/2014,72579
2/9/2014,63345
2/10/2014,57702
2/11/2014,66011
2/12/2014,67386
2/13/2014,61011
2/14/2014,69344
2/15/2014,73888
2/16/2014,61644
2/17/2014,57630
2/18/2014,61591
2/19/2014,64324
2/20/2014,72695
2/21/2014,68781
2/22/2014,70725
2/23/2014,57724
2/24/2014,59509
2/25/2014,74600
2/26/2014,79607
2/27/2014,72340
2/28/2014,72528
3/1/2014,71391
3/2/2014,62094
3/3/2014,57785
3/4/2014,81438
3/5/2014,83316
3/6/2014,72735
3/7/2014,69439
3/8/2014,72411
3/9/2014,64962
3/10/2014,61520
3/11/2014,71738
3/12/2014,77100
3/13/2014,75925
3/14/2014,73273
3/15/2014,69467
3/16/2014,60519
3/17/2014,59713
3/18/2014,64808
3/19/2014,55848
3/20/2014,72985
3/21/2014,72859
3/22/2014,70792
3/23/2014,67560
3/24/2014,58608
3/25/2014,69248
3/26/2014,73210
3/27/2014,67282
3/28/2014,73854
3/29/2014,64211
3/30/2014,54831
3/31/2014,54971
4/1/2014,65968
4/2/2014,65173
4/3/2014,65279
4/4/2014,68092
4/5/2014,65151
4/6/2014,55034
4/7/2014,51048
4/8/2014,66641
4/9/2014,67129
4/10/2014,64534
4/11/2014,69411
4/12/2014,64292
4/13/2014,47912
4/14/2014,50815
4/15/2014,70083
4/16/2014,73958
4/17/2014,68335
4/18/2014,66215
4/19/2014,56155
4/20/2014,53160
4/21/2014,48406
4/22/2014,61135
4/23/2014,75990
4/24/2014,75880
4/25/2014,70290
4/26/2014,73669
4/27/2014,50662
4/28/2014,53000
4/29/2014,65138
4/30/2014,64708
5/1/2014,64132
5/2/2014,59763
5/3/2014,60557
5/4/2014,53957
5/5/2014,54213
5/6/2014,64839
5/7/2014,76308
5/8/2014,70217
5/9/2014,68663
5/10/2014,66618
5/11/2014,56636
5/12/2014,54108
5/13/2014,73929
5/14/2014,67979
5/15/2014,69489
5/16/2014,75473
5/17/2014,65125
5/18/2014,53962
5/19/2014,51261
5/20/2014,61840
5/21/2014,72029
5/22/2014,69973
5/23/2014,72583
5/24/2014,74470
5/25/2014,51702
5/26/2014,57787
5/27/2014,65451
5/28/2014,70089
5/29/2014,72337
5/30/2014,63959
5/31/2014,65979
6/1/2014,51286
6/2/2014,55896
6/3/2014,65023
6/4/2014,68612
6/5/2014,66709
6/6/2014,65975
6/7/2014,61870
6/8/2014,53148
6/9/2014,47200
6/10/2014,58369
6/11/2014,65229
6/12/2014,62323
6/13/2014,63601
6/14/2014,65116
6/15/2014,53664
6/16/2014,54929
6/17/2014,67991
6/18/2014,69515
6/19/2014,63186
6/20/2014,62641
6/21/2014,57321
6/22/2014,51269
6/23/2014,50777
6/24/2014,60291
6/25/2014,64263
6/26/2014,64243
6/27/2014,61250
6/28/2014,62921
6/29/2014,54902
6/30/2014,50331
7/1/2014,69934
7/2/2014,69881
7/3/2014,65987
7/4/2014,61977
7/5/2014,59874
7/6/2014,49033
7/7/2014,52606
7/8/2014,65983
7/9/2014,69493
7/10/2014,69819
7/11/2014,62972
7/12/2014,58787
7/13/2014,53973
7/14/2014,51912
7/15/2014,64082
7/16/2014,71367
7/17/2014,66077
7/18/2014,65789
7/19/2014,63965
7/20/2014,58647
7/21/2014,53697
7/22/2014,63522
7/23/2014,67406
7/24/2014,65986
7/25/2014,66002
7/26/2014,62366
7/27/2014,57003
7/28/2014,51403
7/29/2014,65053
7/30/2014,62690
7/31/2014,65667
8/1/2014,69804
8/2/2014,66204
8/3/2014,55371
8/4/2014,54448
8/5/2014,67977
8/6/2014,74772
8/7/2014,77365
8/8/2014,69465
8/9/2014,67955
8/10/2014,61297
8/11/2014,59101
8/12/2014,73310
8/13/2014,79012
8/14/2014,75227
8/15/2014,81096
8/16/2014,73695
8/17/2014,65465
8/18/2014,60213
8/19/2014,72553
8/20/2014,75046
8/21/2014,73078
8/22/2014,73255
8/23/2014,66917
8/24/2014,57909
8/25/2014,57212
8/26/2014,69671
8/27/2014,72515
8/28/2014,75672
8/29/2014,68006
8/30/2014,67945
8/31/2014,61386
9/1/2014,58674
9/2/2014,69487
9/3/2014,73425
9/4/2014,69599
9/5/2014,71468
9/6/2014,70656
9/7/2014,60404
9/8/2014,60406
9/9/2014,76790
9/10/2014,81285
9/11/2014,75176
9/12/2014,64458
9/13/2014,67435
9/14/2014,60655
9/15/2014,68368
9/16/2014,78076
9/17/2014,89715
9/18/2014,78712
9/19/2014,76536
9/20/2014,70264
9/21/2014,64344
9/22/2014,58042
9/23/2014,73667
9/24/2014,77073
9/25/2014,75458
9/26/2014,78868
9/27/2014,72751
9/28/2014,61153
9/29/2014,63548
9/30/2014,79295
10/1/2014,77378
10/2/2014,79282
10/3/2014,73285
10/4/2014,74223
10/5/2014,66974
10/6/2014,66287
10/7/2014,79108
10/8/2014,77306
10/9/2014,79146
10/10/2014,82759
10/11/2014,79614
10/12/2014,65729
10/13/2014,65144
10/14/2014,77641
10/15/2014,83074
10/16/2014,74852
10/17/2014,75847
10/18/2014,68296
10/19/2014,67027
10/20/2014,65391
10/21/2014,82388
10/22/2014,80906
10/23/2014,79283
10/24/2014,80561
10/25/2014,81572
10/26/2014,69077
10/27/2014,70693
10/28/2014,85248
10/29/2014,88113
10/30/2014,94513
10/31/2014,91785
11/1/2014,84706
11/2/2014,69519
11/3/2014,76680
11/4/2014,90453
11/5/2014,90638
11/6/2014,89246
11/7/2014,90974
11/8/2014,84048
11/9/2014,74852
11/10/2014,73064
11/11/2014,89472
11/12/2014,84699
11/13/2014,97897
11/14/2014,90652
11/15/2014,85632
11/16/2014,72783
11/17/2014,75683
11/18/2014,88198
11/19/2014,87688
11/20/2014,89249
11/21/2014,86322
11/22/2014,80798
11/23/2014,75731
11/24/2014,78316
11/25/2014,86199
11/26/2014,83182
11/27/2014,87465
11/28/2014,84003
11/29/2014,84970
11/30/2014,80187
12/1/2014,84569
12/2/2014,100693
12/3/2014,99978
12/4/2014,95960
12/5/2014,99542
12/6/2014,90265
12/7/2014,79850
12/8/2014,74595
12/9/2014,91214
12/10/2014,91055
12/11/2014,89373
12/12/2014,84144
12/13/2014,79643
12/14/2014,75271
12/15/2014,81745
12/16/2014,97119
12/17/2014,99380
12/18/2014,97401
12/19/2014,95029
12/20/2014,94670
12/21/2014,86438
12/22/2014,79684
12/23/2014,96686
12/24/2014,100234
12/25/2014,80538
12/26/2014,67884
12/27/2014,77406
12/28/2014,78166
12/29/2014,72771
12/30/2014,86027
12/31/2014,83173
1/1/2015,75981
1/2/2015,60342
1/3/2015,83215
1/4/2015,81566
1/5/2015,82941
1/6/2015,95877
1/7/2015,89006
1/8/2015,92709
1/9/2015,105758
1/10/2015,100537
1/11/2015,106489
1/12/2015,89906
1/13/2015,100893
1/14/2015,98367
1/15/2015,107138
1/16/2015,119812
1/17/2015,104881
1/18/2015,88554
1/19/2015,83918
1/20/2015,99152
1/21/2015,100300
1/22/2015,93417
1/23/2015,95623
1/24/2015,94202
1/25/2015,80759
1/26/2015,85954
1/27/2015,108022
1/28/2015,99414
1/29/2015,85251
1/30/2015,92448
1/31/2015,79874
2/1/2015,86797
2/2/2015,78312
2/3/2015,87349
2/4/2015,91505
2/5/2015,89049
2/6/2015,87707
2/7/2015,84886
2/8/2015,85927
2/9/2015,83439
2/10/2015,105056
2/11/2015,102246
2/12/2015,98718
2/13/2015,88377
2/14/2015,113935
2/15/2015,100639
2/16/2015,82240
2/17/2015,103609
2/18/2015,104223
2/19/2015,104124
2/20/2015,93881
2/21/2015,99386
2/22/2015,88320
2/23/2015,84779
2/24/2015,104654
2/25/2015,103282
2/26/2015,103414
2/27/2015,101372
2/28/2015,103737
3/1/2015,88113
3/2/2015,88080
3/3/2015,107182
3/4/2015,110646
3/5/2015,98962
3/6/2015,97656
3/7/2015,93809
3/8/2015,91274
3/9/2015,90190
3/10/2015,106936
3/11/2015,102139
3/12/2015,103459
3/13/2015,93612
3/14/2015,97226
3/15/2015,91341
3/16/2015,83403
3/17/2015,105729
3/18/2015,99828
3/19/2015,98461
3/20/2015,106909
3/21/2015,102333
3/22/2015,96350
3/23/2015,90151
3/24/2015,102477
3/25/2015,92815
3/26/2015,98394
3/27/2015,101586
3/28/2015,98534
3/29/2015,89091
3/30/2015,92048
3/31/2015,104273
4/1/2015,114827
4/2/2015,120880
4/3/2015,109922
4/4/2015,106104
4/5/2015,87758
4/6/2015,96669
4/7/2015,105403
4/8/2015,113367
4/9/2015,109473
4/10/2015,116597
4/11/2015,109789
4/12/2015,100336
4/13/2015,86731
4/14/2015,116446
4/15/2015,108900
4/16/2015,108099
4/17/2015,99665
4/18/2015,101114
4/19/2015,97726
4/20/2015,93562
4/21/2015,116630
4/22/2015,110410
4/23/2015,113488
4/24/2015,110064
4/25/2015,105725
4/26/2015,100761
4/27/2015,93666
4/28/2015,113502
4/29/2015,113695
4/30/2015,117681
5/1/2015,110813
5/2/2015,101600
5/3/2015,93056
5/4/2015,83996
5/5/2015,104639
5/6/2015,115943
5/7/2015,111413
5/8/2015,110526
5/9/2015,110300
5/10/2015,96146
5/11/2015,87420
5/12/2015,110305
5/13/2015,109757
5/14/2015,110724
5/15/2015,102211
5/16/2015,104674
5/17/2015,89432
5/18/2015,89255
5/19/2015,97102
5/20/2015,109093
5/21/2015,104961
5/22/2015,98152
5/23/2015,103176
5/24/2015,87309
5/25/2015,91274
5/26/2015,107638
5/27/2015,111103
5/28/2015,106376
5/29/2015,110658
5/30/2015,130459
5/31/2015,122358
6/1/2015,97504
6/2/2015,132800
6/3/2015,125867
6/4/2015,129540
6/5/2015,114826
6/6/2015,109031
6/7/2015,93769
6/8/2015,82651
6/9/2015,111827
6/10/2015,121288
6/11/2015,129785
6/12/2015,120775
6/13/2015,125544
6/14/2015,105389
6/15/2015,105528
6/16/2015,128713
6/17/2015,120490
6/18/2015,132164
6/19/2015,125986
6/20/2015,126161
6/21/2015,100679
6/22/2015,96893
6/23/2015,119050
6/24/2015,126816
6/25/2015,113505
6/26/2015,109345
6/27/2015,117872
6/28/2015,103918
6/29/2015,100782
6/30/2015,124919
7/1/2015,155893
7/2/2015,142844
7/3/2015,143108
7/4/2015,129505
7/5/2015,103870
7/6/2015,114868
7/7/2015,181063
7/8/2015,191044
7/9/2015,195743
7/10/2015,195122
7/11/2015,190285
7/12/2015,187106
7/13/2015,208763
7/14/2015,158608
7/15/2015,125006
7/16/2015,112316
7/17/2015,116194
7/18/2015,114999
7/19/2015,134191
7/20/2015,117812
7/21/2015,125426
7/22/2015,134327
7/23/2015,129136
7/24/2015,110647
7/25/2015,108295
7/26/2015,100721
7/27/2015,93691
7/28/2015,114360
7/29/2015,122016
7/30/2015,140654
7/31/2015,124672
8/1/2015,145594
8/2/2015,148609
8/3/2015,104123
8/4/2015,119554
8/5/2015,133122
8/6/2015,131447
8/7/2015,134954
8/8/2015,115521
8/9/2015,101111
8/10/2015,88286
8/11/2015,116095
8/12/2015,116143
8/13/2015,117096
8/14/2015,115955
8/15/2015,110660
8/16/2015,96544
8/17/2015,88755
8/18/2015,120778
8/19/2015,117817
8/20/2015,116597
8/21/2015,119597
8/22/2015,112976
8/23/2015,104503
8/24/2015,94171
8/25/2015,126562
8/26/2015,123099
8/27/2015,123940
8/28/2015,117195
8/29/2015,120174
8/30/2015,109204
8/31/2015,96926
9/1/2015,129239
9/2/2015,131334
9/3/2015,151163
9/4/2015,125419
9/5/2015,102290
9/6/2015,127669
9/7/2015,106068
9/8/2015,124540
9/9/2015,127942
9/10/2015,124154
9/11/2015,123401
9/12/2015,182218
9/13/2015,136901
9/14/2015,144780
9/15/2015,169152
9/16/2015,161904
9/17/2015,169261
9/18/2015,257124
9/19/2015,162292
9/20/2015,114444
9/21/2015,107870
9/22/2015,133147
9/23/2015,135371
9/24/2015,132760
9/25/2015,125913
9/26/2015,126641
9/27/2015,116243
9/28/2015,108985
9/29/2015,136208
9/30/2015,141393
10/1/2015,140704
10/2/2015,136428
10/3/2015,140884
10/4/2015,115486
10/5/2015,102203
10/6/2015,129598
10/7/2015,144808
10/8/2015,135900
10/9/2015,134213
10/10/2015,119971
10/11/2015,123873
10/12/2015,104974
10/13/2015,135314
10/14/2015,134880
10/15/2015,143469
10/16/2015,151767
10/17/2015,143902
10/18/2015,140920
10/19/2015,113453
10/20/2015,146839
10/21/2015,147677
10/22/2015,145383
10/23/2015,152192
10/24/2015,138503
10/25/2015,143941
10/26/2015,130675
10/27/2015,115981
10/28/2015,153686
10/29/2015,161164
10/30/2015,160631
10/31/2015,163874
11/1/2015,155998
11/2/2015,153163
11/3/2015,174238
11/4/2015,185273
11/5/2015,205612
11/6/2015,181876
11/7/2015,166763
11/8/2015,151015
11/9/2015,135500
11/10/2015,156298
11/11/2015,160608
11/12/2015,162111
11/13/2015,160077
11/14/2015,153334
11/15/2015,149283
11/16/2015,140163
11/17/2015,160679
11/18/2015,158726
11/19/2015,166646
11/20/2015,148952
11/21/2015,157942
11/22/2015,148926
11/23/2015,130028
11/24/2015,147039
11/25/2015,152443
11/26/2015,153064
11/27/2015,163457
11/28/2015,161973
11/29/2015,164020
11/30/2015,130631
12/1/2015,185136
12/2/2015,176894
12/3/2015,183026
12/4/2015,163964
12/5/2015,171532
12/6/2015,188934
12/7/2015,177017
12/8/2015,193968
12/9/2015,198869
12/10/2015,217843
12/11/2015,212312
12/12/2015,210801
12/13/2015,204268
12/14/2015,188202
12/15/2015,231972
12/16/2015,224895
12/17/2015,222814
12/18/2015,213507
12/19/2015,217703
12/20/2015,208198
12/21/2015,196582
12/22/2015,233367
12/23/2015,218180
12/24/2015,220100
12/25/2015,213498
12/26/2015,174030
12/27/2015,179398
12/28/2015,160731
12/29/2015,174910
12/30/2015,184606
12/31/2015,177568
1/1/2016,153492
1/2/2016,124562
1/3/2016,148009
1/4/2016,145174
1/5/2016,178757
1/6/2016,183816
1/7/2016,171949
1/8/2016,191234
1/9/2016,179776
1/10/2016,185765
1/11/2016,156134
1/12/2016,193070
1/13/2016,194607
1/14/2016,192625
1/15/2016,181970
1/16/2016,179235
1/17/2016,197566
1/18/2016,196346
1/19/2016,216832
1/20/2016,188141
1/21/2016,209790
1/22/2016,217411
1/23/2016,216300
1/24/2016,188222
1/25/2016,204555
1/26/2016,224440
1/27/2016,228959
1/28/2016,230496
1/29/2016,221717
1/30/2016,223178
1/31/2016,195293
2/1/2016,177995
2/2/2016,226597
2/3/2016,238374
2/4/2016,187590
2/5/2016,202189
2/6/2016,222843
2/7/2016,228752
2/8/2016,210713
2/9/2016,228758
2/10/2016,233133
2/11/2016,229392
2/12/2016,221317
2/13/2016,201779
2/14/2016,184889
2/15/2016,189842
2/16/2016,220771
2/17/2016,216386
2/18/2016,224254
2/19/2016,213865
2/20/2016,218218
2/21/2016,216170
2/22/2016,208632
2/23/2016,236333
2/24/2016,249140
2/25/2016,219907
2/26/2016,217777
2/27/2016,203941
2/28/2016,177026
2/29/2016,239889
3/1/2016,264195
3/2/2016,275696
3/3/2016,265794
3/4/2016,228354
3/5/2016,200885
3/6/2016,235919
3/7/2016,161235
3/8/2016,187354
3/9/2016,197659
3/10/2016,186842
3/11/2016,190816
3/12/2016,195566
3/13/2016,166612
3/14/2016,148034
3/15/2016,189260
3/16/2016,204389
3/17/2016,211990
3/18/2016,206933
3/19/2016,204445
3/20/2016,180774
3/21/2016,174932
3/22/2016,199892
3/23/2016,203331
3/24/2016,190083
3/25/2016,189239
3/26/2016,170788
3/27/2016,159570
3/28/2016,158866
3/29/2016,199511
3/30/2016,200784
3/31/2016,198641
4/1/2016,210101
4/2/2016,203717
4/3/2016,189736
4/4/2016,171979
4/5/2016,209257
4/6/2016,219281
4/7/2016,219327
4/8/2016,221254
4/9/2016,210309
4/10/2016,197696
4/11/2016,186486
4/12/2016,234206
4/13/2016,233881
4/14/2016,225024
4/15/2016,228710
4/16/2016,213326
4/17/2016,180734
4/18/2016,193409
4/19/2016,222146
4/20/2016,225803
4/21/2016,212085
4/22/2016,215578
4/23/2016,209718
4/24/2016,184144
4/25/2016,182728
4/26/2016,221554
4/27/2016,250456
4/28/2016,244991
4/29/2016,245765
4/30/2016,258674
5/1/2016,218033
5/2/2016,185099
5/3/2016,224882
5/4/2016,232335
5/5/2016,239295
5/6/2016,228872
5/7/2016,239111
5/8/2016,196271
5/9/2016,184857
5/10/2016,229164
5/11/2016,247051
5/12/2016,236567
5/13/2016,227324
5/14/2016,231086
5/15/2016,208290
5/16/2016,205428
5/17/2016,235389
5/18/2016,244592
5/19/2016,234990
5/20/2016,212311
5/21/2016,212409
5/22/2016,186290
5/23/2016,185857
5/24/2016,229136
5/25/2016,241308
5/26/2016,249662
5/27/2016,221879
5/28/2016,215890
5/29/2016,188012
5/30/2016,187133
5/31/2016,206139
6/1/2016,219108
6/2/2016,230070
6/3/2016,234198
6/4/2016,229280
6/5/2016,195712
6/6/2016,189699
6/7/2016,222666
6/8/2016,237463
6/9/2016,231007
6/10/2016,230733
6/11/2016,227383
6/12/2016,213884
6/13/2016,214388
6/14/2016,252356
6/15/2016,243950
6/16/2016,261221
6/17/2016,268159
6/18/2016,250084
6/19/2016,237651
6/20/2016,213599
6/21/2016,251038
6/22/2016,251702
6/23/2016,237562
6/24/2016,234349
6/25/2016,237689
6/26/2016,209562
6/27/2016,179355
6/28/2016,218894
6/29/2016,213094
6/30/2016,225270
7/1/2016,227855
7/2/2016,209995
7/3/2016,193420
7/4/2016,181078
7/5/2016,213919
7/6/2016,214758
7/7/2016,220945
7/8/2016,209919
7/9/2016,210367
7/10/2016,182557
7/11/2016,162660
7/12/2016,220224
7/13/2016,218158
7/14/2016,217511
7/15/2016,223608
7/16/2016,211326
7/17/2016,182268
7/18/2016,170550
7/19/2016,222617
7/20/2016,221852
7/21/2016,225540
7/22/2016,222328
7/23/2016,220589
7/24/2016,196879
7/25/2016,184528
7/26/2016,238469
7/27/2016,237160
7/28/2016,230247
7/29/2016,239942
7/30/2016,229532
7/31/2016,199563
8/1/2016,192750
8/2/2016,223211
8/3/2016,250593
8/4/2016,242011
8/5/2016,232181
8/6/2016,230312
8/7/2016,195343
8/8/2016,190622
8/9/2016,234193
8/10/2016,231215
8/11/2016,249969
8/12/2016,251467
8/13/2016,233986
8/14/2016,217779
8/15/2016,195294
8/16/2016,205220
8/17/2016,255551
8/18/2016,235308
8/19/2016,237927
8/20/2016,245781
8/21/2016,215861
8/22/2016,182275
8/23/2016,223439
8/24/2016,239115
8/25/2016,239849
8/26/2016,232179
8/27/2016,225216
8/28/2016,192651
8/29/2016,172942
8/30/2016,230689
8/31/2016,248782
9/1/2016,226485
9/2/2016,233469
9/3/2016,229055
9/4/2016,179466
9/5/2016,180036
9/6/2016,235060
9/7/2016,227470
9/8/2016,253387
9/9/2016,225674
9/10/2016,217602
9/11/2016,196211
9/12/2016,179710
9/13/2016,212575
9/14/2016,238286
9/15/2016,227862
9/16/2016,234039
9/17/2016,216719
9/18/2016,212426
9/19/2016,191320
9/20/2016,225279
9/21/2016,241481
9/22/2016,238107
9/23/2016,229768
9/24/2016,230288
9/25/2016,203262
9/26/2016,196784
9/27/2016,231835
9/28/2016,243880
9/29/2016,234238
9/30/2016,241285
10/1/2016,248283
10/2/2016,216062
10/3/2016,189591
10/4/2016,262919
10/5/2016,261955
10/6/2016,269556
10/7/2016,271720
10/8/2016,267630
10/9/2016,246367
10/10/2016,214471
10/11/2016,224874
10/12/2016,262381
10/13/2016,233861
10/14/2016,230869
10/15/2016,237969
10/16/2016,209941
10/17/2016,199380
10/18/2016,238308
10/19/2016,249890
10/20/2016,193894
10/21/2016,277881
10/22/2016,259606
10/23/2016,218557
10/24/2016,192805
10/25/2016,224797
10/26/2016,238593
10/27/2016,221912
10/28/2016,332738
10/29/2016,244844
10/30/2016,231753
10/31/2016,205888
11/1/2016,245090
11/2/2016,248724
11/3/2016,266541
11/4/2016,273554
11/5/2016,246912
11/6/2016,236590
11/7/2016,224275
11/8/2016,278006
11/9/2016,293639
11/10/2016,272452
11/11/2016,266076
11/12/2016,258788
11/13/2016,232027
11/14/2016,214112
11/15/2016,273779
11/16/2016,280069
11/17/2016,292210
11/18/2016,274468
11/19/2016,275106
11/20/2016,251094
11/21/2016,245387
11/22/2016,285594
11/23/2016,284594
11/24/2016,270902
11/25/2016,334927
11/26/2016,315082
11/27/2016,272138
11/28/2016,244106
11/29/2016,296853
11/30/2016,289509
12/1/2016,292197
12/2/2016,234648
12/3/2016,320404
12/4/2016,287426
12/5/2016,245346
12/6/2016,278951
12/7/2016,321864
12/8/2016,308390
12/9/2016,285229
12/10/2016,265777
12/11/2016,246433
12/12/2016,227950
12/13/2016,272420
12/14/2016,294932
12/15/2016,287773
12/16/2016,281809
12/17/2016,279405
12/18/2016,236048
12/19/2016,237815
12/20/2016,284845
12/21/2016,294779
12/22/2016,322897
12/23/2016,316659
12/24/2016,302853
12/25/2016,239727
12/26/2016,196917
12/27/2016,249310
12/28/2016,294254
12/29/2016,306161
12/30/2016,305871
12/31/2016,285649
1/1/2017,246392
1/2/2017,178210
1/3/2017,289864
1/4/2017,309774
1/5/2017,326559
1/6/2017,290976
1/7/2017,344515
1/8/2017,281788
1/9/2017,256914
1/10/2017,274694
1/11/2017,322023
1/12/2017,305180
1/13/2017,287174
1/14/2017,279376
1/15/2017,244361
1/16/2017,228627
1/17/2017,273886
1/18/2017,288085
1/19/2017,300771
1/20/2017,301376
1/21/2017,297984
1/22/2017,259412
1/23/2017,238313
1/24/2017,232181
1/25/2017,281612
1/26/2017,307876
1/27/2017,311840
1/28/2017,261455
1/29/2017,247177
1/30/2017,240969
1/31/2017,252964
2/1/2017,310700
2/2/2017,345155
2/3/2017,258411
2/4/2017,323316
2/5/2017,285317
2/6/2017,294119
2/7/2017,227395
2/8/2017,329294
2/9/2017,308783
2/10/2017,343011
2/11/2017,304452
2/12/2017,259283
2/13/2017,233746
2/14/2017,293068
2/15/2017,316138
2/16/2017,288256
2/17/2017,291742
2/18/2017,320287
2/19/2017,282995
2/20/2017,251769
2/21/2017,282545
2/22/2017,279300
2/23/2017,279390
2/24/2017,328652
2/25/2017,344094
2/26/2017,321776
2/27/2017,271371
2/28/2017,283344
3/1/2017,327993
3/2/2017,313872
3/3/2017,331010
3/4/2017,335316
3/5/2017,267615
3/6/2017,278613
3/7/2017,287161
3/8/2017,327660
3/9/2017,298572
3/10/2017,304950
3/11/2017,308143
3/12/2017,278520
3/13/2017,221890
3/14/2017,271118
3/15/2017,313521
3/16/2017,291859
3/17/2017,324045
3/18/2017,294562
3/19/2017,263838
3/20/2017,265264
3/21/2017,282041
3/22/2017,285186
3/23/2017,316736
3/24/2017,288601
3/25/2017,287863
3/26/2017,248159
3/27/2017,212121
3/28/2017,239598
3/29/2017,294356
3/30/2017,281566
3/31/2017,286240
4/1/2017,264489
4/2/2017,255450
4/3/2017,239926
4/4/2017,291447
4/5/2017,255315
4/6/2017,318447
4/7/2017,288603
4/8/2017,295952
4/9/2017,228357
4/10/2017,235884
4/11/2017,275333
4/12/2017,308971
4/13/2017,276595
4/14/2017,228861
4/15/2017,286847
4/16/2017,268966
4/17/2017,212506
4/18/2017,249295
4/19/2017,306241
4/20/2017,309329
4/21/2017,267105
4/22/2017,323750
4/23/2017,273027
4/24/2017,241307
4/25/2017,228869
4/26/2017,323902
4/27/2017,333681
4/28/2017,298572
4/29/2017,305275
4/30/2017,342452
5/1/2017,277231
5/2/2017,298713
5/3/2017,331853
5/4/2017,295856
5/5/2017,355477
5/6/2017,268063
5/7/2017,359626
5/8/2017,318583
5/9/2017,364493
5/10/2017,333786
5/11/2017,310565
5/12/2017,296048
5/13/2017,314692
5/14/2017,330290
5/15/2017,369626
5/16/2017,329174
5/17/2017,231174
5/18/2017,320234
5/19/2017,292129
5/20/2017,316575
5/21/2017,354658
5/22/2017,320772
5/23/2017,331832
5/24/2017,368883
5/25/2017,337300
5/26/2017,350697
5/27/2017,333246
5/28/2017,331118
5/29/2017,303810
5/30/2017,327067
5/31/2017,348282
6/1/2017,320570
6/2/2017,319518
6/3/2017,263977
6/4/2017,306401
6/5/2017,271739
6/6/2017,289433
6/7/2017,299875
6/8/2017,338586
6/9/2017,307520
6/10/2017,281141
6/11/2017,252863
6/12/2017,225164
6/13/2017,270293
6/14/2017,291997
6/15/2017,286667
6/16/2017,292028
6/17/2017,271170
6/18/2017,233700
6/19/2017,209590
6/20/2017,270629
6/21/2017,270479
6/22/2017,279802
6/23/2017,267646
6/24/2017,263558
6/25/2017,220585
6/26/2017,185556
6/27/2017,261236
6/28/2017,261244
6/29/2017,277315
6/30/2017,232242
7/1/2017,266611
7/2/2017,220431
7/3/2017,197001
7/4/2017,250732
7/5/2017,256896
7/6/2017,235183
7/7/2017,229362
7/8/2017,243701
7/9/2017,217942
7/10/2017,185752
7/11/2017,254534
7/12/2017,269230
7/13/2017,255769
7/14/2017,244062
7/15/2017,231468
7/16/2017,216403
7/17/2017,205572
7/18/2017,232289
7/19/2017,260297
7/20/2017,253751
7/21/2017,230917
7/22/2017,269822
7/23/2017,215060
7/24/2017,183292
7/25/2017,244135
7/26/2017,242508
7/27/2017,236540
7/28/2017,225642
7/29/2017,249262
7/30/2017,207954
7/31/2017,194083
8/1/2017,221113
8/2/2017,131517
8/3/2017,214787
8/4/2017,212494
8/5/2017,234435
8/6/2017,235282
8/7/2017,203225
8/8/2017,250460
8/9/2017,275658
8/10/2017,257587
8/11/2017,262547
8/12/2017,279050
8/13/2017,261787
8/14/2017,264085
8/15/2017,258580
8/16/2017,309307
8/17/2017,276650
8/18/2017,348663
8/19/2017,306634
8/20/2017,265055
8/21/2017,215938
8/22/2017,238261
8/23/2017,196535
8/24/2017,313947
8/25/2017,201512
8/26/2017,212966
8/27/2017,224767
8/28/2017,257353
8/29/2017,227732
8/30/2017,277116
8/31/2017,275899
9/1/2017,281484
9/2/2017,275441
9/3/2017,241192
9/4/2017,195277
9/5/2017,270877
9/6/2017,277536
9/7/2017,277373
9/8/2017,256801
9/9/2017,271412
9/10/2017,218989
9/11/2017,199604
9/12/2017,249906
9/13/2017,254315
9/14/2017,261998
9/15/2017,274409
9/16/2017,292019
9/17/2017,224604
9/18/2017,196066
9/19/2017,224494
9/20/2017,283930
9/21/2017,234227
9/22/2017,253655
9/23/2017,224267
9/24/2017,203920
9/25/2017,190361
9/26/2017,226456
9/27/2017,258422
9/28/2017,265589
9/29/2017,270635
9/30/2017,256088
10/1/2017,212054
10/2/2017,205136
10/3/2017,289506
10/4/2017,283263
10/5/2017,239155
10/6/2017,272169
10/7/2017,284873
10/8/2017,223787
10/9/2017,243269
10/10/2017,296284
10/11/2017,304628
10/12/2017,294790
10/13/2017,294103
10/14/2017,307442
10/15/2017,291961
10/16/2017,285460
10/17/2017,312270
10/18/2017,337269
10/19/2017,330440
10/20/2017,354449
10/21/2017,313573
10/22/2017,309740
10/23/2017,291028
10/24/2017,316494
10/25/2017,346255
10/26/2017,310307
10/27/2017,272795
10/28/2017,246320
10/29/2017,208701
10/30/2017,330347
10/31/2017,316229
11/1/2017,280457
11/2/2017,351643
11/3/2017,341758
11/4/2017,278022
11/5/2017,290965
11/6/2017,251893
11/7/2017,273204
11/8/2017,332788
11/9/2017,303526
11/10/2017,339718
11/11/2017,274238
11/12/2017,192296
11/13/2017,187868
11/14/2017,308959
11/15/2017,272569
11/16/2017,319738
11/17/2017,311279
11/18/2017,305592
11/19/2017,269038
11/20/2017,267256
11/21/2017,332996
11/22/2017,373499
11/23/2017,311983
11/24/2017,353137
11/25/2017,307443
11/26/2017,332671
11/27/2017,331089
11/28/2017,381746
11/29/2017,365309
11/30/2017,399046
12/1/2017,384108
12/2/2017,412655
12/3/2017,325457
12/4/2017,347308
12/5/2017,407468
12/6/2017,404982
12/7/2017,443085
12/8/2017,375097
12/9/2017,385649
12/10/2017,401683
12/11/2017,336725
12/12/2017,376743
12/13/2017,372755
12/14/2017,417782
12/15/2017,498327
12/16/2017,401046
12/17/2017,367109
12/18/2017,389396
12/19/2017,398230
12/20/2017,378650
12/21/2017,370510
12/22/2017,334586
12/23/2017,380167
12/24/2017,307343
12/25/2017,274541
12/26/2017,229465
12/27/2017,247558
12/28/2017,312090
12/29/2017,303181
12/30/2017,356954
12/31/2017,338192
1/1/2018,293150
1/2/2018,241781
1/3/2018,343835
1/4/2018,397099
1/5/2018,424930
1/6/2018,339584
1/7/2018,356638
1/8/2018,372728
1/9/2018,346021
1/10/2018,355038
1/11/2018,347867
1/12/2018,334774
1/13/2018,304905
1/14/2018,264453
1/15/2018,236197
1/16/2018,272289
1/17/2018,306329
1/18/2018,314409
1/19/2018,308066
1/20/2018,242826
1/21/2018,236491
1/22/2018,217662
1/23/2018,250250
1/24/2018,266259
1/25/2018,251804
1/26/2018,238617
1/27/2018,219006
1/28/2018,192552
1/29/2018,213856
1/30/2018,230161
1/31/2018,239721
2/1/2018,208477
2/2/2018,252658
2/3/2018,237907
2/4/2018,190991
2/5/2018,172799
2/6/2018,221606
2/7/2018,245205
2/8/2018,207813
2/9/2018,177600
2/10/2018,178980
2/11/2018,176448
2/12/2018,148022
2/13/2018,185815
2/14/2018,188463
2/15/2018,197914
2/16/2018,196034
2/17/2018,185330
2/18/2018,172164
2/19/2018,160487
2/20/2018,191795
2/21/2018,194146
2/22/2018,208499
2/23/2018,182861
2/24/2018,180881
2/25/2018,153266
2/26/2018,144116
2/27/2018,192140
2/28/2018,215529
3/1/2018,190336
3/2/2018,236865
3/3/2018,193043
3/4/2018,180012
3/5/2018,154995
3/6/2018,205925
3/7/2018,208934
3/8/2018,212990
3/9/2018,190041
3/10/2018,202325
3/11/2018,149645
3/12/2018,157387
3/13/2018,185391
3/14/2018,199359
3/15/2018,193233
3/16/2018,201231
3/17/2018,188412
3/18/2018,151581
3/19/2018,164662
3/20/2018,193649
3/21/2018,193349
3/22/2018,199414
3/23/2018,180564
3/24/2018,177474
3/25/2018,159557
3/26/2018,137767
3/27/2018,187627
3/28/2018,185580
3/29/2018,181170
3/30/2018,189708
3/31/2018,184109
4/1/2018,149422
4/2/2018,134063
4/3/2018,167297
4/4/2018,203763
4/5/2018,184073
4/6/2018,181563
4/7/2018,170037
4/8/2018,156045
4/9/2018,139931
4/10/2018,174262
4/11/2018,188420
4/12/2018,180116
4/13/2018,216680
4/14/2018,213476
4/15/2018,165180
4/16/2018,170840
4/17/2018,194444
4/18/2018,204256
4/19/2018,200601
4/20/2018,215460
4/21/2018,210806
4/22/2018,191280
4/23/2018,169140
4/24/2018,227530
4/25/2018,254115
4/26/2018,217807
4/27/2018,217399
4/28/2018,212789
4/29/2018,195098
4/30/2018,183970
5/1/2018,215758
5/2/2018,198325
5/3/2018,211036
5/4/2018,228105
5/5/2018,224717
5/6/2018,196126
5/7/2018,172808
5/8/2018,204966
5/9/2018,219767
5/10/2018,204870
5/11/2018,215521
5/12/2018,207180
5/13/2018,181435
5/14/2018,159678
5/15/2018,211460
5/16/2018,208343
5/17/2018,214157
5/18/2018,190559
5/19/2018,216567
5/20/2018,167656
5/21/2018,160007
5/22/2018,201342
5/23/2018,207174
5/24/2018,222708
5/25/2018,203045
5/26/2018,198950
5/27/2018,155996
5/28/2018,143548
5/29/2018,193107
5/30/2018,205054
5/31/2018,205065
6/1/2018,206434
6/2/2018,202024
6/3/2018,175965
6/4/2018,167361
6/5/2018,205707
6/6/2018,214417
6/7/2018,207308
6/8/2018,207478
6/9/2018,197826
6/10/2018,176165
6/11/2018,178199
6/12/2018,213841
6/13/2018,216868
6/14/2018,212861
6/15/2018,212268
6/16/2018,201405
6/17/2018,156024
6/18/2018,145697
6/19/2018,194561
6/20/2018,192925
6/21/2018,199443
6/22/2018,200476
6/23/2018,202605
6/24/2018,160094
6/25/2018,160889
6/26/2018,202384
6/27/2018,189734
6/28/2018,189286
6/29/2018,195903
6/30/2018,194781
7/1/2018,177850
7/2/2018,153590
7/3/2018,206843
7/4/2018,217454
7/5/2018,202069
7/6/2018,202644
7/7/2018,200645
7/8/2018,164824
7/9/2018,158068
7/10/2018,207113
7/11/2018,215582
7/12/2018,201461
7/13/2018,207981
7/14/2018,206501
7/15/2018,175457
7/16/2018,158428
7/17/2018,213969
7/18/2018,232988
7/19/2018,233423
7/20/2018,225209
7/21/2018,226624
7/22/2018,187115
7/23/2018,167677
7/24/2018,229267
7/25/2018,259681
7/26/2018,249153
7/27/2018,230371
7/28/2018,232611
7/29/2018,181841
7/30/2018,172571
7/31/2018,231194
8/1/2018,243605
8/2/2018,238254
8/3/2018,222822
8/4/2018,232631
8/5/2018,192734
8/6/2018,171393
8/7/2018,219182
8/8/2018,236664
8/9/2018,229538
8/10/2018,224240
8/11/2018,225039
8/12/2018,192383
8/13/2018,168701
8/14/2018,217498
8/15/2018,252798
8/16/2018,246453
8/17/2018,231588
8/18/2018,235779
8/19/2018,190027
8/20/2018,160953
8/21/2018,219846
8/22/2018,219700
8/23/2018,224556
8/24/2018,217783
8/25/2018,221959
8/26/2018,194348
8/27/2018,170639
8/28/2018,228105
8/29/2018,236946
8/30/2018,235269
8/31/2018,233840
9/1/2018,238742
9/2/2018,211475
9/3/2018,184549
9/4/2018,225108
9/5/2018,239179
9/6/2018,239752
9/7/2018,252096
9/8/2018,230467
9/9/2018,204845
9/10/2018,189692
9/11/2018,222896
9/12/2018,235581
9/13/2018,234945
9/14/2018,238745
9/15/2018,222793
9/16/2018,207977
9/17/2018,183257
9/18/2018,234638
9/19/2018,243988
9/20/2018,254975
9/21/2018,256395
9/22/2018,271895
9/23/2018,219313
9/24/2018,207316
9/25/2018,232919
9/26/2018,252831
9/27/2018,244339
9/28/2018,251370
9/29/2018,249120
9/30/2018,222999
10/1/2018,202769
10/2/2018,246715
10/3/2018,240516
10/4/2018,243421
10/5/2018,248507
10/6/2018,241427
10/7/2018,211156
10/8/2018,228053
10/9/2018,248539
10/10/2018,227930
10/11/2018,248595
10/12/2018,263133
10/13/2018,242007
10/14/2018,203670
10/15/2018,189382
10/16/2018,275179
10/17/2018,253692
10/18/2018,256046
10/19/2018,262097
10/20/2018,251863
10/21/2018,226041
10/22/2018,204973
10/23/2018,258670
10/24/2018,259442
10/25/2018,249226
10/26/2018,258309
10/27/2018,252578
10/28/2018,234417
10/29/2018,215642
10/30/2018,268437
10/31/2018,287918
11/1/2018,283544
11/2/2018,287280
11/3/2018,291068
11/4/2018,247673
11/5/2018,227812
11/6/2018,296121
11/7/2018,287736
11/8/2018,296423
11/9/2018,277000
11/10/2018,283169
11/11/2018,247306
11/12/2018,252318
11/13/2018,299069
11/14/2018,273921
11/15/2018,298467
11/16/2018,291417
11/17/2018,281542
11/18/2018,261656
11/19/2018,238152
11/20/2018,269669
11/21/2018,289178
11/22/2018,256648
11/23/2018,264840
11/24/2018,273163
11/25/2018,252098
11/26/2018,241629
11/27/2018,255439
11/28/2018,262608
11/29/2018,262385
11/30/2018,245476
12/1/2018,248405
12/2/2018,242869
12/3/2018,221638
12/4/2018,241899
12/5/2018,268288
12/6/2018,256866
12/7/2018,280647
12/8/2018,256260
12/9/2018,231396
12/10/2018,237199
12/11/2018,253492
12/12/2018,255884
12/13/2018,258758
12/14/2018,266833
12/15/2018,278920
12/16/2018,263266
12/17/2018,225514
12/18/2018,296455
12/19/2018,269737
12/20/2018,303112
12/21/2018,282961
12/22/2018,280819
12/23/2018,251411
12/24/2018,249208
12/25/2018,278345
12/26/2018,259740
12/27/2018,281299
12/28/2018,302272
12/29/2018,312629
12/30/2018,265539
12/31/2018,259993
1/1/2019,262156
1/2/2019,235962
1/3/2019,271254
1/4/2019,287236
1/5/2019,283639
1/6/2019,269800
1/7/2019,251626
1/8/2019,288395
1/9/2019,317835
1/10/2019,320862
1/11/2019,322521
1/12/2019,308786
1/13/2019,289110
1/14/2019,274001
1/15/2019,328347
1/16/2019,303723
1/17/2019,300303
1/18/2019,301831
1/19/2019,301209
1/20/2019,278163
1/21/2019,298310
1/22/2019,318014
1/23/2019,293867
1/24/2019,294826
1/25/2019,305100
1/26/2019,301308
1/27/2019,291618
1/28/2019,270053
1/29/2019,314145
1/30/2019,322943
1/31/2019,326464
2/1/2019,355463
2/2/2019,336458
2/3/2019,326778
2/4/2019,296693
2/5/2019,333283
2/6/2019,355737
2/7/2019,349536
2/8/2019,348852
2/9/2019,338765
2/10/2019,312044
2/11/2019,300988
2/12/2019,306294
2/13/2019,280415
2/14/2019,351763
2/15/2019,355387
2/16/2019,293999
2/17/2019,328388
2/18/2019,333342
2/19/2019,340732
2/20/2019,350809
2/21/2019,314477
2/22/2019,297846
2/23/2019,345853
2/24/2019,332384
2/25/2019,319415
2/26/2019,336907
2/27/2019,366540
2/28/2019,346992
3/1/2019,363582
3/2/2019,358999
3/3/2019,334093
3/4/2019,355379
3/5/2019,299053
3/6/2019,287123
3/7/2019,277059
3/8/2019,284343
3/9/2019,281355
3/10/2019,242148
3/11/2019,213311
3/12/2019,295347
3/13/2019,283494
3/14/2019,289746
3/15/2019,296296
3/16/2019,297043
3/17/2019,257862
3/18/2019,229545
3/19/2019,295868
3/20/2019,300170
3/21/2019,309969
3/22/2019,299253
3/23/2019,301074
3/24/2019,243698
3/25/2019,225854
3/26/2019,331976
3/27/2019,364359
3/28/2019,382987
3/29/2019,391430
3/30/2019,372210
3/31/2019,380885
4/1/2019,381017
4/2/2019,368830
4/3/2019,399788
4/4/2019,359695
4/5/2019,355190
4/6/2019,389330
4/7/2019,358694
4/8/2019,350775
4/9/2019,371357
4/10/2019,347007
4/11/2019,396555
4/12/2019,402838
4/13/2019,370803
4/14/2019,372747
4/15/2019,337753
4/16/2019,378518
4/17/2019,360202
4/18/2019,350624
4/19/2019,383921
4/20/2019,361327
4/21/2019,316998
4/22/2019,391655
4/23/2019,343778
4/24/2019,308701
4/25/2019,408488
4/26/2019,381814
4/27/2019,382316
4/28/2019,361068
4/29/2019,370734
4/30/2019,375722
5/1/2019,343530
5/2/2019,441503
5/3/2019,453530
5/4/2019,380286
5/5/2019,355820
5/6/2019,329928
5/7/2019,379677
5/8/2019,331258
5/9/2019,392583
5/10/2019,362259
5/11/2019,322817
5/12/2019,342883
5/13/2019,335989
5/14/2019,395645
5/15/2019,365851
5/16/2019,367770
5/17/2019,376404
5/18/2019,361101
5/19/2019,356488
5/20/2019,349370
5/21/2019,382346
5/22/2019,381806
5/23/2019,394425
5/24/2019,386371
5/25/2019,375251
5/26/2019,336725
5/27/2019,378170
5/28/2019,397362
5/29/2019,388163
5/30/2019,405680
5/31/2019,380436
6/1/2019,297332
6/2/2019,332683
6/3/2019,296803
6/4/2019,298573
6/5/2019,375258
6/6/2019,372950
6/7/2019,364241
6/8/2019,350837
6/9/2019,289353
6/10/2019,303995
6/11/2019,353238
6/12/2019,342481
6/13/2019,327817
6/14/2019,364332
6/15/2019,366800
6/16/2019,328944
6/17/2019,291005
6/18/2019,325107
6/19/2019,395833
6/20/2019,393676
6/21/2019,335503
6/22/2019,340270
6/23/2019,348876
6/24/2019,379798
6/25/2019,389742
6/26/2019,362773
6/27/2019,400275
6/28/2019,361736
6/29/2019,402208
6/30/2019,359408
7/1/2019,331488
7/2/2019,335068
7/3/2019,372538
7/4/2019,397822
7/5/2019,367259
7/6/2019,384125
7/7/2019,343940
7/8/2019,317574
7/9/2019,382571
7/10/2019,360912
7/11/2019,319958
7/12/2019,324982
7/13/2019,359022
7/14/2019,304917
7/15/2019,303598
7/16/2019,349198
7/17/2019,364104
7/18/2019,326026
7/19/2019,316180
7/20/2019,295821
7/21/2019,316890
7/22/2019,290315
7/23/2019,320014
7/24/2019,318527
7/25/2019,298021
7/26/2019,332821
7/27/2019,321962
7/28/2019,285303
7/29/2019,270298
7/30/2019,336802
7/31/2019,325404
8/1/2019,365365
8/2/2019,334055
8/3/2019,351912
8/4/2019,322044
8/5/2019,298908
8/6/2019,339439
8/7/2019,371200
8/8/2019,371099
8/9/2019,337681
8/10/2019,340779
8/11/2019,296160
8/12/2019,273829
8/13/2019,303429
8/14/2019,372396
8/15/2019,360292
8/16/2019,347665
8/17/2019,329612
8/18/2019,288858
8/19/2019,272670
8/20/2019,334003
8/21/2019,330033
8/22/2019,310246
8/23/2019,321642
8/24/2019,341802
8/25/2019,302866
8/26/2019,288509
8/27/2019,320607
8/28/2019,324830
8/29/2019,340046
8/30/2019,346632
8/31/2019,354086
9/1/2019,334953
9/2/2019,286290
9/3/2019,332210
9/4/2019,371160
9/5/2019,324786
9/6/2019,354564
9/7/2019,361557
9/8/2019,313200
9/9/2019,288675
9/10/2019,316776
9/11/2019,339095
9/12/2019,335488
9/13/2019,339179
9/14/2019,304754
9/15/2019,306079
9/16/2019,269894
9/17/2019,349588
9/18/2019,344478
9/19/2019,360495
9/20/2019,347683
9/21/2019,346684
9/22/2019,327869
9/23/2019,320534
9/24/2019,291270
9/25/2019,354861
9/26/2019,344481
9/27/2019,351959
9/28/2019,308072
9/29/2019,314603
9/30/2019,288741
10/1/2019,310563
10/2/2019,331601
10/3/2019,329630
10/4/2019,327553
10/5/2019,337092
10/6/2019,327322
10/7/2019,272002
10/8/2019,329585
10/9/2019,332900
10/10/2019,313256
10/11/2019,349568
10/12/2019,347151
10/13/2019,294307
10/14/2019,286728
10/15/2019,304339
10/16/2019,343596
10/17/2019,333942
10/18/2019,335831
10/19/2019,336781
10/20/2019,309978
10/21/2019,281701
10/22/2019,356175
10/23/2019,343605
10/24/2019,342396
10/25/2019,308759
10/26/2019,329754
10/27/2019,303667
10/28/2019,259950
10/29/2019,306072
10/30/2019,309671
10/31/2019,309036
11/1/2019,300764
11/2/2019,316005
11/3/2019,284492
11/4/2019,288923
11/5/2019,310461
11/6/2019,335848
11/7/2019,310233
11/8/2019,331260
11/9/2019,312968
11/10/2019,296263
11/11/2019,305819
11/12/2019,327923
11/13/2019,301498
11/14/2019,316825
11/15/2019,346713
11/16/2019,328596
11/17/2019,280472
11/18/2019,267646
11/19/2019,306922
11/20/2019,325344
11/21/2019,320968
11/22/2019,326268
11/23/2019,303820
11/24/2019,312497
11/25/2019,264550
11/26/2019,283453
11/27/2019,319583
11/28/2019,312699
11/29/2019,316163
11/30/2019,305221
12/1/2019,285038
12/2/2019,268274
12/3/2019,318746
12/4/2019,334127
12/5/2019,332371
12/6/2019,319278
12/7/2019,311214
12/8/2019,282784
12/9/2019,278911
12/10/2019,317143
12/11/2019,321614
12/12/2019,288287
12/13/2019,310205
12/14/2019,329664
12/15/2019,291430
12/16/2019,258490
12/17/2019,330283
12/18/2019,314990
12/19/2019,318334
12/20/2019,319319
12/21/2019,332263
12/22/2019,305218
12/23/2019,282302
12/24/2019,314060
12/25/2019,283875
12/26/2019,241663
12/27/2019,302992
12/28/2019,325404
12/29/2019,291425
12/30/2019,281595
12/31/2019,326792
1/1/2020,290113
1/2/2020,252041
1/3/2020,292076
1/4/2020,323322
1/5/2020,282469
1/6/2020,288375
1/7/2020,297978
1/8/2020,347388
1/9/2020,318775
1/10/2020,322995
1/11/2020,332612
1/12/2020,303718
1/13/2020,279004
1/14/2020,299929
1/15/2020,347123
1/16/2020,328984
1/17/2020,326746
1/18/2020,324043
1/19/2020,291102
1/20/2020,282255
1/21/2020,313119
1/22/2020,311988
1/23/2020,326536
1/24/2020,337439
1/25/2020,311975
1/26/2020,283456
1/27/2020,256882
1/28/2020,285529
1/29/2020,339926
1/30/2020,340235
1/31/2020,332740
2/1/2020,329513
2/2/2020,305035
2/3/2020,292526
2/4/2020,336374
2/5/2020,307948
2/6/2020,363312
2/7/2020,322063
2/8/2020,333458
2/9/2020,315665
2/10/2020,319127
