Date,EstimatedTransactionValue
2009-01-03,0.0
2009-01-04,0.0
2009-01-05,0.0
2009-01-06,0.0
2009-01-07,0.0
2009-01-08,0.0
2009-01-09,0.0
2009-01-10,0.0
2009-01-11,0.0
2009-01-12,0.0
2009-01-13,0.0
2009-01-14,0.0
2009-01-15,0.0
2009-01-16,0.0
2009-01-17,0.0
2009-01-18,0.0
2009-01-19,0.0
2009-01-20,0.0
2009-01-21,0.0
2009-01-22,0.0
2009-01-23,0.0
2009-01-24,0.0
2009-01-25,0.0
2009-01-26,0.0
2009-01-27,0.0
2009-01-28,0.0
2009-01-29,0.0
2009-01-30,0.0
2009-01-31,0.0
2009-02-01,0.0
2009-02-02,0.0
2009-02-03,0.0
2009-02-04,0.0
2009-02-05,0.0
2009-02-06,0.0
2009-02-07,0.0
2009-02-08,0.0
2009-02-09,0.0
2009-02-10,0.0
2009-02-11,0.0
2009-02-12,0.0
2009-02-13,0.0
2009-02-14,0.0
2009-02-15,0.0
2009-02-16,0.0
2009-02-17,0.0
2009-02-18,0.0
2009-02-19,0.0
2009-02-20,0.0
2009-02-21,0.0
2009-02-22,0.0
2009-02-23,0.0
2009-02-24,0.0
2009-02-25,0.0
2009-02-26,0.0
2009-02-27,0.0
2009-02-28,0.0
2009-03-01,0.0
2009-03-02,0.0
2009-03-03,0.0
2009-03-04,0.0
2009-03-05,0.0
2009-03-06,0.0
2009-03-07,0.0
2009-03-08,0.0
2009-03-09,0.0
2009-03-10,0.0
2009-03-11,0.0
2009-03-12,0.0
2009-03-13,0.0
2009-03-14,0.0
2009-03-15,0.0
2009-03-16,0.0
2009-03-17,0.0
2009-03-18,0.0
2009-03-19,0.0
2009-03-20,0.0
2009-03-21,0.0
2009-03-22,0.0
2009-03-23,0.0
2009-03-24,0.0
2009-03-25,0.0
2009-03-26,0.0
2009-03-27,0.0
2009-03-28,0.0
2009-03-29,0.0
2009-03-30,0.0
2009-03-31,0.0
2009-04-01,0.0
2009-04-02,0.0
2009-04-03,0.0
2009-04-04,0.0
2009-04-05,0.0
2009-04-06,0.0
2009-04-07,0.0
2009-04-08,0.0
2009-04-09,0.0
2009-04-10,0.0
2009-04-11,0.0
2009-04-12,0.0
2009-04-13,0.0
2009-04-14,0.0
2009-04-15,0.0
2009-04-16,0.0
2009-04-17,0.0
2009-04-18,0.0
2009-04-19,0.0
2009-04-20,0.0
2009-04-21,0.0
2009-04-22,0.0
2009-04-23,0.0
2009-04-24,0.0
2009-04-25,0.0
2009-04-26,0.0
2009-04-27,0.0
2009-04-28,0.0
2009-04-29,0.0
2009-04-30,0.0
2009-05-01,0.0
2009-05-02,0.0
2009-05-03,0.0
2009-05-04,0.0
2009-05-05,0.0
2009-05-06,0.0
2009-05-07,0.0
2009-05-08,0.0
2009-05-09,0.0
2009-05-10,0.0
2009-05-11,0.0
2009-05-12,0.0
2009-05-13,0.0
2009-05-14,0.0
2009-05-15,0.0
2009-05-16,0.0
2009-05-17,0.0
2009-05-18,0.0
2009-05-19,0.0
2009-05-20,0.0
2009-05-21,0.0
2009-05-22,0.0
2009-05-23,0.0
2009-05-24,0.0
2009-05-25,0.0
2009-05-26,0.0
2009-05-27,0.0
2009-05-28,0.0
2009-05-29,0.0
2009-05-30,0.0
2009-05-31,0.0
2009-06-01,0.0
2009-06-02,0.0
2009-06-03,0.0
2009-06-04,0.0
2009-06-05,0.0
2009-06-06,0.0
2009-06-07,0.0
2009-06-08,0.0
2009-06-09,0.0
2009-06-10,0.0
2009-06-11,0.0
2009-06-12,0.0
2009-06-13,0.0
2009-06-14,0.0
2009-06-15,0.0
2009-06-16,0.0
2009-06-17,0.0
2009-06-18,0.0
2009-06-19,0.0
2009-06-20,0.0
2009-06-21,0.0
2009-06-22,0.0
2009-06-23,0.0
2009-06-24,0.0
2009-06-25,0.0
2009-06-26,0.0
2009-06-27,0.0
2009-06-28,0.0
2009-06-29,0.0
2009-06-30,0.0
2009-07-01,0.0
2009-07-02,0.0
2009-07-03,0.0
2009-07-04,0.0
2009-07-05,0.0
2009-07-06,0.0
2009-07-07,0.0
2009-07-08,0.0
2009-07-09,0.0
2009-07-10,0.0
2009-07-11,0.0
2009-07-12,0.0
2009-07-13,0.0
2009-07-14,0.0
2009-07-15,0.0
2009-07-16,0.0
2009-07-17,0.0
2009-07-18,0.0
2009-07-19,0.0
2009-07-20,0.0
2009-07-21,0.0
2009-07-22,0.0
2009-07-23,0.0
2009-07-24,0.0
2009-07-25,0.0
2009-07-26,0.0
2009-07-27,0.0
2009-07-28,0.0
2009-07-29,0.0
2009-07-30,0.0
2009-07-31,0.0
2009-08-01,0.0
2009-08-02,0.0
2009-08-03,0.0
2009-08-04,0.0
2009-08-05,0.0
2009-08-06,0.0
2009-08-07,0.0
2009-08-08,0.0
2009-08-09,0.0
2009-08-10,0.0
2009-08-11,0.0
2009-08-12,0.0
2009-08-13,0.0
2009-08-14,0.0
2009-08-15,0.0
2009-08-16,0.0
2009-08-17,0.0
2009-08-18,0.0
2009-08-19,0.0
2009-08-20,0.0
2009-08-21,0.0
2009-08-22,0.0
2009-08-23,0.0
2009-08-24,0.0
2009-08-25,0.0
2009-08-26,0.0
2009-08-27,0.0
2009-08-28,0.0
2009-08-29,0.0
2009-08-30,0.0
2009-08-31,0.0
2009-09-01,0.0
2009-09-02,0.0
2009-09-03,0.0
2009-09-04,0.0
2009-09-05,0.0
2009-09-06,0.0
2009-09-07,0.0
2009-09-08,0.0
2009-09-09,0.0
2009-09-10,0.0
2009-09-11,0.0
2009-09-12,0.0
2009-09-13,0.0
2009-09-14,0.0
2009-09-15,0.0
2009-09-16,0.0
2009-09-17,0.0
2009-09-18,0.0
2009-09-19,0.0
2009-09-20,0.0
2009-09-21,0.0
2009-09-22,0.0
2009-09-23,0.0
2009-09-24,0.0
2009-09-25,0.0
2009-09-26,0.0
2009-09-27,0.0
2009-09-28,0.0
2009-09-29,0.0
2009-09-30,0.0
2009-10-01,0.0
2009-10-02,0.0
2009-10-03,0.0
2009-10-04,0.0
2009-10-05,0.0
2009-10-06,0.0
2009-10-07,0.0
2009-10-08,0.0
2009-10-09,0.0
2009-10-10,0.0
2009-10-11,0.0
2009-10-12,0.0
2009-10-13,0.0
2009-10-14,0.0
2009-10-15,0.0
2009-10-16,0.0
2009-10-17,0.0
2009-10-18,0.0
2009-10-19,0.0
2009-10-20,0.0
2009-10-21,0.0
2009-10-22,0.0
2009-10-23,0.0
2009-10-24,0.0
2009-10-25,0.0
2009-10-26,0.0
2009-10-27,0.0
2009-10-28,0.0
2009-10-29,0.0
2009-10-30,0.0
2009-10-31,0.0
2009-11-01,0.0
2009-11-02,0.0
2009-11-03,0.0
2009-11-04,0.0
2009-11-05,0.0
2009-11-06,0.0
2009-11-07,0.0
2009-11-08,0.0
2009-11-09,0.0
2009-11-10,0.0
2009-11-11,0.0
2009-11-12,0.0
2009-11-13,0.0
2009-11-14,0.0
2009-11-15,0.0
2009-11-16,0.0
2009-11-17,0.0
2009-11-18,0.0
2009-11-19,0.0
2009-11-20,0.0
2009-11-21,0.0
2009-11-22,0.0
2009-11-23,0.0
2009-11-24,0.0
2009-11-25,0.0
2009-11-26,0.0
2009-11-27,0.0
2009-11-28,0.0
2009-11-29,0.0
2009-11-30,0.0
2009-12-01,0.0
2009-12-02,0.0
2009-12-03,0.0
2009-12-04,0.0
2009-12-05,0.0
2009-12-06,0.0
2009-12-07,0.0
2009-12-08,0.0
2009-12-09,0.0
2009-12-10,0.0
2009-12-11,0.0
2009-12-12,0.0
2009-12-13,0.0
2009-12-14,0.0
2009-12-15,0.0
2009-12-16,0.0
2009-12-17,0.0
2009-12-18,0.0
2009-12-19,0.0
2009-12-20,0.0
2009-12-21,0.0
2009-12-22,0.0
2009-12-23,0.0
2009-12-24,0.0
2009-12-25,0.0
2009-12-26,0.0
2009-12-27,0.0
2009-12-28,0.0
2009-12-29,0.0
2009-12-30,0.0
2009-12-31,0.0
2010-01-01,0.0
2010-01-02,0.0
2010-01-03,0.0
2010-01-04,0.0
2010-01-05,0.0
2010-01-06,0.0
2010-01-07,0.0
2010-01-08,0.0
2010-01-09,0.0
2010-01-10,0.0
2010-01-11,0.0
2010-01-12,0.0
2010-01-13,0.0
2010-01-14,0.0
2010-01-15,0.0
2010-01-16,0.0
2010-01-17,0.0
2010-01-18,0.0
2010-01-19,0.0
2010-01-20,0.0
2010-01-21,0.0
2010-01-22,0.0
2010-01-23,0.0
2010-01-24,0.0
2010-01-25,0.0
2010-01-26,0.0
2010-01-27,0.0
2010-01-28,0.0
2010-01-29,0.0
2010-01-30,0.0
2010-01-31,0.0
2010-02-01,0.0
2010-02-02,0.0
2010-02-03,0.0
2010-02-04,0.0
2010-02-05,0.0
2010-02-06,0.0
2010-02-07,0.0
2010-02-08,0.0
2010-02-09,0.0
2010-02-10,0.0
2010-02-11,0.0
2010-02-12,0.0
2010-02-13,0.0
2010-02-14,0.0
2010-02-15,0.0
2010-02-16,0.0
2010-02-17,0.0
2010-02-18,0.0
2010-02-19,0.0
2010-02-20,0.0
2010-02-21,0.0
2010-02-22,0.0
2010-02-23,0.0
2010-02-24,0.0
2010-02-25,0.0
2010-02-26,0.0
2010-02-27,0.0
2010-02-28,0.0
2010-03-01,0.0
2010-03-02,0.0
2010-03-03,0.0
2010-03-04,0.0
2010-03-05,0.0
2010-03-06,0.0
2010-03-07,0.0
2010-03-08,0.0
2010-03-09,0.0
2010-03-10,0.0
2010-03-11,0.0
2010-03-12,0.0
2010-03-13,0.0
2010-03-14,0.0
2010-03-15,0.0
2010-03-16,0.0
2010-03-17,0.0
2010-03-18,0.0
2010-03-19,0.0
2010-03-20,0.0
2010-03-21,0.0
2010-03-22,0.0
2010-03-23,0.0
2010-03-24,0.0
2010-03-25,0.0
2010-03-26,0.0
2010-03-27,0.0
2010-03-28,0.0
2010-03-29,0.0
2010-03-30,0.0
2010-03-31,0.0
2010-04-01,0.0
2010-04-02,0.0
2010-04-03,0.0
2010-04-04,0.0
2010-04-05,0.0
2010-04-06,0.0
2010-04-07,0.0
2010-04-08,0.0
2010-04-09,0.0
2010-04-10,0.0
2010-04-11,0.0
2010-04-12,0.0
2010-04-13,0.0
2010-04-14,0.0
2010-04-15,0.0
2010-04-16,0.0
2010-04-17,0.0
2010-04-18,0.0
2010-04-19,0.0
2010-04-20,0.0
2010-04-21,0.0
2010-04-22,0.0
2010-04-23,0.0
2010-04-24,0.0
2010-04-25,0.0
2010-04-26,0.0
2010-04-27,0.0
2010-04-28,0.0
2010-04-29,0.0
2010-04-30,0.0
2010-05-01,0.0
2010-05-02,0.0
2010-05-03,0.0
2010-05-04,0.0
2010-05-05,0.0
2010-05-06,0.0
2010-05-07,0.0
2010-05-08,0.0
2010-05-09,0.0
2010-05-10,0.0
2010-05-11,0.0
2010-05-12,0.0
2010-05-13,0.0
2010-05-14,0.0
2010-05-15,0.0
2010-05-16,0.0
2010-05-17,0.0
2010-05-18,0.0
2010-05-19,0.0
2010-05-20,0.0
2010-05-21,0.0
2010-05-22,0.0
2010-05-23,0.0
2010-05-24,0.0
2010-05-25,0.0
2010-05-26,0.0
2010-05-27,0.0
2010-05-28,0.0
2010-05-29,0.0
2010-05-30,0.0
2010-05-31,0.0
2010-06-01,0.0
2010-06-02,0.0
2010-06-03,0.0
2010-06-04,0.0
2010-06-05,0.0
2010-06-06,0.0
2010-06-07,0.0
2010-06-08,0.0
2010-06-09,0.0
2010-06-10,0.0
2010-06-11,0.0
2010-06-12,0.0
2010-06-13,0.0
2010-06-14,0.0
2010-06-15,0.0
2010-06-16,0.0
2010-06-17,0.0
2010-06-18,0.0
2010-06-19,0.0
2010-06-20,0.0
2010-06-21,0.0
2010-06-22,0.0
2010-06-23,0.0
2010-06-24,0.0
2010-06-25,0.0
2010-06-26,0.0
2010-06-27,0.0
2010-06-28,0.0
2010-06-29,0.0
2010-06-30,0.0
2010-07-01,0.0
2010-07-02,0.0
2010-07-03,0.0
2010-07-04,0.0
2010-07-05,0.0
2010-07-06,0.0
2010-07-07,0.0
2010-07-08,0.0
2010-07-09,0.0
2010-07-10,0.0
2010-07-11,0.0
2010-07-12,0.0
2010-07-13,0.0
2010-07-14,0.0
2010-07-15,0.0
2010-07-16,0.0
2010-07-17,0.0
2010-07-18,0.0
2010-07-19,0.0
2010-07-20,0.0
2010-07-21,0.0
2010-07-22,0.0
2010-07-23,0.0
2010-07-24,0.0
2010-07-25,0.0
2010-07-26,0.0
2010-07-27,0.0
2010-07-28,0.0
2010-07-29,0.0
2010-07-30,0.0
2010-07-31,0.0
2010-08-01,0.0
2010-08-02,0.0
2010-08-03,0.0
2010-08-04,0.0
2010-08-05,0.0
2010-08-06,0.0
2010-08-07,0.0
2010-08-08,0.0
2010-08-09,0.0
2010-08-10,0.0
2010-08-11,0.0
2010-08-12,0.0
2010-08-13,0.0
2010-08-14,0.0
2010-08-15,0.0
2010-08-16,0.0
2010-08-17,3712.0
2010-08-18,2649.0
2010-08-19,946.0
2010-08-20,1410.0
2010-08-21,1168.0
2010-08-22,1990.0
2010-08-23,747.0
2010-08-24,779.0
2010-08-25,527.0
2010-08-26,1224.0
2010-08-27,641.0
2010-08-28,1579.0
2010-08-29,660.0
2010-08-30,845.0
2010-08-31,2349.0
2010-09-01,688.0
2010-09-02,1127.0
2010-09-03,1751.0
2010-09-04,1906.0
2010-09-05,862.0
2010-09-06,2469.0
2010-09-07,1347.0
2010-09-08,789.0
2010-09-09,1015.0
2010-09-10,649.0
2010-09-11,556.0
2010-09-12,937.0
2010-09-13,1412.0
2010-09-14,1394.0
2010-09-15,4780.0
2010-09-16,1272.0
2010-09-17,1792.0
2010-09-18,3929.0
2010-09-19,2963.0
2010-09-20,2351.0
2010-09-21,1236.0
2010-09-22,1835.0
2010-09-23,3306.0
2010-09-24,2091.0
2010-09-25,1066.0
2010-09-26,1117.0
2010-09-27,1445.0
2010-09-28,2282.0
2010-09-29,4666.0
2010-09-30,1431.0
2010-10-01,2350.0
2010-10-02,1649.0
2010-10-03,18961.0
2010-10-04,3271.0
2010-10-05,6490.0
2010-10-06,3026.0
2010-10-07,7232.0
2010-10-08,12425.0
2010-10-09,14355.0
2010-10-10,12096.0
2010-10-11,5806.0
2010-10-12,5317.0
2010-10-13,1954.0
2010-10-14,5724.0
2010-10-15,7264.0
2010-10-16,9668.0
2010-10-17,4489.0
2010-10-18,3688.0
2010-10-19,2720.0
2010-10-20,5519.0
2010-10-21,6726.0
2010-10-22,2305.0
2010-10-23,2456.0
2010-10-24,11914.0
2010-10-25,4299.0
2010-10-26,12841.0
2010-10-27,18235.0
2010-10-28,6586.0
2010-10-29,16111.0
2010-10-30,10221.0
2010-10-31,7535.0
2010-11-01,5788.0
2010-11-02,4977.0
2010-11-03,6846.0
2010-11-04,28594.0
2010-11-05,8195.0
2010-11-06,28387.0
2010-11-07,24253.0
2010-11-08,134063.0
2010-11-09,25859.0
2010-11-10,6184.0
2010-11-11,5752.0
2010-11-12,3054.0
2010-11-13,6664.0
2010-11-14,5671.0
2010-11-15,9817.0
2010-11-16,17785.0
2010-11-17,8329.0
2010-11-18,5600.0
2010-11-19,6490.0
2010-11-20,12813.0
2010-11-21,11801.0
2010-11-22,4200.0
2010-11-23,7719.0
2010-11-24,8045.0
2010-11-25,10044.0
2010-11-26,24631.0
2010-11-27,3988.0
2010-11-28,5060.0
2010-11-29,4151.0
2010-11-30,10313.0
2010-12-01,12969.0
2010-12-02,12297.0
2010-12-03,5857.0
2010-12-04,11174.0
2010-12-05,4714.0
2010-12-06,15403.0
2010-12-07,8092.0
2010-12-08,8015.0
2010-12-09,5112.0
2010-12-10,3359.0
2010-12-11,7974.0
2010-12-12,2639.0
2010-12-13,13930.0
2010-12-14,8236.0
2010-12-15,7042.0
2010-12-16,4728.0
2010-12-17,3925.0
2010-12-18,6928.0
2010-12-19,12456.0
2010-12-20,2735.0
2010-12-21,6854.0
2010-12-22,14144.0
2010-12-23,3020.0
2010-12-24,2077.0
2010-12-25,4175.0
2010-12-26,1680.0
2010-12-27,9707.0
2010-12-28,8990.0
2010-12-29,11872.0
2010-12-30,7230.0
2010-12-31,4557.0
2011-01-01,4249.0
2011-01-02,4965.0
2011-01-03,4844.0
2011-01-04,8950.0
2011-01-05,4746.0
2011-01-06,5052.0
2011-01-07,5304.0
2011-01-08,9216.0
2011-01-09,4919.0
2011-01-10,9608.0
2011-01-11,10925.0
2011-01-12,19002.0
2011-01-13,12205.0
2011-01-14,20944.0
2011-01-15,19660.0
2011-01-16,5692.0
2011-01-17,21248.0
2011-01-18,17351.0
2011-01-19,14224.0
2011-01-20,14375.0
2011-01-21,9737.0
2011-01-22,12943.0
2011-01-23,18353.0
2011-01-24,14463.0
2011-01-25,9593.0
2011-01-26,8354.0
2011-01-27,244197.0
2011-01-28,75983.0
2011-01-29,9028.0
2011-01-30,7112.0
2011-01-31,11063.0
2011-02-01,62654.0
2011-02-02,70019.0
2011-02-03,28485.0
2011-02-04,23600.0
2011-02-05,43393.0
2011-02-06,22269.0
2011-02-07,106124.0
2011-02-08,26738.0
2011-02-09,25392.0
2011-02-10,72572.0
2011-02-11,45157.0
2011-02-12,36859.0
2011-02-13,21840.0
2011-02-14,29065.0
2011-02-15,54031.0
2011-02-16,30500.0
2011-02-17,15895.0
2011-02-18,30662.0
2011-02-19,40214.0
2011-02-20,29573.0
2011-02-21,24302.0
2011-02-22,27368.0
2011-02-23,26253.0
2011-02-24,30986.0
2011-02-25,31889.0
2011-02-26,52359.0
2011-02-27,78056.0
2011-02-28,24184.0
2011-03-01,238207.0
2011-03-02,97038.0
2011-03-03,90019.0
2011-03-04,39776.0
2011-03-05,23192.0
2011-03-06,40280.0
2011-03-07,34115.0
2011-03-08,37702.0
2011-03-09,90086.0
2011-03-10,115881.0
2011-03-11,97554.0
2011-03-12,60424.0
2011-03-13,51598.0
2011-03-14,124309.0
2011-03-15,73225.0
2011-03-16,61691.0
2011-03-17,77214.0
2011-03-18,57847.0
2011-03-19,51587.0
2011-03-20,34938.0
2011-03-21,44912.0
2011-03-22,63477.0
2011-03-23,64659.0
2011-03-24,98185.0
2011-03-25,70182.0
2011-03-26,101642.0
2011-03-27,57626.0
2011-03-28,57362.0
2011-03-29,43449.0
2011-03-30,43376.0
2011-03-31,49935.0
2011-04-01,38322.0
2011-04-02,26398.0
2011-04-03,45209.0
2011-04-04,39393.0
2011-04-05,45955.0
2011-04-06,27403.0
2011-04-07,51998.0
2011-04-08,39878.0
2011-04-09,48280.0
2011-04-10,37178.0
2011-04-11,36299.0
2011-04-12,69521.0
2011-04-13,74439.0
2011-04-14,45784.0
2011-04-15,100098.0
2011-04-16,152420.0
2011-04-17,780771.0
2011-04-18,87551.0
2011-04-19,2000468.0
2011-04-20,808384.0
2011-04-21,73586.0
2011-04-22,180531.0
2011-04-23,128333.0
2011-04-24,161867.0
2011-04-25,76427.0
2011-04-26,110594.0
2011-04-27,105119.0
2011-04-28,294932.0
2011-04-29,550045.0
2011-04-30,1202538.0
2011-05-01,327093.0
2011-05-02,215720.0
2011-05-03,321812.0
2011-05-04,659930.0
2011-05-05,267356.0
2011-05-06,354735.0
2011-05-07,369563.0
2011-05-08,309849.0
2011-05-09,285840.0
2011-05-10,543880.0
2011-05-11,692885.0
2011-05-12,604958.0
2011-05-13,2737966.0
2011-05-14,5839842.0
2011-05-15,2326710.0
2011-05-16,529896.0
2011-05-17,1159406.0
2011-05-18,632200.0
2011-05-19,408467.0
2011-05-20,436590.0
2011-05-21,2827342.0
2011-05-22,1649403.0
2011-05-23,656643.0
2011-05-24,411273.0
2011-05-25,566716.0
2011-05-26,828721.0
2011-05-27,3111304.0
2011-05-28,417034.0
2011-05-29,526541.0
2011-05-30,437182.0
2011-05-31,636881.0
2011-06-01,591030.0
2011-06-02,856819.0
2011-06-03,2219953.0
2011-06-04,1521884.0
2011-06-05,1730478.0
2011-06-06,2089946.0
2011-06-07,1363724.0
2011-06-08,4909663.0
2011-06-09,5586476.0
2011-06-10,3843920.0
2011-06-11,4622649.0
2011-06-12,15503803.0
2011-06-13,3777160.0
2011-06-14,6262642.0
2011-06-15,2451236.0
2011-06-16,2639725.0
2011-06-17,2965232.0
2011-06-18,1998701.0
2011-06-19,2125491.0
2011-06-20,14519535.0
2011-06-21,1771098.0
2011-06-22,1843731.0
2011-06-23,7615913.0
2011-06-24,1777963.0
2011-06-25,1944141.0
2011-06-26,1101639.0
2011-06-27,1745381.0
2011-06-28,2629087.0
2011-06-29,1364842.0
2011-06-30,1747351.0
2011-07-01,1731314.0
2011-07-02,1501123.0
2011-07-03,691108.0
2011-07-04,962698.0
2011-07-05,1298978.0
2011-07-06,1426877.0
2011-07-07,1041229.0
2011-07-08,780059.0
2011-07-09,763944.0
2011-07-10,814691.0
2011-07-11,1042605.0
2011-07-12,830828.0
2011-07-13,783567.0
2011-07-14,708563.0
2011-07-15,712134.0
2011-07-16,611225.0
2011-07-17,654844.0
2011-07-18,2566237.0
2011-07-19,1159599.0
2011-07-20,787825.0
2011-07-21,788316.0
2011-07-22,799642.0
2011-07-23,749923.0
2011-07-24,579072.0
2011-07-25,1017419.0
2011-07-26,889346.0
2011-07-27,877234.0
2011-07-28,1298118.0
2011-07-29,1124147.0
2011-07-30,687360.0
2011-07-31,797357.0
2011-08-01,784067.0
2011-08-02,1163645.0
2011-08-03,1241578.0
2011-08-04,957933.0
2011-08-05,1354022.0
2011-08-06,750464.0
2011-08-07,1277865.0
2011-08-08,1522290.0
2011-08-09,838551.0
2011-08-10,641011.0
2011-08-11,580148.0
2011-08-12,553232.0
2011-08-13,450891.0
2011-08-14,631248.0
2011-08-15,794343.0
2011-08-16,618632.0
2011-08-17,712430.0
2011-08-18,1016465.0
2011-08-19,651408.0
2011-08-20,550394.0
2011-08-21,474112.0
2011-08-22,648910.0
2011-08-23,546621.0
2011-08-24,744776.0
2011-08-25,1445247.0
2011-08-26,834111.0
2011-08-27,10297260.0
2011-08-28,370701.0
2011-08-29,390351.0
2011-08-30,449115.0
2011-08-31,445986.0
2011-09-01,478641.0
2011-09-02,476920.0
2011-09-03,377717.0
2011-09-04,568608.0
2011-09-05,682371.0
2011-09-06,645989.0
2011-09-07,976725.0
2011-09-08,453856.0
2011-09-09,887507.0
2011-09-10,461676.0
2011-09-11,5650663.0
2011-09-12,566694.0
2011-09-13,351337.0
2011-09-14,468495.0
2011-09-15,298405.0
2011-09-16,464448.0
2011-09-17,343371.0
2011-09-18,281638.0
2011-09-19,390279.0
2011-09-20,556567.0
2011-09-21,761396.0
2011-09-22,435759.0
2011-09-23,321076.0
2011-09-24,377726.0
2011-09-25,293153.0
2011-09-26,357898.0
2011-09-27,408283.0
2011-09-28,325105.0
2011-09-29,241918.0
2011-09-30,322381.0
2011-10-01,374300.0
2011-10-02,279125.0
2011-10-03,266815.0
2011-10-04,351417.0
2011-10-05,399487.0
2011-10-06,661795.0
2011-10-07,425816.0
2011-10-08,478236.0
2011-10-09,326717.0
2011-10-10,237715.0
2011-10-11,325915.0
2011-10-12,295833.0
2011-10-13,319694.0
2011-10-14,316445.0
2011-10-15,304964.0
2011-10-16,218919.0
2011-10-17,442260.0
2011-10-18,299721.0
2011-10-19,240894.0
2011-10-20,302146.0
2011-10-21,259341.0
2011-10-22,316963.0
2011-10-23,354811.0
2011-10-24,303468.0
2011-10-25,338118.0
2011-10-26,349570.0
2011-10-27,237352.0
2011-10-28,398532.0
2011-10-29,722135.0
2011-10-30,291917.0
2011-10-31,287167.0
2011-11-01,423635.0
2011-11-02,475799.0
2011-11-03,377651.0
2011-11-04,332715.0
2011-11-05,358627.0
2011-11-06,244963.0
2011-11-07,197525.0
2011-11-08,376046.0
2011-11-09,809263.0
2011-11-10,374929.0
2011-11-11,420199.0
2011-11-12,244425.0
2011-11-13,243426.0
2011-11-14,372793.0
2011-11-15,441365.0
2011-11-16,3652992.0
2011-11-17,6702922.0
2011-11-18,6874636.0
2011-11-19,5513644.0
2011-11-20,1644284.0
2011-11-21,2661522.0
2011-11-22,3917824.0
2011-11-23,2729557.0
2011-11-24,419936.0
2011-11-25,454521.0
2011-11-26,446452.0
2011-11-27,2783795.0
2011-11-28,6730250.0
2011-11-29,6103599.0
2011-11-30,13988702.0
2011-12-01,7723835.0
2011-12-02,10383421.0
2011-12-03,11525011.0
2011-12-04,9581607.0
2011-12-05,5518235.0
2011-12-06,17766452.0
2011-12-07,16375162.0
2011-12-08,12093048.0
2011-12-09,3556927.0
2011-12-10,987549.0
2011-12-11,910170.0
2011-12-12,1079987.0
2011-12-13,536072.0
2011-12-14,418430.0
2011-12-15,452855.0
2011-12-16,521381.0
2011-12-17,428890.0
2011-12-18,262169.0
2011-12-19,490970.0
2011-12-20,887634.0
2011-12-21,675626.0
2011-12-22,419517.0
2011-12-23,380340.0
2011-12-24,333486.0
2011-12-25,289996.0
2011-12-26,360058.0
2011-12-27,335821.0
2011-12-28,390823.0
2011-12-29,503870.0
2011-12-30,363108.0
2011-12-31,415486.0
2012-01-01,878045.0
2012-01-02,568334.0
2012-01-03,446936.0
2012-01-04,665796.0
2012-01-05,1350623.0
2012-01-06,1253710.0
2012-01-07,733529.0
2012-01-08,579522.0
2012-01-09,1080678.0
2012-01-10,741592.0
2012-01-11,782777.0
2012-01-12,553600.0
2012-01-13,1178001.0
2012-01-14,836496.0
2012-01-15,554810.0
2012-01-16,917770.0
2012-01-17,1012812.0
2012-01-18,1066261.0
2012-01-19,787340.0
2012-01-20,963301.0
2012-01-21,607503.0
2012-01-22,397685.0
2012-01-23,452390.0
2012-01-24,630962.0
2012-01-25,763512.0
2012-01-26,811708.0
2012-01-27,806235.0
2012-01-28,484063.0
2012-01-29,544968.0
2012-01-30,463445.0
2012-01-31,475445.0
2012-02-01,789751.0
2012-02-02,863863.0
2012-02-03,725368.0
2012-02-04,820333.0
2012-02-05,660909.0
2012-02-06,688019.0
2012-02-07,650888.0
2012-02-08,598229.0
2012-02-09,536018.0
2012-02-10,541171.0
2012-02-11,618951.0
2012-02-12,826452.0
2012-02-13,781324.0
2012-02-14,2137549.0
2012-02-15,2096214.0
2012-02-16,1300415.0
2012-02-17,900215.0
2012-02-18,526421.0
2012-02-19,353030.0
2012-02-20,476064.0
2012-02-21,456992.0
2012-02-22,663998.0
2012-02-23,617242.0
2012-02-24,870747.0
2012-02-25,922316.0
2012-02-26,446782.0
2012-02-27,468194.0
2012-02-28,587931.0
2012-02-29,513594.0
2012-03-01,793554.0
2012-03-02,1164446.0
2012-03-03,757965.0
2012-03-04,473450.0
2012-03-05,446488.0
2012-03-06,587367.0
2012-03-07,558907.0
2012-03-08,485287.0
2012-03-09,529964.0
2012-03-10,505860.0
2012-03-11,365750.0
2012-03-12,540006.0
2012-03-13,730504.0
2012-03-14,646581.0
2012-03-15,855407.0
2012-03-16,749601.0
2012-03-17,484800.0
2012-03-18,484560.0
2012-03-19,612429.0
2012-03-20,610840.0
2012-03-21,712315.0
2012-03-22,615282.0
2012-03-23,616434.0
2012-03-24,492929.0
2012-03-25,592516.0
2012-03-26,527552.0
2012-03-27,646766.0
2012-03-28,653315.0
2012-03-29,694330.0
2012-03-30,669916.0
2012-03-31,567768.0
2012-04-01,452369.0
2012-04-02,566497.0
2012-04-03,768178.0
2012-04-04,777878.0
2012-04-05,829501.0
2012-04-06,893338.0
2012-04-07,542647.0
2012-04-08,412226.0
2012-04-09,1241680.0
2012-04-10,1258479.0
2012-04-11,682008.0
2012-04-12,1272581.0
2012-04-13,960244.0
2012-04-14,943975.0
2012-04-15,431013.0
2012-04-16,814859.0
2012-04-17,1099386.0
2012-04-18,919525.0
2012-04-19,1038662.0
2012-04-20,1151820.0
2012-04-21,933213.0
2012-04-22,940823.0
2012-04-23,612089.0
2012-04-24,810640.0
2012-04-25,787789.0
2012-04-26,1061121.0
2012-04-27,750356.0
2012-04-28,679114.0
2012-04-29,800697.0
2012-04-30,571085.0
2012-05-01,765844.0
2012-05-02,800088.0
2012-05-03,911396.0
2012-05-04,735084.0
2012-05-05,751695.0
2012-05-06,997931.0
2012-05-07,895072.0
2012-05-08,876743.0
2012-05-09,1138844.0
2012-05-10,1200890.0
2012-05-11,1138863.0
2012-05-12,867910.0
2012-05-13,711651.0
2012-05-14,706640.0
2012-05-15,1146251.0
2012-05-16,955951.0
2012-05-17,824999.0
2012-05-18,1314750.0
2012-05-19,764992.0
2012-05-20,762713.0
2012-05-21,1092576.0
2012-05-22,1401980.0
2012-05-23,1086090.0
2012-05-24,798294.0
2012-05-25,831374.0
2012-05-26,738713.0
2012-05-27,685520.0
2012-05-28,771315.0
2012-05-29,1034024.0
2012-05-30,1027259.0
2012-05-31,1095397.0
2012-06-01,3268330.0
2012-06-02,989428.0
2012-06-03,597993.0
2012-06-04,1110604.0
2012-06-05,1320789.0
2012-06-06,1064912.0
2012-06-07,1228372.0
2012-06-08,1389101.0
2012-06-09,1315104.0
2012-06-10,850427.0
2012-06-11,976695.0
2012-06-12,1167081.0
2012-06-13,1576581.0
2012-06-14,1073837.0
2012-06-15,1250131.0
2012-06-16,1776317.0
2012-06-17,1049837.0
2012-06-18,1262781.0
2012-06-19,1415080.0
2012-06-20,1697977.0
2012-06-21,1290179.0
2012-06-22,1676382.0
2012-06-23,1055120.0
2012-06-24,1756136.0
2012-06-25,1197025.0
2012-06-26,1930647.0
2012-06-27,1583553.0
2012-06-28,1547091.0
2012-06-29,986415.0
2012-06-30,958873.0
2012-07-01,669466.0
2012-07-02,977687.0
2012-07-03,1893726.0
2012-07-04,1506107.0
2012-07-05,1234266.0
2012-07-06,1325077.0
2012-07-07,1088100.0
2012-07-08,882943.0
2012-07-09,1285179.0
2012-07-10,1753780.0
2012-07-11,1504151.0
2012-07-12,1769973.0
2012-07-13,2506981.0
2012-07-14,2336848.0
2012-07-15,1129466.0
2012-07-16,1661503.0
2012-07-17,3905528.0
2012-07-18,2758940.0
2012-07-19,1710994.0
2012-07-20,2297360.0
2012-07-21,2214183.0
2012-07-22,1248162.0
2012-07-23,1836824.0
2012-07-24,2030339.0
2012-07-25,1706245.0
2012-07-26,2138892.0
2012-07-27,1486569.0
2012-07-28,1229283.0
2012-07-29,1162123.0
2012-07-30,1424114.0
2012-07-31,2868033.0
2012-08-01,2598530.0
2012-08-02,2640307.0
2012-08-03,2961123.0
2012-08-04,1905221.0
2012-08-05,1596988.0
2012-08-06,2019207.0
2012-08-07,2113987.0
2012-08-08,2222610.0
2012-08-09,2882069.0
2012-08-10,2495366.0
2012-08-11,1692485.0
2012-08-12,1138432.0
2012-08-13,2115786.0
2012-08-14,2948060.0
2012-08-15,2241263.0
2012-08-16,2807715.0
2012-08-17,3341893.0
2012-08-18,4122022.0
2012-08-19,4363895.0
2012-08-20,7101858.0
2012-08-21,3146792.0
2012-08-22,3739343.0
2012-08-23,2653441.0
2012-08-24,2221352.0
2012-08-25,2448928.0
2012-08-26,1965669.0
2012-08-27,3360623.0
2012-08-28,2592620.0
2012-08-29,2736267.0
2012-08-30,2499013.0
2012-08-31,4119638.0
2012-09-01,1608123.0
2012-09-02,1346909.0
2012-09-03,1814331.0
2012-09-04,2515047.0
2012-09-05,2254710.0
2012-09-06,3244593.0
2012-09-07,2173006.0
2012-09-08,1989741.0
2012-09-09,3817108.0
2012-09-10,4662617.0
2012-09-11,3374251.0
2012-09-12,2963400.0
2012-09-13,2967383.0
2012-09-14,2476501.0
2012-09-15,2735262.0
2012-09-16,1647449.0
2012-09-17,2701490.0
2012-09-18,3313125.0
2012-09-19,2873579.0
2012-09-20,3224024.0
2012-09-21,6610139.0
2012-09-22,3035165.0
2012-09-23,1548842.0
2012-09-24,3041292.0
2012-09-25,2989923.0
2012-09-26,2787295.0
2012-09-27,2934561.0
2012-09-28,2864060.0
2012-09-29,2779943.0
2012-09-30,2180981.0
2012-10-01,2348382.0
2012-10-02,3503565.0
2012-10-03,3295084.0
2012-10-04,3326931.0
2012-10-05,3204636.0
2012-10-06,1755079.0
2012-10-07,1621659.0
2012-10-08,2664207.0
2012-10-09,2530211.0
2012-10-10,2462497.0
2012-10-11,2582584.0
2012-10-12,2594250.0
2012-10-13,1747498.0
2012-10-14,1628112.0
2012-10-15,2108981.0
2012-10-16,2729343.0
2012-10-17,2661560.0
2012-10-18,2691907.0
2012-10-19,2520224.0
2012-10-20,3294081.0
2012-10-21,2045224.0
2012-10-22,2481903.0
2012-10-23,3280241.0
2012-10-24,3782770.0
2012-10-25,3763329.0
2012-10-26,2637060.0
2012-10-27,2613945.0
2012-10-28,1585103.0
2012-10-29,1700668.0
2012-10-30,3302044.0
2012-10-31,2900334.0
2012-11-01,3093891.0
2012-11-02,2637844.0
2012-11-03,1626210.0
2012-11-04,1099881.0
2012-11-05,1973937.0
2012-11-06,2190698.0
2012-11-07,2345008.0
2012-11-08,2456684.0
2012-11-09,2089416.0
2012-11-10,1275462.0
2012-11-11,774286.0
2012-11-12,1578039.0
2012-11-13,1439249.0
2012-11-14,1530370.0
2012-11-15,2196317.0
2012-11-16,4164666.0
2012-11-17,2838875.0
2012-11-18,2204342.0
2012-11-19,3084759.0
2012-11-20,2233941.0
2012-11-21,2130171.0
2012-11-22,2334865.0
2012-11-23,1608539.0
2012-11-24,2114463.0
2012-11-25,1392564.0
2012-11-26,2239282.0
2012-11-27,3021259.0
2012-11-28,2787922.0
2012-11-29,2367943.0
2012-11-30,2271445.0
2012-12-01,1680606.0
2012-12-02,1497889.0
2012-12-03,2490623.0
2012-12-04,2827962.0
2012-12-05,3171569.0
2012-12-06,2997416.0
2012-12-07,2952657.0
2012-12-08,2271673.0
2012-12-09,1593928.0
2012-12-10,2782848.0
2012-12-11,3745276.0
2012-12-12,3296555.0
2012-12-13,4343095.0
2012-12-14,3325538.0
2012-12-15,2527927.0
2012-12-16,1448181.0
2012-12-17,2721533.0
2012-12-18,3316623.0
2012-12-19,3168938.0
2012-12-20,2269000.0
2012-12-21,2880933.0
2012-12-22,2095778.0
2012-12-23,1371188.0
2012-12-24,2099686.0
2012-12-25,1495965.0
2012-12-26,1637189.0
2012-12-27,2100887.0
2012-12-28,2378989.0
2012-12-29,2236812.0
2012-12-30,1543400.0
2012-12-31,2475471.0
2013-01-01,1602831.0
2013-01-02,3201112.0
2013-01-03,2127085.0
2013-01-04,2902299.0
2013-01-05,2656630.0
2013-01-06,1924972.0
2013-01-07,2261261.0
2013-01-08,3283637.0
2013-01-09,3605220.0
2013-01-10,3270152.0
2013-01-11,3036299.0
2013-01-12,2481424.0
2013-01-13,2395237.0
2013-01-14,2562183.0
2013-01-15,3434253.0
2013-01-16,3501973.0
2013-01-17,4227299.0
2013-01-18,3924977.0
2013-01-19,2680653.0
2013-01-20,1958761.0
2013-01-21,3249814.0
2013-01-22,4627216.0
2013-01-23,5278950.0
2013-01-24,6239889.0
2013-01-25,5058536.0
2013-01-26,4316986.0
2013-01-27,2866972.0
2013-01-28,3790258.0
2013-01-29,7990846.0
2013-01-30,5821475.0
2013-01-31,7888828.0
2013-02-01,7820485.0
2013-02-02,6881550.0
2013-02-03,3715417.0
2013-02-04,3930883.0
2013-02-05,5488787.0
2013-02-06,6013971.0
2013-02-07,5968552.0
2013-02-08,5081101.0
2013-02-09,4223315.0
2013-02-10,4138412.0
2013-02-11,4426803.0
2013-02-12,7061162.0
2013-02-13,7442417.0
2013-02-14,6911850.0
2013-02-15,9301581.0
2013-02-16,4757318.0
2013-02-17,6067580.0
2013-02-18,6498043.0
2013-02-19,7052949.0
2013-02-20,8693971.0
2013-02-21,7550061.0
2013-02-22,7984119.0
2013-02-23,6872446.0
2013-02-24,8519389.0
2013-02-25,9347856.0
2013-02-26,8510896.0
2013-02-27,6959135.0
2013-02-28,10035688.0
2013-03-01,11051611.0
2013-03-02,8701712.0
2013-03-03,3914052.0
2013-03-04,7038825.0
2013-03-05,11576870.0
2013-03-06,16500967.0
2013-03-07,14236761.0
2013-03-08,10227611.0
2013-03-09,7501147.0
2013-03-10,6980765.0
2013-03-11,9081051.0
2013-03-12,10787561.0
2013-03-13,12910133.0
2013-03-14,11238654.0
2013-03-15,10687439.0
2013-03-16,7545387.0
2013-03-17,6285195.0
2013-03-18,9358810.0
2013-03-19,18778746.0
2013-03-20,18458531.0
2013-03-21,20575727.0
2013-03-22,21801146.0
2013-03-23,15164676.0
2013-03-24,12746354.0
2013-03-25,20725370.0
2013-03-26,20804086.0
2013-03-27,22754510.0
2013-03-28,27694330.0
2013-03-29,27471833.0
2013-03-30,22501619.0
2013-03-31,12404983.0
2013-04-01,18959533.0
2013-04-02,44122940.0
2013-04-03,53723159.0
2013-04-04,48600145.0
2013-04-05,35085788.0
2013-04-06,27164719.0
2013-04-07,26561470.0
2013-04-08,53285205.0
2013-04-09,81522215.0
2013-04-10,109067750.0
2013-04-11,82546564.0
2013-04-12,37369827.0
2013-04-13,31942206.0
2013-04-14,16832998.0
2013-04-15,20737494.0
2013-04-16,50172538.0
2013-04-17,27333638.0
2013-04-18,25397077.0
2013-04-19,32877553.0
2013-04-20,21420855.0
2013-04-21,19031291.0
2013-04-22,19186106.0
2013-04-23,24261348.0
2013-04-24,38367160.0
2013-04-25,39015342.0
2013-04-26,34243763.0
2013-04-27,28298545.0
2013-04-28,22605050.0
2013-04-29,41199388.0
2013-04-30,32294820.0
2013-05-01,32988744.0
2013-05-02,33019004.0
2013-05-03,34738967.0
2013-05-04,19138832.0
2013-05-05,22070654.0
2013-05-06,32747255.0
2013-05-07,48700263.0
2013-05-08,37158553.0
2013-05-09,18432038.0
2013-05-10,23437933.0
2013-05-11,24070739.0
2013-05-12,24398195.0
2013-05-13,30970356.0
2013-05-14,23674574.0
2013-05-15,33062756.0
2013-05-16,24772186.0
2013-05-17,22302152.0
2013-05-18,26655270.0
2013-05-19,13956766.0
2013-05-20,14724464.0
2013-05-21,18248895.0
2013-05-22,16951340.0
2013-05-23,17289205.0
2013-05-24,18356960.0
2013-05-25,32328129.0
2013-05-26,9320100.0
2013-05-27,12042798.0
2013-05-28,21874484.0
2013-05-29,19647318.0
2013-05-30,19997470.0
2013-05-31,21623328.0
2013-06-01,12395215.0
2013-06-02,13732191.0
2013-06-03,21628574.0
2013-06-04,26471992.0
2013-06-05,20651670.0
2013-06-06,19417968.0
2013-06-07,26030025.0
2013-06-08,14984807.0
2013-06-09,22648459.0
2013-06-10,16832721.0
2013-06-11,15612185.0
2013-06-12,18866105.0
2013-06-13,14604166.0
2013-06-14,19223868.0
2013-06-15,14288283.0
2013-06-16,10344457.0
2013-06-17,11990898.0
2013-06-18,15606642.0
2013-06-19,15008169.0
2013-06-20,16649067.0
2013-06-21,20329679.0
2013-06-22,11644483.0
2013-06-23,11109050.0
2013-06-24,15989758.0
2013-06-25,15094760.0
2013-06-26,16456972.0
2013-06-27,14300350.0
2013-06-28,16447575.0
2013-06-29,12964846.0
2013-06-30,10045786.0
2013-07-01,19434641.0
2013-07-02,23261977.0
2013-07-03,21960742.0
2013-07-04,26002648.0
2013-07-05,23177973.0
2013-07-06,17414249.0
2013-07-07,11978048.0
2013-07-08,14716112.0
2013-07-09,24266100.0
2013-07-10,25504393.0
2013-07-11,17778704.0
2013-07-12,32207761.0
2013-07-13,27547900.0
2013-07-14,16176442.0
2013-07-15,14831969.0
2013-07-16,21760731.0
2013-07-17,35799465.0
2013-07-18,29876056.0
2013-07-19,26606654.0
2013-07-20,12358753.0
2013-07-21,11557290.0
2013-07-22,20691538.0
2013-07-23,29454766.0
2013-07-24,22100556.0
2013-07-25,17564335.0
2013-07-26,19630098.0
2013-07-27,13875296.0
2013-07-28,10211744.0
2013-07-29,18173521.0
2013-07-30,17436599.0
2013-07-31,27961402.0
2013-08-01,24802510.0
2013-08-02,17227543.0
2013-08-03,21849030.0
2013-08-04,9821585.0
2013-08-05,16579173.0
2013-08-06,17336173.0
2013-08-07,15577018.0
2013-08-08,15173289.0
2013-08-09,14108629.0
2013-08-10,11394420.0
2013-08-11,12230280.0
2013-08-12,23274506.0
2013-08-13,27791508.0
2013-08-14,18877399.0
2013-08-15,18697134.0
2013-08-16,15799075.0
2013-08-17,10908216.0
2013-08-18,9855148.0
2013-08-19,18536956.0
2013-08-20,21774465.0
2013-08-21,21477614.0
2013-08-22,19417003.0
2013-08-23,18379588.0
2013-08-24,12358432.0
2013-08-25,12086159.0
2013-08-26,15758636.0
2013-08-27,22789346.0
2013-08-28,23599317.0
2013-08-29,26852781.0
2013-08-30,19897419.0
2013-08-31,21527351.0
2013-09-01,19292550.0
2013-09-02,18119264.0
2013-09-03,21059813.0
2013-09-04,24707681.0
2013-09-05,25503578.0
2013-09-06,16094489.0
2013-09-07,13811249.0
2013-09-08,9575050.0
2013-09-09,15359356.0
2013-09-10,18426068.0
2013-09-11,17480102.0
2013-09-12,19081844.0
2013-09-13,17487264.0
2013-09-14,13379196.0
2013-09-15,9903219.0
2013-09-16,15807935.0
2013-09-17,17593089.0
2013-09-18,20504733.0
2013-09-19,27283020.0
2013-09-20,18543950.0
2013-09-21,13680647.0
2013-09-22,14591512.0
2013-09-23,19845271.0
2013-09-24,26370038.0
2013-09-25,22296216.0
2013-09-26,19907594.0
2013-09-27,20570062.0
2013-09-28,17176512.0
2013-09-29,18613584.0
2013-09-30,17858428.0
2013-10-01,28385075.0
2013-10-02,30243868.0
2013-10-03,39333168.0
2013-10-04,18930821.0
2013-10-05,12004509.0
2013-10-06,11506441.0
2013-10-07,22147123.0
2013-10-08,16450364.0
2013-10-09,22600153.0
2013-10-10,19987068.0
2013-10-11,20022201.0
2013-10-12,16997986.0
2013-10-13,13162986.0
2013-10-14,23663367.0
2013-10-15,25180562.0
2013-10-16,29272418.0
2013-10-17,25606096.0
2013-10-18,23370691.0
2013-10-19,32532840.0
2013-10-20,20272986.0
2013-10-21,30979595.0
2013-10-22,65660979.0
2013-10-23,48435641.0
2013-10-24,49099293.0
2013-10-25,59153404.0
2013-10-26,36443698.0
2013-10-27,20364921.0
2013-10-28,23040191.0
2013-10-29,56466616.0
2013-10-30,33905628.0
2013-10-31,30015321.0
2013-11-01,30585801.0
2013-11-02,25308174.0
2013-11-03,22891169.0
2013-11-04,44225105.0
2013-11-05,87485395.0
2013-11-06,66303724.0
2013-11-07,83843663.0
2013-11-08,105554624.0
2013-11-09,105398358.0
2013-11-10,66944275.0
2013-11-11,60555075.0
2013-11-12,80529524.0
2013-11-13,87048365.0
2013-11-14,116172520.0
2013-11-15,97870794.0
2013-11-16,96660457.0
2013-11-17,79545941.0
2013-11-18,183156028.0
2013-11-19,236770803.0
2013-11-20,189981706.0
2013-11-21,198846547.0
2013-11-22,499658342.0
2013-11-23,162973773.0
2013-11-24,188795019.0
2013-11-25,140067968.0
2013-11-26,240113213.0
2013-11-27,317679101.0
2013-11-28,343988520.0
2013-11-29,384357424.0
2013-11-30,259798119.0
2013-12-01,182057510.0
2013-12-02,209705624.0
2013-12-03,177375733.0
2013-12-04,196826039.0
2013-12-05,264518651.0
2013-12-06,278007050.0
2013-12-07,214902235.0
2013-12-08,138704496.0
2013-12-09,117027891.0
2013-12-10,161107070.0
2013-12-11,213807083.0
2013-12-12,92211510.0
2013-12-13,100151178.0
2013-12-14,99250160.0
2013-12-15,94713773.0
2013-12-16,119628591.0
2013-12-17,176116795.0
2013-12-18,197594224.0
2013-12-19,157726334.0
2013-12-20,132627443.0
2013-12-21,185997919.0
2013-12-22,98196637.0
2013-12-23,85126859.0
2013-12-24,83190871.0
2013-12-25,191629293.0
2013-12-26,67082728.0
2013-12-27,82468792.0
2013-12-28,58459390.0
2013-12-29,44478343.0
2013-12-30,88947409.0
2013-12-31,70162130.0
2014-01-01,56483139.0
2014-01-02,74786915.0
2014-01-03,149944252.0
2014-01-04,114646590.0
2014-01-05,133777808.0
2014-01-06,162446901.0
2014-01-07,100994810.0
2014-01-08,113804404.0
2014-01-09,65072095.0
2014-01-10,64780722.0
2014-01-11,86126142.0
2014-01-12,66635322.0
2014-01-13,73322235.0
2014-01-14,83128691.0
2014-01-15,110811182.0
2014-01-16,83152691.0
2014-01-17,69286154.0
2014-01-18,46303539.0
2014-01-19,50510418.0
2014-01-20,75885343.0
2014-01-21,113445881.0
2014-01-22,68931602.0
2014-01-23,73300289.0
2014-01-24,103284815.0
2014-01-25,63934534.0
2014-01-26,53282798.0
2014-01-27,89454816.0
2014-01-28,109368085.0
2014-01-29,55425036.0
2014-01-30,73260237.0
2014-01-31,52245602.0
2014-02-01,57920715.0
2014-02-02,46812767.0
2014-02-03,47583167.0
2014-02-04,84175036.0
2014-02-05,111647129.0
2014-02-06,164571017.0
2014-02-07,110845030.0
2014-02-08,52404670.0
2014-02-09,60241888.0
2014-02-10,80274582.0
2014-02-11,92174104.0
2014-02-12,67142256.0
2014-02-13,51260221.0
2014-02-14,96607239.0
2014-02-15,48064647.0
2014-02-16,61558705.0
2014-02-17,64575559.0
2014-02-18,73726238.0
2014-02-19,53670749.0
2014-02-20,57574083.0
2014-02-21,62632626.0
2014-02-22,48924427.0
2014-02-23,50535385.0
2014-02-24,90670244.0
2014-02-25,140332169.0
2014-02-26,78051369.0
2014-02-27,86979357.0
2014-02-28,71850164.0
2014-03-01,49114674.0
2014-03-02,39679925.0
2014-03-03,89976519.0
2014-03-04,130586369.0
2014-03-05,84472040.0
2014-03-06,80932841.0
2014-03-07,578770710.0
2014-03-08,283095945.0
2014-03-09,97669007.0
2014-03-10,335365185.0
2014-03-11,209103644.0
2014-03-12,191983433.0
2014-03-13,232498993.0
2014-03-14,140788486.0
2014-03-15,118364109.0
2014-03-16,37279671.0
2014-03-17,47725346.0
2014-03-18,55440433.0
2014-03-19,73064040.0
2014-03-20,81945774.0
2014-03-21,58137757.0
2014-03-22,41674092.0
2014-03-23,22231142.0
2014-03-24,46027817.0
2014-03-25,51866136.0
2014-03-26,46966514.0
2014-03-27,83614198.0
2014-03-28,85826500.0
2014-03-29,36870432.0
2014-03-30,43260859.0
2014-03-31,55749218.0
2014-04-01,59045962.0
2014-04-02,53391233.0
2014-04-03,67793531.0
2014-04-04,58176471.0
2014-04-05,52858403.0
2014-04-06,34345024.0
2014-04-07,36774851.0
2014-04-08,48957258.0
2014-04-09,39205732.0
2014-04-10,89536231.0
2014-04-11,86855660.0
2014-04-12,28809372.0
2014-04-13,20899083.0
2014-04-14,46601503.0
2014-04-15,60349096.0
2014-04-16,86171062.0
2014-04-17,66040408.0
2014-04-18,35314496.0
2014-04-19,28166242.0
2014-04-20,23479844.0
2014-04-21,68262812.0
2014-04-22,41304401.0
2014-04-23,57844227.0
2014-04-24,37114163.0
2014-04-25,57255580.0
2014-04-26,36740067.0
2014-04-27,27137031.0
2014-04-28,46745164.0
2014-04-29,43152464.0
2014-04-30,44103451.0
2014-05-01,34726960.0
2014-05-02,30820826.0
2014-05-03,30860338.0
2014-05-04,22565490.0
2014-05-05,27006284.0
2014-05-06,31741831.0
2014-05-07,48178380.0
2014-05-08,35665962.0
2014-05-09,36304065.0
2014-05-10,26092751.0
2014-05-11,21302695.0
2014-05-12,30211908.0
2014-05-13,36846458.0
2014-05-14,48349758.0
2014-05-15,45902853.0
2014-05-16,34513674.0
2014-05-17,19761483.0
2014-05-18,22335885.0
2014-05-19,31446950.0
2014-05-20,59888248.0
2014-05-21,52751556.0
2014-05-22,55019591.0
2014-05-23,64993979.0
2014-05-24,179216731.0
2014-05-25,63234339.0
2014-05-26,65480516.0
2014-05-27,67580046.0
2014-05-28,81882997.0
2014-05-29,45401397.0
2014-05-30,64969710.0
2014-05-31,55048506.0
2014-06-01,65773632.0
2014-06-02,55263584.0
2014-06-03,84081482.0
2014-06-04,66164960.0
2014-06-05,63721940.0
2014-06-06,66893782.0
2014-06-07,40060613.0
2014-06-08,30015285.0
2014-06-09,34774064.0
2014-06-10,112205327.0
2014-06-11,94110214.0
2014-06-12,90337283.0
2014-06-13,176510642.0
2014-06-14,38957451.0
2014-06-15,31780604.0
2014-06-16,49711134.0
2014-06-17,42215599.0
2014-06-18,51361498.0
2014-06-19,48074149.0
2014-06-20,41117791.0
2014-06-21,34112284.0
2014-06-22,29773254.0
2014-06-23,48571764.0
2014-06-24,130567463.0
2014-06-25,59876020.0
2014-06-26,64083057.0
2014-06-27,40507566.0
2014-06-28,38399762.0
2014-06-29,28862991.0
2014-06-30,53399280.0
2014-07-01,89902459.0
2014-07-02,70378228.0
2014-07-03,56230454.0
2014-07-04,52563526.0
2014-07-05,30139697.0
2014-07-06,28240285.0
2014-07-07,38672026.0
2014-07-08,57967072.0
2014-07-09,55825336.0
2014-07-10,46194573.0
2014-07-11,45523061.0
2014-07-12,33905603.0
2014-07-13,38094337.0
2014-07-14,39773995.0
2014-07-15,41867255.0
2014-07-16,66491033.0
2014-07-17,44694593.0
2014-07-18,50696974.0
2014-07-19,46665514.0
2014-07-20,26332169.0
2014-07-21,50291603.0
2014-07-22,66301035.0
2014-07-23,45920939.0
2014-07-24,62927564.0
2014-07-25,47449138.0
2014-07-26,29888490.0
2014-07-27,31352812.0
2014-07-28,45007749.0
2014-07-29,44498551.0
2014-07-30,43910086.0
2014-07-31,49313391.0
2014-08-01,100025886.0
2014-08-02,43323442.0
2014-08-03,29006666.0
2014-08-04,62145559.0
2014-08-05,79081409.0
2014-08-06,67956842.0
2014-08-07,59148318.0
2014-08-08,45429230.0
2014-08-09,54274894.0
2014-08-10,32717703.0
2014-08-11,43160222.0
2014-08-12,61125967.0
2014-08-13,68343254.0
2014-08-14,71874482.0
2014-08-15,68492066.0
2014-08-16,55298333.0
2014-08-17,40549429.0
2014-08-18,74095305.0
2014-08-19,58857523.0
2014-08-20,51935426.0
2014-08-21,59265349.0
2014-08-22,75943076.0
2014-08-23,36094826.0
2014-08-24,30141801.0
2014-08-25,56406843.0
2014-08-26,48832021.0
2014-08-27,59515079.0
2014-08-28,65996027.0
2014-08-29,37526263.0
2014-08-30,65465453.0
2014-08-31,32984034.0
2014-09-01,42130576.0
2014-09-02,57211483.0
2014-09-03,46474195.0
2014-09-04,43029156.0
2014-09-05,43749730.0
2014-09-06,46641358.0
2014-09-07,30541006.0
2014-09-08,50577061.0
2014-09-09,51927046.0
2014-09-10,59807812.0
2014-09-11,48039245.0
2014-09-12,44787910.0
2014-09-13,33280330.0
2014-09-14,33003201.0
2014-09-15,47445745.0
2014-09-16,43919238.0
2014-09-17,50978521.0
2014-09-18,64335430.0
2014-09-19,77510120.0
2014-09-20,59356580.0
2014-09-21,49329319.0
2014-09-22,34182377.0
2014-09-23,44139679.0
2014-09-24,56605228.0
2014-09-25,45246389.0
2014-09-26,47166952.0
2014-09-27,34502943.0
2014-09-28,35314615.0
2014-09-29,62247510.0
2014-09-30,51711511.0
2014-10-01,56591522.0
2014-10-02,44654562.0
2014-10-03,45083900.0
2014-10-04,59714061.0
2014-10-05,66329968.0
2014-10-06,83003776.0
2014-10-07,52380811.0
2014-10-08,63475329.0
2014-10-09,84680185.0
2014-10-10,66251247.0
2014-10-11,62235987.0
2014-10-12,37290971.0
2014-10-13,61807124.0
2014-10-14,85862253.0
2014-10-15,60127968.0
2014-10-16,48944986.0
2014-10-17,54457847.0
2014-10-18,43541830.0
2014-10-19,32531035.0
2014-10-20,47069051.0
2014-10-21,40702541.0
2014-10-22,73884654.0
2014-10-23,50354184.0
2014-10-24,57480880.0
2014-10-25,43824569.0
2014-10-26,32411926.0
2014-10-27,42217623.0
2014-10-28,41415805.0
2014-10-29,48567875.0
2014-10-30,46623283.0
2014-10-31,47869731.0
2014-11-01,36764265.0
2014-11-02,30582252.0
2014-11-03,41105832.0
2014-11-04,47999638.0
2014-11-05,78016547.0
2014-11-06,51460059.0
2014-11-07,61950234.0
2014-11-08,34776386.0
2014-11-09,35847049.0
2014-11-10,62829504.0
2014-11-11,56457994.0
2014-11-12,90416694.0
2014-11-13,121129353.0
2014-11-14,121834674.0
2014-11-15,61511796.0
2014-11-16,47238357.0
2014-11-17,66904022.0
2014-11-18,87672375.0
2014-11-19,53664217.0
2014-11-20,61164935.0
2014-11-21,57490040.0
2014-11-22,41816636.0
2014-11-23,30536153.0
2014-11-24,50358546.0
2014-11-25,77567837.0
2014-11-26,62961524.0
2014-11-27,48525776.0
2014-11-28,152938232.0
2014-11-29,74496486.0
2014-11-30,39169446.0
2014-12-01,60655884.0
2014-12-02,143589145.0
2014-12-03,78960564.0
2014-12-04,71221370.0
2014-12-05,99565413.0
2014-12-06,74212899.0
2014-12-07,41290985.0
2014-12-08,68344784.0
2014-12-09,113085882.0
2014-12-10,61438042.0
2014-12-11,64049604.0
2014-12-12,48992200.0
2014-12-13,48843853.0
2014-12-14,28671320.0
2014-12-15,49816388.0
2014-12-16,62923964.0
2014-12-17,70794117.0
2014-12-18,85842180.0
2014-12-19,59773546.0
2014-12-20,48761047.0
2014-12-21,36054494.0
2014-12-22,62470240.0
2014-12-23,64168766.0
2014-12-24,70710498.0
2014-12-25,37379573.0
2014-12-26,31492805.0
2014-12-27,42707345.0
2014-12-28,30284193.0
2014-12-29,41511175.0
2014-12-30,50225689.0
2014-12-31,53657583.0
2015-01-01,25028606.0
2015-01-02,28315237.0
2015-01-03,54582870.0
2015-01-04,82102043.0
2015-01-05,62633832.0
2015-01-06,56472457.0
2015-01-07,70955899.0
2015-01-08,51516706.0
2015-01-09,78073011.0
2015-01-10,69092710.0
2015-01-11,39759184.0
2015-01-12,51198106.0
2015-01-13,78230238.0
2015-01-14,79330845.0
2015-01-15,79543803.0
2015-01-16,56039500.0
2015-01-17,37461945.0
2015-01-18,32155910.0
2015-01-19,32516443.0
2015-01-20,39491841.0
2015-01-21,89138779.0
2015-01-22,60557888.0
2015-01-23,43759854.0
2015-01-24,47652537.0
2015-01-25,35030135.0
2015-01-26,96483300.0
2015-01-27,64964120.0
2015-01-28,41878308.0
2015-01-29,54731886.0
2015-01-30,44384842.0
2015-01-31,36797125.0
2015-02-01,35646882.0
2015-02-02,33856084.0
2015-02-03,50503768.0
2015-02-04,44478360.0
2015-02-05,45033515.0
2015-02-06,42596292.0
2015-02-07,36922120.0
2015-02-08,33551454.0
2015-02-09,39638684.0
2015-02-10,43915007.0
2015-02-11,43264785.0
2015-02-12,33532143.0
2015-02-13,56852658.0
2015-02-14,45461720.0
2015-02-15,41125612.0
2015-02-16,41112330.0
2015-02-17,36916500.0
2015-02-18,41181074.0
2015-02-19,42918722.0
2015-02-20,38382817.0
2015-02-21,38746758.0
2015-02-22,25054486.0
2015-02-23,32388687.0
2015-02-24,38278265.0
2015-02-25,42974777.0
2015-02-26,36345333.0
2015-02-27,55733310.0
2015-02-28,31953168.0
2015-03-01,27354714.0
2015-03-02,50999042.0
2015-03-03,65278663.0
2015-03-04,66912358.0
2015-03-05,56279040.0
2015-03-06,58987483.0
2015-03-07,56271451.0
2015-03-08,95961386.0
2015-03-09,48021598.0
2015-03-10,87360262.0
2015-03-11,71892311.0
2015-03-12,60449520.0
2015-03-13,55555889.0
2015-03-14,42838369.0
2015-03-15,25077189.0
2015-03-16,37389584.0
2015-03-17,47546831.0
2015-03-18,60289864.0
2015-03-19,60394974.0
2015-03-20,47009366.0
2015-03-21,35086759.0
2015-03-22,25026903.0
2015-03-23,46687559.0
2015-03-24,54478819.0
2015-03-25,55501612.0
2015-03-26,47532733.0
2015-03-27,56541941.0
2015-03-28,33743136.0
2015-03-29,31101436.0
2015-03-30,42268706.0
2015-03-31,42318994.0
2015-04-01,43509758.0
2015-04-02,53544855.0
2015-04-03,40164086.0
2015-04-04,28479112.0
2015-04-05,22055242.0
2015-04-06,28323536.0
2015-04-07,50829827.0
2015-04-08,51341612.0
2015-04-09,50922224.0
2015-04-10,41603422.0
2015-04-11,43162808.0
2015-04-12,26875906.0
2015-04-13,36049660.0
2015-04-14,56332209.0
2015-04-15,41920036.0
2015-04-16,41323958.0
2015-04-17,40555682.0
2015-04-18,36745887.0
2015-04-19,25677167.0
2015-04-20,41368777.0
2015-04-21,38968128.0
2015-04-22,49525610.0
2015-04-23,40213228.0
2015-04-24,42464891.0
2015-04-25,32818421.0
2015-04-26,35461638.0
2015-04-27,50565946.0
2015-04-28,48618543.0
2015-04-29,42213058.0
2015-04-30,46176646.0
2015-05-01,43312468.0
2015-05-02,32343624.0
2015-05-03,34847499.0
2015-05-04,38384611.0
2015-05-05,39710134.0
2015-05-06,43095033.0
2015-05-07,47357958.0
2015-05-08,48016735.0
2015-05-09,38657753.0
2015-05-10,28904386.0
2015-05-11,43124535.0
2015-05-12,49854247.0
2015-05-13,46087784.0
2015-05-14,44447621.0
2015-05-15,43079301.0
2015-05-16,27542351.0
2015-05-17,24683670.0
2015-05-18,36923749.0
2015-05-19,47653800.0
2015-05-20,44881421.0
2015-05-21,42477985.0
2015-05-22,53003651.0
2015-05-23,45374296.0
2015-05-24,25354803.0
2015-05-25,36316995.0
2015-05-26,40991325.0
2015-05-27,48236195.0
2015-05-28,45553743.0
2015-05-29,50625830.0
2015-05-30,42404093.0
2015-05-31,35141983.0
2015-06-01,54061315.0
2015-06-02,58583666.0
2015-06-03,51342887.0
2015-06-04,46705950.0
2015-06-05,51106434.0
2015-06-06,36817685.0
2015-06-07,33394451.0
2015-06-08,46863937.0
2015-06-09,53013732.0
2015-06-10,51729321.0
2015-06-11,57014257.0
2015-06-12,50074783.0
2015-06-13,41248314.0
2015-06-14,40610265.0
2015-06-15,48435031.0
2015-06-16,82533170.0
2015-06-17,87181576.0
2015-06-18,74981782.0
2015-06-19,104131527.0
2015-06-20,54204777.0
2015-06-21,30222339.0
2015-06-22,44621940.0
2015-06-23,54585787.0
2015-06-24,50479376.0
2015-06-25,48103894.0
2015-06-26,57634962.0
2015-06-27,43795621.0
2015-06-28,36009989.0
2015-06-29,58060302.0
2015-06-30,85281203.0
2015-07-01,61661136.0
2015-07-02,65219212.0
2015-07-03,62173772.0
2015-07-04,43833637.0
2015-07-05,59595969.0
2015-07-06,94959442.0
2015-07-07,84736311.0
2015-07-08,69235259.0
2015-07-09,65311331.0
2015-07-10,105642225.0
2015-07-11,67172689.0
2015-07-12,82213700.0
2015-07-13,67272969.0
2015-07-14,65965298.0
2015-07-15,61601890.0
2015-07-16,72857510.0
2015-07-17,59778318.0
2015-07-18,49511142.0
2015-07-19,32334590.0
2015-07-20,50612170.0
2015-07-21,58457812.0
2015-07-22,51471899.0
2015-07-23,56501264.0
2015-07-24,66494345.0
2015-07-25,55741425.0
2015-07-26,36188518.0
2015-07-27,51172701.0
2015-07-28,88465494.0
2015-07-29,58218216.0
2015-07-30,57134372.0
2015-07-31,59564971.0
2015-08-01,52663134.0
2015-08-02,47657290.0
2015-08-03,55632970.0
2015-08-04,60197462.0
2015-08-05,68213484.0
2015-08-06,53340726.0
2015-08-07,64378476.0
2015-08-08,67351785.0
2015-08-09,81070335.0
2015-08-10,93522987.0
2015-08-11,68909307.0
2015-08-12,68147769.0
2015-08-13,69892790.0
2015-08-14,71276048.0
2015-08-15,68152204.0
2015-08-16,55579679.0
2015-08-17,55579679.0
2015-08-18,86472860.0
2015-08-19,90618565.0
2015-08-20,92590013.0
2015-08-21,83122435.0
2015-08-22,76017672.0
2015-08-23,60251864.0
2015-08-24,40171357.0
2015-08-25,93056448.0
2015-08-26,91014422.0
2015-08-27,86427540.0
2015-08-28,56877510.0
2015-08-29,76610058.0
2015-08-30,49182357.0
2015-08-31,39950881.0
2015-09-01,52272214.0
2015-09-02,84204525.0
2015-09-03,52401262.0
2015-09-04,58224697.0
2015-09-05,56015308.0
2015-09-06,46221429.0
2015-09-07,58546934.0
2015-09-08,53100171.0
2015-09-09,65127397.0
2015-09-10,75625367.0
2015-09-11,70923369.0
2015-09-12,61956502.0
2015-09-13,35121165.0
2015-09-14,41946773.0
2015-09-15,53013943.0
2015-09-16,58032972.0
2015-09-17,58298798.0
2015-09-18,64611517.0
2015-09-19,64622090.0
2015-09-20,62502611.0
2015-09-21,47230390.0
2015-09-22,76311891.0
2015-09-23,73488137.0
2015-09-24,64070252.0
2015-09-25,51929411.0
2015-09-26,74253335.0
2015-09-27,35851772.0
2015-09-28,68370342.0
2015-09-29,73949342.0
2015-09-30,75431055.0
2015-10-01,66783456.0
2015-10-02,89839880.0
2015-10-03,50721843.0
2015-10-04,33138950.0
2015-10-05,54579155.0
2015-10-06,84528657.0
2015-10-07,77926003.0
2015-10-08,102730022.0
2015-10-09,73817327.0
2015-10-10,55896797.0
2015-10-11,40021301.0
2015-10-12,58347195.0
2015-10-13,72717263.0
2015-10-14,84280201.0
2015-10-15,93268450.0
2015-10-16,79291658.0
2015-10-17,94336338.0
2015-10-18,55639300.0
2015-10-19,55639300.0
2015-10-20,79757425.0
2015-10-21,85037764.0
2015-10-22,84130269.0
2015-10-23,92020442.0
2015-10-24,82728670.0
2015-10-25,74004369.0
2015-10-26,92380642.0
2015-10-27,88690534.0
2015-10-28,109466158.0
2015-10-29,113847827.0
2015-10-30,149071857.0
2015-10-31,178614779.0
2015-11-01,121977590.0
2015-11-02,119375905.0
2015-11-03,157289900.0
2015-11-04,257446389.0
2015-11-05,335396983.0
2015-11-06,297532097.0
2015-11-07,215916541.0
2015-11-08,160161961.0
2015-11-09,126005472.0
2015-11-10,192380718.0
2015-11-11,156434921.0
2015-11-12,208061443.0
2015-11-13,169188929.0
2015-11-14,144215203.0
2015-11-15,139059749.0
2015-11-16,110601252.0
2015-11-17,138934071.0
2015-11-18,130298464.0
2015-11-19,148663615.0
2015-11-20,122475995.0
2015-11-21,117210976.0
2015-11-22,102265473.0
2015-11-23,75147447.0
2015-11-24,89102741.0
2015-11-25,91364433.0
2015-11-26,106664445.0
2015-11-27,156934988.0
2015-11-28,160003408.0
2015-11-29,110478101.0
2015-11-30,80614403.0
2015-12-01,149526592.0
2015-12-02,164357757.0
2015-12-03,179126440.0
2015-12-04,144818393.0
2015-12-05,194326396.0
2015-12-06,204388399.0
2015-12-07,204388399.0
2015-12-08,171097161.0
2015-12-09,169230099.0
2015-12-10,209048581.0
2015-12-11,188140441.0
2015-12-12,194034052.0
2015-12-13,181266304.0
2015-12-14,166932544.0
2015-12-15,180001345.0
2015-12-16,211179671.0
2015-12-17,196572300.0
2015-12-18,178504692.0
2015-12-19,181706820.0
2015-12-20,170727429.0
2015-12-21,137599935.0
2015-12-22,191824512.0
2015-12-23,204851463.0
2015-12-24,169017138.0
2015-12-25,188405318.0
2015-12-26,130919375.0
2015-12-27,130951953.0
2015-12-28,77008774.0
2015-12-29,105765156.0
2015-12-30,102312368.0
2015-12-31,99926963.0
2016-01-01,75660801.0
2016-01-02,56110092.0
2016-01-03,45906482.0
2016-01-04,51825525.0
2016-01-05,81211038.0
2016-01-06,90298235.0
2016-01-07,92674992.0
2016-01-08,127522745.0
2016-01-09,121105566.0
2016-01-10,70372025.0
2016-01-11,85552386.0
2016-01-12,106830047.0
2016-01-13,99053316.0
2016-01-14,107417819.0
2016-01-15,88360661.0
2016-01-16,127558283.0
2016-01-17,112705089.0
2016-01-18,69422433.0
2016-01-19,73971077.0
2016-01-20,86289615.0
2016-01-21,128208178.0
2016-01-22,135289667.0
2016-01-23,102268007.0
2016-01-24,109228485.0
2016-01-25,80026649.0
2016-01-26,179714636.0
2016-01-27,124530436.0
2016-01-28,134666967.0
2016-01-29,150896201.0
2016-01-30,147102840.0
2016-01-31,147357727.0
2016-02-01,76182517.0
2016-02-02,150761429.0
2016-02-03,144577638.0
2016-02-04,107890707.0
2016-02-05,121094475.0
2016-02-06,155714041.0
2016-02-07,120896315.0
2016-02-08,79599219.0
2016-02-09,93311393.0
2016-02-10,108565966.0
2016-02-11,129887155.0
2016-02-12,135127313.0
2016-02-13,118457185.0
2016-02-14,119714883.0
2016-02-15,104891981.0
2016-02-16,144821341.0
2016-02-17,150215514.0
2016-02-18,171220047.0
2016-02-19,150820601.0
2016-02-20,134002007.0
2016-02-21,151924621.0
2016-02-22,136792550.0
2016-02-23,142238677.0
2016-02-24,157192209.0
2016-02-25,140056077.0
2016-02-26,150561021.0
2016-02-27,142870420.0
2016-02-28,149095588.0
2016-02-29,146428747.0
2016-03-01,226500160.0
2016-03-02,222905346.0
2016-03-03,236848413.0
2016-03-04,216563283.0
2016-03-05,165605628.0
2016-03-06,200160841.0
2016-03-07,135654591.0
2016-03-08,127840873.0
2016-03-09,120042367.0
2016-03-10,114428780.0
2016-03-11,139051016.0
2016-03-12,137839767.0
2016-03-13,70582774.0
2016-03-14,112266995.0
2016-03-15,117684224.0
2016-03-16,117684224.0
2016-03-17,106343004.0
2016-03-18,115249577.0
2016-03-19,121630357.0
2016-03-20,92984532.0
2016-03-21,70623066.0
2016-03-22,95667032.0
2016-03-23,123716357.0
2016-03-24,111018758.0
2016-03-25,139400527.0
2016-03-26,132338613.0
2016-03-27,100661549.0
2016-03-28,115335330.0
2016-03-29,120905357.0
2016-03-30,117297491.0
2016-03-31,156573869.0
2016-04-01,122664433.0
2016-04-02,120362457.0
2016-04-03,96731087.0
2016-04-04,75942750.0
2016-04-05,111607536.0
2016-04-06,139881431.0
2016-04-07,151503740.0
2016-04-08,159074674.0
2016-04-09,123583371.0
2016-04-10,100882908.0
2016-04-11,84161958.0
2016-04-12,111212456.0
2016-04-13,145387002.0
2016-04-14,131626794.0
2016-04-15,116332488.0
2016-04-16,120741023.0
2016-04-17,86155565.0
2016-04-18,79440650.0
2016-04-19,104817236.0
2016-04-20,118542250.0
2016-04-21,138381943.03
2016-04-22,156462733.139
2016-04-23,147227705.486
2016-04-24,100388767.668
2016-04-25,110486293.174
2016-04-26,168025613.115
2016-04-27,170332016.496
2016-04-28,167458968.151
2016-04-29,171720826.015
2016-04-30,200081325.409
2016-05-01,121654247.292
2016-05-02,85326421.8447
2016-05-03,143257803.931
2016-05-04,145137873.759
2016-05-05,193746215.118
2016-05-06,129129621.373
2016-05-07,150104442.866
2016-05-08,101572175.717
2016-05-09,72466700.7719
2016-05-10,138359065.877
2016-05-11,153374229.552
2016-05-12,143001664.207
2016-05-13,158093082.941
2016-05-14,139340132.889
2016-05-15,103526313.047
2016-05-16,97252822.4613
2016-05-17,138501762.632
2016-05-18,144340458.957
2016-05-19,156226625.289
2016-05-20,161110261.373
2016-05-21,155269360.777
2016-05-22,101887191.73
2016-05-23,84832969.4866
2016-05-24,127147867.79
2016-05-25,147616919.97
2016-05-26,171807424.322
2016-05-27,166731059.546
2016-05-28,336430109.307
2016-05-29,259939042.623
2016-05-30,207196704.965
2016-05-31,232301687.268
2016-06-01,220052229.094
2016-06-02,194100011.17
2016-06-03,189861752.024
2016-06-04,162425728.921
2016-06-05,134268325.307
2016-06-06,139945580.813
2016-06-07,178161282.107
2016-06-08,207725690.123
2016-06-09,178904099.276
2016-06-10,211910903.354
2016-06-11,221804836.821
2016-06-12,164458159.286
2016-06-13,298940133.356
2016-06-14,193653353.336
2016-06-15,249400335.6
2016-06-16,233609444.62
2016-06-17,433827904.88
2016-06-18,311140005.17
2016-06-19,207754751.11
2016-06-20,154471559.65
2016-06-21,217443810.71
2016-06-22,314077556.88
2016-06-23,287826976.67
2016-06-24,304840842.49
2016-06-25,219410250.61
2016-06-26,155484784.1
2016-06-27,161836641.19
2016-06-28,205564516.74
2016-06-29,204747904.48
2016-06-30,199609619.18
2016-07-01,228428274.68
2016-07-02,195860775.88
2016-07-03,169860690.45
2016-07-04,152391217.72
2016-07-05,163158062.18
2016-07-06,195754949.85
2016-07-07,183599980.66
2016-07-08,211036735.59
2016-07-09,192407460.74
2016-07-10,141090463.31
2016-07-11,102817416.16
2016-07-12,166782085.8
2016-07-13,193691457.42
2016-07-14,187860897.96
2016-07-15,164674255.32
2016-07-16,187503475.3
2016-07-17,129816925.1
2016-07-18,161580178.98
2016-07-19,196352735.7
2016-07-20,237841255.86
2016-07-21,167509836.79
2016-07-22,139216838.44
2016-07-23,162347801.72
2016-07-24,114656292.03
2016-07-25,130573193.87
2016-07-26,136159538.33
2016-07-27,177602256.81
2016-07-28,169779142.34
2016-07-29,169387536.69
2016-07-30,149891245.79
2016-07-31,102541348.14
2016-08-01,146181270.06
2016-08-02,173391619.29
2016-08-03,319085008.11
2016-08-04,205115591.28
2016-08-05,209474938.5
2016-08-06,157782352.54
2016-08-07,117085456.26
2016-08-08,154550349.74
2016-08-09,141320109.96
2016-08-10,152251392.82
2016-08-11,174776758.71
2016-08-12,187360466.56
2016-08-13,151428140.37
2016-08-14,105251816.92
2016-08-15,116178765.88
2016-08-16,120670960.52
2016-08-17,182623774.48
2016-08-18,162671083.18
2016-08-19,141677829.95
2016-08-20,156886332.93
2016-08-21,113672352.79
2016-08-22,79203717.81
2016-08-23,146968577.61
2016-08-24,165358019.78
2016-08-25,157159537.19
2016-08-26,140844312.9
2016-08-27,123955382.31
2016-08-28,96289790.08
2016-08-29,82377528.3
2016-08-30,144265305.92
2016-08-31,153077158.68
2016-09-01,162059671.65
2016-09-02,160610637.81
2016-09-03,134009917.27
2016-09-04,106852789.61
2016-09-05,113850085.3
2016-09-06,159238902.64
2016-09-07,140759736.14
2016-09-08,143426494.41
2016-09-09,154415043.4
2016-09-10,149137276.18
2016-09-11,98687889.72
2016-09-12,99918473.18
2016-09-13,131334047.49
2016-09-14,145930431.22
2016-09-15,134490737.57
2016-09-16,123313922.94
2016-09-17,114444424.38
2016-09-18,92793982.26
2016-09-19,101804671.49
2016-09-20,134760154.4
2016-09-21,148383128.48
2016-09-22,152507128.52
2016-09-23,118467306.42
2016-09-24,144015257.49
2016-09-25,101454030.9
2016-09-26,153681855.53
2016-09-27,151722294.05
2016-09-28,147525117.76
2016-09-29,150481349.96
2016-09-30,154115925.82
2016-10-01,153295465.53
2016-10-02,103778194.3
2016-10-03,98603245.04
2016-10-04,153303975.3
2016-10-05,168434258.21
2016-10-06,149242509.55
2016-10-07,147862058.63
2016-10-08,143894359.71
2016-10-09,132635392.01
2016-10-10,118494680.52
2016-10-11,147286256.4
2016-10-12,194960089.53
2016-10-13,291240400.92
2016-10-14,165694238.83
2016-10-15,152633388.49
2016-10-16,129633563.74
2016-10-17,118023531.2
2016-10-18,162800543.73
2016-10-19,216932535.92
2016-10-20,154515407.86
2016-10-21,183925044.68
2016-10-22,158295045.01
2016-10-23,127614330.11
2016-10-24,104494840.84
2016-10-25,207336575.28
2016-10-26,195708742.53
2016-10-27,176802053.03
2016-10-28,283234072.63
2016-10-29,194600191.98
2016-10-30,167480078.0
2016-10-31,179744501.35
2016-11-01,207351752.69
2016-11-02,211281401.08
2016-11-03,169116165.31
2016-11-04,204145450.34
2016-11-05,198460199.87
2016-11-06,123153407.34
2016-11-07,169183042.94
2016-11-08,190875054.99
2016-11-09,209569075.12
2016-11-10,289544177.64
2016-11-11,187613065.98
2016-11-12,152755406.87
2016-11-13,119400679.08
2016-11-14,124728414.92
2016-11-15,168532361.93
2016-11-16,190622060.17
2016-11-17,270653443.72
2016-11-18,249776321.2
2016-11-19,198644445.34
2016-11-20,151778076.97
2016-11-21,128523869.49
2016-11-22,193256336.36
2016-11-23,223163107.16
2016-11-24,206011265.45
2016-11-25,252699561.02
2016-11-26,194997124.16
2016-11-27,183108641.96
2016-11-28,129855387.79
2016-11-29,198614920.79
2016-11-30,224707688.25
2016-12-01,204169344.0
2016-12-02,195432627.8
2016-12-03,230344673.88
2016-12-04,154632778.48
2016-12-05,100618181.33
2016-12-06,208779869.83
2016-12-07,219286012.91
2016-12-08,225933753.51
2016-12-09,217843730.62
2016-12-10,214235917.98
2016-12-11,149402091.27
2016-12-12,214657678.01
2016-12-13,214657678.01
2016-12-14,200234698.52
2016-12-15,211719980.77
2016-12-16,221944104.66
2016-12-17,240778360.04
2016-12-18,184331270.31
2016-12-19,155830419.34
2016-12-20,221887382.55
2016-12-21,245012593.47
2016-12-22,321107915.44
2016-12-23,331099339.95
2016-12-24,389259376.14
2016-12-25,200327041.12
2016-12-26,208080003.14
2016-12-27,243946016.48
2016-12-28,322486430.11
2016-12-29,326666676.58
2016-12-30,309246380.69
2016-12-31,316213793.61
2017-01-01,207605277.46
2017-01-02,170736309.72
2017-01-03,284471581.55
2017-01-04,340688236.3
2017-01-05,439183172.08
2017-01-06,524577602.08
2017-01-07,428452344.25
2017-01-08,310258543.03
2017-01-09,211475099.03
2017-01-10,267769180.27
2017-01-11,284257957.75
2017-01-12,389299060.46
2017-01-13,317369300.88
2017-01-14,256962364.99
2017-01-15,154658301.41
2017-01-16,159034173.05
2017-01-17,207038818.87
2017-01-18,292157921.6
2017-01-19,259176379.48
2017-01-20,234505943.286
2017-01-21,230407548.736
2017-01-22,206063844.495
2017-01-23,210976459.034
2017-01-24,198400469.238
2017-01-25,234204104.007
2017-01-26,271755757.078
2017-01-27,230425627.05
2017-01-28,172944033.546
2017-01-29,110954977.315
2017-01-30,130997412.192
2017-01-31,147934759.575
2017-02-01,219553619.753
2017-02-02,265703457.69
2017-02-03,208080409.798
2017-02-04,267715754.141
2017-02-05,219852279.335
2017-02-06,189360700.467
2017-02-07,218667131.436
2017-02-08,265069291.959
2017-02-09,268446935.564
2017-02-10,354395954.967
2017-02-11,295832936.516
2017-02-12,162450165.438
2017-02-13,116833030.142
2017-02-14,193290194.995
2017-02-15,230076645.459
2017-02-16,202631991.872
2017-02-17,216881376.303
2017-02-18,274772401.34
2017-02-19,177697930.518
2017-02-20,171469835.058
2017-02-21,194658608.624
2017-02-22,239455904.826
2017-02-23,223493550.83
2017-02-24,329524919.718
2017-02-25,377500126.85
2017-02-26,227869925.569
2017-02-27,199679377.838
2017-02-28,263969347.795
2017-03-01,254779003.314
2017-03-02,288085091.743
2017-03-03,434381700.806
2017-03-04,426416987.39
2017-03-05,257999763.717
2017-03-06,220204063.358
2017-03-07,292399611.764
2017-03-08,333212201.649
2017-03-09,301922502.864
2017-03-10,264212241.0
2017-03-11,300514966.414
2017-03-12,245097064.43
2017-03-13,213603425.362
2017-03-14,305232654.968
2017-03-15,340925457.299
2017-03-16,321158673.983
2017-03-17,498470434.731
2017-03-18,519387257.28
2017-03-19,358857764.257
2017-03-20,251863755.76
2017-03-21,302711967.001
2017-03-22,338645232.716
2017-03-23,378214892.375
2017-03-24,311908483.335
2017-03-25,393959388.238
2017-03-26,317578894.427
2017-03-27,225668754.0
2017-03-28,314065026.072
2017-03-29,427464477.241
2017-03-30,268053545.278
2017-03-31,338050783.413
2017-04-01,458122200.82
2017-04-02,275462685.091
2017-04-03,279296199.772
2017-04-04,352832392.709
2017-04-05,341916041.501
2017-04-06,366491387.361
2017-04-07,373394291.449
2017-04-08,387791486.372
2017-04-09,195546229.569
2017-04-10,221823326.333
2017-04-11,276910114.561
2017-04-12,356178072.388
2017-04-13,324655762.716
2017-04-14,295378008.226
2017-04-15,357882778.187
2017-04-16,277386308.86
2017-04-17,248846278.471
2017-04-18,350736258.009
2017-04-19,358703371.136
2017-04-20,318007414.479
2017-04-21,362526871.165
2017-04-22,343765582.749
2017-04-23,237925578.037
2017-04-24,216214543.25
2017-04-25,275563451.446
2017-04-26,392344255.717
2017-04-27,374510235.061
2017-04-28,403324576.013
2017-04-29,422232300.367
2017-04-30,358298055.711
2017-05-01,270224936.574
2017-05-02,442436010.509
2017-05-03,459618754.831
2017-05-04,478643852.401
2017-05-05,600287612.489
2017-05-06,572492738.292
2017-05-07,473676745.126
2017-05-08,425425969.14
2017-05-09,718838977.073
2017-05-10,761394965.372
2017-05-11,733569624.873
2017-05-12,663588561.074
2017-05-13,591706179.241
2017-05-14,444311275.691
2017-05-15,437151327.764
2017-05-16,691417744.077
2017-05-17,578464171.297
2017-05-18,937290192.578
2017-05-19,677185578.423
2017-05-20,858596952.49
2017-05-21,681378820.786
2017-05-22,545513367.88
2017-05-23,888560604.105
2017-05-24,1026598216.67
2017-05-25,1071925264.37
2017-05-26,1209302552.28
2017-05-27,946402388.928
2017-05-28,646375171.124
2017-05-29,519142526.077
2017-05-30,574153810.848
2017-05-31,894942260.97
2017-06-01,853819146.381
2017-06-02,945504768.845
2017-06-03,726398967.485
2017-06-04,818661057.901
2017-06-05,627567197.394
2017-06-06,796468589.3
2017-06-07,886338620.295
2017-06-08,883089172.782
2017-06-09,810352769.005
2017-06-10,678997662.044
2017-06-11,671075205.245
2017-06-12,657286287.918
2017-06-13,839906528.514
2017-06-14,848899018.333
2017-06-15,753304915.377
2017-06-16,731207789.227
2017-06-17,624436119.97
2017-06-18,536083586.08
2017-06-19,522791407.927
2017-06-20,610147802.968
2017-06-21,712285162.403
2017-06-22,823610544.473
2017-06-23,692310514.891
2017-06-24,555414772.842
2017-06-25,415023200.291
2017-06-26,509648501.094
2017-06-27,694801740.266
2017-06-28,727176652.108
2017-06-29,723115848.433
2017-06-30,609903745.579
2017-07-01,751359279.498
2017-07-02,471702116.785
2017-07-03,595876275.288
2017-07-04,595876275.288
2017-07-05,568885136.293
2017-07-06,730594292.935
2017-07-07,538505332.217
2017-07-08,715785277.025
2017-07-09,558655116.26
2017-07-10,649899495.694
2017-07-11,686994894.88
2017-07-12,651438758.556
2017-07-13,568381379.604
2017-07-14,443677408.291
2017-07-15,486550966.171
2017-07-16,448326857.892
2017-07-17,461314550.095
2017-07-18,570175601.509
2017-07-19,619790724.757
2017-07-20,584802118.293
2017-07-21,755326162.653
2017-07-22,678739138.708
2017-07-23,498204137.656
2017-07-24,423959853.132
2017-07-25,552414399.138
2017-07-26,758199393.126
2017-07-27,676202732.851
2017-07-28,827890554.605
2017-07-29,1328334473.75
2017-07-30,928609716.264
2017-07-31,1121219506.56
2017-08-01,1772644310.59
2017-08-02,1369195845.96
2017-08-03,1412768876.85
2017-08-04,970956325.844
2017-08-05,1196484565.0
2017-08-06,983755829.875
2017-08-07,1044204487.06
2017-08-08,1385571339.14
2017-08-09,1245606695.56
2017-08-10,807119553.203
2017-08-11,963128414.093
2017-08-12,991542730.423
2017-08-13,870629381.105
2017-08-14,926444961.957
2017-08-15,873611922.486
2017-08-16,1206087776.36
2017-08-17,982522797.133
2017-08-18,1318331836.48
2017-08-19,1137241535.01
2017-08-20,1323689299.87
2017-08-21,755018135.823
2017-08-22,819457187.488
2017-08-23,881477645.718
2017-08-24,1059426386.84
2017-08-25,756043560.938
2017-08-26,765174341.396
2017-08-27,696876277.133
2017-08-28,781459739.104
2017-08-29,925154460.786
2017-08-30,1144825472.11
2017-08-31,1010875740.75
2017-09-01,1192190047.07
2017-09-02,1228012219.94
2017-09-03,918257379.548
2017-09-04,795926407.795
2017-09-05,1422579714.86
2017-09-06,1403653848.43
2017-09-07,1347017552.02
2017-09-08,1261424204.11
2017-09-09,1024260564.13
2017-09-10,778259235.639
2017-09-11,875474655.953
2017-09-12,848892503.36
2017-09-13,906438524.081
2017-09-14,1003125422.23
2017-09-15,889710944.009
2017-09-16,1503345854.33
2017-09-17,753316071.813
2017-09-18,571971943.162
2017-09-19,838578661.709
2017-09-20,857981325.781
2017-09-21,736406709.825
2017-09-22,688978348.872
2017-09-23,723462621.65
2017-09-24,498447359.008
2017-09-25,359612295.379
2017-09-26,1013757769.87
2017-09-27,774208152.991
2017-09-28,721892560.176
2017-09-29,841302338.563
2017-09-30,729473582.828
2017-10-01,663214577.875
2017-10-02,499781337.718
2017-10-03,848062737.177
2017-10-04,691406024.482
2017-10-05,591746166.815
2017-10-06,814413222.018
2017-10-07,714231923.302
2017-10-08,553329639.823
2017-10-09,676195487.48
2017-10-10,1118783648.0
2017-10-11,1174146928.61
2017-10-12,837665469.625
2017-10-13,1107300179.99
2017-10-14,1448422309.53
2017-10-15,1023554358.7
2017-10-16,868580434.843
2017-10-17,1149273838.93
2017-10-18,1111146061.46
2017-10-19,1395865356.31
2017-10-20,1448451291.66
2017-10-21,1118742453.83
2017-10-22,929448820.609
2017-10-23,1006861960.46
2017-10-24,2396482266.96
2017-10-25,2102862590.16
2017-10-26,2136570417.62
2017-10-27,1970506447.29
2017-10-28,952470634.548
2017-10-29,645113300.55
2017-10-30,1306645347.28
2017-10-31,1681454664.16
2017-11-01,1589432236.0
2017-11-02,1269855999.92
2017-11-03,2392765593.6
2017-11-04,1672135010.09
2017-11-05,1424364752.55
2017-11-06,1309726635.21
2017-11-07,1568492020.04
2017-11-08,1826009240.7
2017-11-09,1888939271.11
2017-11-10,2267000254.33
2017-11-11,1944419256.12
2017-11-12,1344145630.42
2017-11-13,1844282044.77
2017-11-14,2115296495.82
2017-11-15,1833276923.3
2017-11-16,2324329725.36
2017-11-17,2351529593.37
2017-11-18,2803405660.01
2017-11-19,1971800219.26
2017-11-20,1610358777.87
2017-11-21,2394321375.2
2017-11-22,2546719238.29
2017-11-23,1730604252.11
2017-11-24,2455560232.76
2017-11-25,2691426205.27
2017-11-26,2368622335.77
2017-11-27,2264912543.13
2017-11-28,3413320841.86
2017-11-29,3250901799.03
2017-11-30,3966055569.86
2017-12-01,3480444824.09
2017-12-02,2679696382.88
2017-12-03,1985357942.79
2017-12-04,2019481499.03
2017-12-05,2601197062.2
2017-12-06,2667850402.16
2017-12-07,3627399597.02
2017-12-08,5615762340.67
2017-12-09,4799300874.74
2017-12-10,3891389970.16
2017-12-11,3572482517.43
2017-12-12,4271582103.7
2017-12-13,5760245259.92
2017-12-14,4658395921.13
2017-12-15,3587876010.83
2017-12-16,4213976777.53
2017-12-17,3581766251.64
2017-12-18,5065451796.19
2017-12-19,4873481581.5
2017-12-20,3771403823.8
2017-12-21,5152140336.23
2017-12-22,3660301618.01
2017-12-23,4421187412.93
2017-12-24,2465336231.04
2017-12-25,2547688081.56
2017-12-26,2519602087.62
2017-12-27,3172612010.67
2017-12-28,4694566031.24
2017-12-29,3618298008.33
2017-12-30,3682930089.23
2017-12-31,3942726332.1
2018-01-01,3322403204.56
2018-01-02,2552418375.92
2018-01-03,3526212014.84
2018-01-04,2850171440.75
2018-01-05,4053543883.55
2018-01-06,5164208947.92
2018-01-07,3932860281.58
2018-01-08,4897713642.16
2018-01-09,4040000007.92
2018-01-10,3794067602.84
2018-01-11,3931428179.01
2018-01-12,3600871653.38
2018-01-13,3261904629.75
2018-01-14,2614290041.62
2018-01-15,2678410640.04
2018-01-16,2828536552.74
2018-01-17,3021888568.48
2018-01-18,2806040584.35
2018-01-19,2711507318.13
2018-01-20,2503297607.33
2018-01-21,2694792832.29
2018-01-22,1773530155.1
2018-01-23,2099490615.82
2018-01-24,2003121184.75
2018-01-25,2100547353.65
2018-01-26,2123135103.39
2018-01-27,2822337879.82
2018-01-28,1380662034.54
2018-01-29,1924759197.83
2018-01-30,1800278170.07
2018-01-31,1759355792.59
2018-02-01,1618658854.2
2018-02-02,2515366060.42
2018-02-03,2944216908.4
2018-02-04,1491970146.06
2018-02-05,1623376684.01
2018-02-06,1758323361.25
2018-02-07,2199269650.77
2018-02-08,1686470711.55
2018-02-09,1764215068.64
2018-02-10,1702603672.86
2018-02-11,966861580.237
2018-02-12,715801285.187
2018-02-13,1595114435.69
2018-02-14,1263264353.9
2018-02-15,1382435888.86
2018-02-16,1288852356.38
2018-02-17,1080869422.77
2018-02-18,877050948.237
2018-02-19,836693606.242
2018-02-20,1149698995.06
2018-02-21,1485357828.45
2018-02-22,1532098344.12
2018-02-23,2511448109.45
2018-02-24,1789955857.63
2018-02-25,1626761887.8
2018-02-26,739859891.41
2018-02-27,1108188222.27
2018-02-28,1499367704.06
2018-03-01,2094368619.95
2018-03-02,2018301936.75
2018-03-03,1317221659.23
2018-03-04,1034631166.2
2018-03-05,1054511194.14
2018-03-06,1582234331.19
2018-03-07,1277459300.05
2018-03-08,1580136724.8
2018-03-09,1349195039.2
2018-03-10,1906277895.43
2018-03-11,950847699.78
2018-03-12,1016923551.98
2018-03-13,1092739345.89
2018-03-14,1418568667.41
2018-03-15,1221695123.02
2018-03-16,1238238594.04
2018-03-17,980782712.3
2018-03-18,703389492.23
2018-03-19,867210361.668
2018-03-20,1122875101.3
2018-03-21,1036873619.32
2018-03-22,1037303972.66
2018-03-23,979427716.114
2018-03-24,961129741.356
2018-03-25,604208316.926
2018-03-26,911678930.691
2018-03-27,1014204076.94
2018-03-28,933013627.289
2018-03-29,852300507.928
2018-03-30,1048746364.33
2018-03-31,1221858176.86
2018-04-01,550645501.595
2018-04-02,585197702.818
2018-04-03,772083379.172
2018-04-04,991675387.16
2018-04-05,749856523.287
2018-04-06,765778976.079
2018-04-07,707820871.966
2018-04-08,653970928.963
2018-04-09,548374125.206
2018-04-10,767735388.159
2018-04-11,814234811.038
2018-04-12,944371471.165
2018-04-13,1427097610.83
2018-04-14,1139372876.25
2018-04-15,519632755.977
2018-04-16,565887877.99
2018-04-17,870304184.174
2018-04-18,905161446.484
2018-04-19,837466035.967
2018-04-20,1383779298.64
2018-04-21,1159554824.32
2018-04-22,968060857.955
2018-04-23,662423526.707
2018-04-24,1174366423.88
2018-04-25,1794341044.68
2018-04-26,1640070695.43
2018-04-27,1420907959.32
2018-04-28,1241919188.19
2018-04-29,1666871609.28
2018-04-30,1007425923.12
2018-05-01,1035300588.35
2018-05-02,855147575.988
2018-05-03,1367783030.59
2018-05-04,1327368113.18
2018-05-05,1411310861.66
2018-05-06,1023518305.28
2018-05-07,988115175.597
2018-05-08,1292283431.85
2018-05-09,1301704096.56
2018-05-10,1210273479.41
2018-05-11,1324180127.31
2018-05-12,1272408039.53
2018-05-13,918875391.699
2018-05-14,635299096.563
2018-05-15,1865447206.61
2018-05-16,1081411504.35
2018-05-17,1353735436.44
2018-05-18,1921347087.35
2018-05-19,1787078403.23
2018-05-20,569531075.189
2018-05-21,515334602.955
2018-05-22,790740779.415
2018-05-23,877226131.468
2018-05-24,1036342565.26
2018-05-25,1000588876.25
2018-05-26,788621726.07
2018-05-27,424995809.61
2018-05-28,405677290.335
2018-05-29,1013613734.54
2018-05-30,923597749.157
2018-05-31,902500526.966
2018-06-01,827851052.942
2018-06-02,867167014.167
2018-06-03,520519261.628
2018-06-04,485884807.311
2018-06-05,773961206.891
2018-06-06,766868932.813
2018-06-07,781104515.782
2018-06-08,800445414.567
2018-06-09,820067981.35
2018-06-10,506021255.081
2018-06-11,637339088.999
2018-06-12,957529687.846
2018-06-13,818780283.334
2018-06-14,1003076179.73
2018-06-15,852588901.33
2018-06-16,774046295.073
2018-06-17,397309244.475
2018-06-18,427735217.46
2018-06-19,688082117.382
2018-06-20,719679316.833
2018-06-21,624576870.099
2018-06-22,719546651.514
2018-06-23,935134494.257
2018-06-24,428012920.547
2018-06-25,583414674.371
2018-06-26,675604827.041
2018-06-27,609799528.251
2018-06-28,795615808.346
2018-06-29,703945479.401
2018-06-30,656285943.885
2018-07-01,493208885.085
2018-07-02,991949405.091
2018-07-03,720058629.123
2018-07-04,872392592.008
2018-07-05,665699858.481
2018-07-06,667645282.594
2018-07-07,799979138.346
2018-07-08,363054383.013
2018-07-09,556194054.932
2018-07-10,641995550.747
2018-07-11,852280394.717
2018-07-12,703800649.597
2018-07-13,684429563.545
2018-07-14,645414306.832
2018-07-15,338915362.502
2018-07-16,351656240.412
2018-07-17,727979315.613
2018-07-18,793711434.557
2018-07-19,1061451896.23
2018-07-20,984877922.775
2018-07-21,821696098.591
2018-07-22,525631984.81
2018-07-23,388795190.97
2018-07-24,899750255.388
2018-07-25,1102640515.77
2018-07-26,1029444503.32
2018-07-27,830061488.122
2018-07-28,873105273.545
2018-07-29,507162123.302
2018-07-30,727303100.366
2018-07-31,879598687.622
2018-08-01,943144367.777
2018-08-02,725732624.885
2018-08-03,1034978972.54
2018-08-04,944451756.096
2018-08-05,489889914.247
2018-08-06,373567222.216
2018-08-07,738335124.64
2018-08-08,646148619.517
2018-08-09,785753515.086
2018-08-10,937131001.384
2018-08-11,757467749.914
2018-08-12,507380742.097
2018-08-13,333934427.984
2018-08-14,836197121.415
2018-08-15,1057442607.44
2018-08-16,877651821.244
2018-08-17,686851909.768
2018-08-18,785060819.089
2018-08-19,372693270.425
2018-08-20,272482161.66
2018-08-21,623276781.085
2018-08-22,874687867.456
2018-08-23,1013114236.86
2018-08-24,884660560.832
2018-08-25,660927831.609
2018-08-26,513907773.355
2018-08-27,379429738.236
2018-08-28,786098295.59
2018-08-29,979878645.589
2018-08-30,870722872.868
2018-08-31,799455268.51
2018-09-01,867724935.052
2018-09-02,531359264.673
2018-09-03,446620948.174
2018-09-04,724709647.361
2018-09-05,847238863.814
2018-09-06,946331381.202
2018-09-07,1083671672.31
2018-09-08,737975012.235
2018-09-09,364496340.383
2018-09-10,464647608.081
2018-09-11,707683213.337
2018-09-12,741573975.25
2018-09-13,664911253.632
2018-09-14,1249581111.42
2018-09-15,733164598.27
2018-09-16,375006930.182
2018-09-17,282353987.586
2018-09-18,574281010.16
2018-09-19,600992855.335
2018-09-20,672997746.118
2018-09-21,683212384.851
2018-09-22,986722599.639
2018-09-23,459745178.207
2018-09-24,336115557.905
2018-09-25,503494967.408
2018-09-26,842041018.981
2018-09-27,748444892.398
2018-09-28,824319235.774
2018-09-29,913410388.895
2018-09-30,464342432.727
2018-10-01,420668287.794
2018-10-02,687191884.285
2018-10-03,829301065.875
2018-10-04,740144927.737
2018-10-05,664561133.755
2018-10-06,629086425.502
2018-10-07,387882956.04
2018-10-08,246326945.523
2018-10-09,624624101.381
2018-10-10,706719254.858
2018-10-11,757453884.162
2018-10-12,869108609.419
2018-10-13,803836588.892
2018-10-14,368589633.826
2018-10-15,403164410.911
2018-10-16,1397520263.45
2018-10-17,903556367.088
2018-10-18,728506819.178
2018-10-19,877725432.406
2018-10-20,839318447.663
2018-10-21,693700461.373
2018-10-22,295882763.92
2018-10-23,740166133.973
2018-10-24,736437700.291
2018-10-25,782426488.164
2018-10-26,823126054.416
2018-10-27,749358015.104
2018-10-28,369300997.135
2018-10-29,461983903.433
2018-10-30,903771018.526
2018-10-31,629226356.589
2018-11-01,808033046.237
2018-11-02,798656057.241
2018-11-03,856375701.644
2018-11-04,367568335.322
2018-11-05,520943511.442
2018-11-06,754581093.756
2018-11-07,753728436.454
2018-11-08,846605365.636
2018-11-09,776728229.546
2018-11-10,841537370.028
2018-11-11,384453167.129
2018-11-12,386272349.194
2018-11-13,743806005.812
2018-11-14,817648104.611
2018-11-15,1201708839.79
2018-11-16,2721200860.51
2018-11-17,1095140496.94
2018-11-18,488025364.839
2018-11-19,358591541.646
2018-11-20,1056625987.11
2018-11-21,1493888105.21
2018-11-22,1029870319.1
2018-11-23,672978504.331
2018-11-24,739181263.312
2018-11-25,413195235.25
2018-11-26,627811213.956
2018-11-27,753355966.978
2018-11-28,859827351.961
2018-11-29,814210952.864
2018-11-30,925986811.636
2018-12-01,1627971419.59
2018-12-02,705143612.383
2018-12-03,351740543.238
2018-12-04,1267830455.83
2018-12-05,2493725709.24
2018-12-06,1438836247.67
2018-12-07,1443218068.26
2018-12-08,757597226.179
2018-12-09,374073429.982
2018-12-10,284901262.226
2018-12-11,531496288.517
2018-12-12,742547159.599
2018-12-13,559240638.499
2018-12-14,580898599.286
2018-12-15,530198467.42
2018-12-16,295204797.316
2018-12-17,320775296.891
2018-12-18,547999498.441
2018-12-19,731580451.532
2018-12-20,906373695.539
2018-12-21,833308176.897
2018-12-22,816200701.589
2018-12-23,307070105.37
2018-12-24,395190388.887
2018-12-25,684998893.99
2018-12-26,407759085.707
2018-12-27,427890281.727
2018-12-28,574288965.556
2018-12-29,630761200.967
2018-12-30,425646460.654
2018-12-31,270002442.481
2019-01-01,469362132.068
2019-01-02,223626548.673
2019-01-03,488767286.225
2019-01-04,582187039.397
2019-01-05,540805337.78
2019-01-06,319832893.251
2019-01-07,293517719.311
2019-01-08,620754635.677
2019-01-09,590024024.063
2019-01-10,629686023.489
2019-01-11,671294824.365
2019-01-12,1089515520.38
2019-01-13,267932583.391
2019-01-14,236158267.231
2019-01-15,588158821.961
2019-01-16,1257990209.05
2019-01-17,622121356.115
2019-01-18,502064338.993
2019-01-19,452238418.684
2019-01-20,306127868.437
2019-01-21,240365948.239
2019-01-22,477245031.558
2019-01-23,560917561.014
2019-01-24,538919234.425
2019-01-25,477934358.136
2019-01-26,456544872.149
2019-01-27,292643247.156
2019-01-28,223512708.83
2019-01-29,598393585.443
2019-01-30,502734964.417
2019-01-31,737418316.863
2019-02-01,574609830.721
2019-02-02,611007305.318
2019-02-03,315786229.873
2019-02-04,265197431.536
2019-02-05,353232913.224
2019-02-06,414929550.427
2019-02-07,496046280.165
2019-02-08,475540835.91
2019-02-09,552614639.038
2019-02-10,290308690.903
2019-02-11,273943900.739
2019-02-12,512333681.419
2019-02-13,494313528.417
2019-02-14,679292514.995
2019-02-15,465606911.489
2019-02-16,475673471.435
2019-02-17,363956258.17
2019-02-18,237971659.056
2019-02-19,689163298.994
2019-02-20,719387605.251
2019-02-21,696700438.736
2019-02-22,658222916.531
2019-02-23,594309375.184
2019-02-24,489507893.012
2019-02-25,436413535.328
2019-02-26,788388101.208
2019-02-27,592375975.327
2019-02-28,573599563.169
2019-03-01,936111689.337
2019-03-02,536410480.464
2019-03-03,440970166.168
2019-03-04,260455173.232
2019-03-05,510664925.146
2019-03-06,545495184.577
2019-03-07,603814020.831
2019-03-08,598136964.048
2019-03-09,621749744.798
2019-03-10,335332056.774
2019-03-11,289475543.963
2019-03-12,581817561.236
2019-03-13,634318677.207
2019-03-14,632556077.344
2019-03-15,715988875.306
2019-03-16,544675740.536
2019-03-17,360840832.094
2019-03-18,249331295.57
2019-03-19,597904327.88
2019-03-20,609610214.504
2019-03-21,649248713.708
2019-03-22,650496386.448
2019-03-23,528282764.481
2019-03-24,315765407.872
2019-03-25,288672589.988
2019-03-26,596522167.553
2019-03-27,604089194.968
2019-03-28,624205341.901
2019-03-29,625086884.886
2019-03-30,818224153.657
2019-03-31,350278425.922
2019-04-01,421441500.799
2019-04-02,640470349.713
2019-04-03,1458650931.44
2019-04-04,1183522596.25
2019-04-05,1008344651.12
2019-04-06,898533778.472
2019-04-07,426663923.549
2019-04-08,441363438.704
2019-04-09,983977267.449
2019-04-10,877070582.095
2019-04-11,851450827.774
2019-04-12,1050019754.79
2019-04-13,693684833.346
2019-04-14,423377389.265
2019-04-15,550425596.886
2019-04-16,804147839.206
2019-04-17,645003301.664
2019-04-18,896458088.041
2019-04-19,694249179.155
2019-04-20,691322116.123
2019-04-21,373941308.535
2019-04-22,360713964.469
2019-04-23,740397862.709
2019-04-24,825599122.583
2019-04-25,1576941009.18
2019-04-26,826381786.756
2019-04-27,1196016425.67
2019-04-28,442516045.091
2019-04-29,426337706.724
2019-04-30,886065657.845
2019-05-01,841828231.121
2019-05-02,878862399.054
2019-05-03,760391105.925
2019-05-04,858064130.791
2019-05-05,489890940.824
2019-05-06,446363838.194
2019-05-07,769428196.684
2019-05-08,1041193668.86
2019-05-09,1026598912.93
2019-05-10,1251747787.0
2019-05-11,1285152265.18
2019-05-12,890773875.558
2019-05-13,1047479224.06
2019-05-14,1691655708.37
2019-05-15,1659251075.54
2019-05-16,1595050697.1
2019-05-17,1694528053.99
2019-05-18,1298197113.84
2019-05-19,688963903.658
2019-05-20,776463133.467
2019-05-21,1127760758.34
2019-05-22,1011724990.89
2019-05-23,1126821699.73
2019-05-24,1180520164.76
2019-05-25,1291010564.09
2019-05-26,551935634.866
2019-05-27,848987065.906
2019-05-28,1318870008.46
2019-05-29,1475454597.97
2019-05-30,2715969883.45
2019-05-31,1307364485.98
2019-06-01,2139391264.48
2019-06-02,950272921.697
2019-06-03,661260854.072
2019-06-04,1387869417.39
2019-06-05,2210912218.38
2019-06-06,2554143447.32
2019-06-07,2028322128.99
2019-06-08,1100908051.78
2019-06-09,537539563.516
2019-06-10,429940401.765
2019-06-11,1024400574.28
2019-06-12,1596486462.49
2019-06-13,1164520570.46
2019-06-14,1133834031.38
2019-06-15,1268348918.47
2019-06-16,856304521.345
2019-06-17,1037160332.21
2019-06-18,2950935222.43
2019-06-19,2182288636.44
2019-06-20,1908684407.2
2019-06-21,1190905553.64
2019-06-22,1529747837.77
2019-06-23,2222444544.54
2019-06-24,1181274913.13
2019-06-25,1758426569.15
2019-06-26,1831245148.08
2019-06-27,2930019255.95
2019-06-28,2491886549.15
2019-06-29,2653064698.97
2019-06-30,1357452935.75
2019-07-01,1651368348.22
2019-07-02,1639029426.22
2019-07-03,1813299811.71
2019-07-04,1618383338.9
2019-07-05,1933335669.37
2019-07-06,1176057042.74
2019-07-07,639979717.956
2019-07-08,561967420.058
2019-07-09,2099126797.96
2019-07-10,1779344024.06
2019-07-11,3158872124.78
2019-07-12,1909308953.1
2019-07-13,1573448471.12
2019-07-14,703409877.233
2019-07-15,880311916.43
2019-07-16,1237233738.07
2019-07-17,1554876517.05
2019-07-18,1898295641.75
2019-07-19,1363791605.48
2019-07-20,2126938200.65
2019-07-21,835319633.831
2019-07-22,682036367.27
2019-07-23,1027285548.46
2019-07-24,946331234.643
2019-07-25,1334346530.1
2019-07-26,1029705254.8
2019-07-27,993970297.738
2019-07-28,586372755.466
2019-07-29,379230727.585
2019-07-30,4112257571.27
2019-07-31,1280347893.44
2019-08-01,1033351135.21
2019-08-02,1063515472.58
2019-08-03,1276543413.55
2019-08-04,533502020.952
2019-08-05,584301307.017
2019-08-06,1783008179.43
2019-08-07,1820577410.09
2019-08-08,1528500615.48
2019-08-09,1409255302.78
2019-08-10,1423908954.56
2019-08-11,796863848.442
2019-08-12,577446710.736
2019-08-13,1291059873.48
2019-08-14,1666494659.99
2019-08-15,1317218977.94
2019-08-16,1574111185.8
2019-08-17,1077642458.53
2019-08-18,1526187033.47
2019-08-19,923238653.158
2019-08-20,1023246904.67
2019-08-21,1220470929.97
2019-08-22,1083045372.4
2019-08-23,951158027.834
2019-08-24,2130991479.94
2019-08-25,592417288.471
2019-08-26,576624098.059
2019-08-27,1311051900.85
2019-08-28,1295831266.8
2019-08-29,1050824062.27
2019-08-30,1674298204.54
2019-08-31,1323718819.77
2019-09-01,536730722.744
2019-09-02,527581681.518
2019-09-03,1189099299.74
2019-09-04,1484070470.3
2019-09-05,1356552610.12
2019-09-06,1706403125.81
2019-09-07,2785938242.47
2019-09-08,920958388.085
2019-09-09,734442315.886
2019-09-10,1233969516.75
2019-09-11,1964047352.9
2019-09-12,1425043055.22
2019-09-13,1811962087.03
2019-09-14,926451075.37
2019-09-15,550438176.484
2019-09-16,465077107.456
2019-09-17,1523428331.69
2019-09-18,1412330120.99
2019-09-19,1899700648.35
2019-09-20,1263814528.25
2019-09-21,1752366741.28
2019-09-22,1297619718.15
2019-09-23,552377407.45
2019-09-24,855073770.204
2019-09-25,3139283339.22
2019-09-26,2087385264.72
2019-09-27,1313285336.69
2019-09-28,1158429641.01
2019-09-29,580178846.776
2019-09-30,461412848.671
2019-10-01,1032865548.02
2019-10-02,1076885942.13
2019-10-03,753518693.1
2019-10-04,941153423.813
2019-10-05,734036334.988
2019-10-06,375403716.022
2019-10-07,437929223.289
2019-10-08,858436648.341
2019-10-09,951086445.427
2019-10-10,1063632108.54
2019-10-11,1061857762.28
2019-10-12,940680504.466
2019-10-13,434035291.224
2019-10-14,358793113.391
2019-10-15,1712938625.04
2019-10-16,933447813.563
2019-10-17,944835135.107
2019-10-18,1260759811.26
2019-10-19,1046146449.48
2019-10-20,393045996.9
2019-10-21,335445114.083
2019-10-22,949795298.925
2019-10-23,996706690.858
2019-10-24,1296382266.37
2019-10-25,984320293.087
2019-10-26,1334170237.66
2019-10-27,1256366630.61
2019-10-28,721778043.424
2019-10-29,1882149479.1
2019-10-30,1157811408.23
2019-10-31,933497841.255
2019-11-01,1573437647.48
2019-11-02,2074156433.8
2019-11-03,736867493.361
2019-11-04,791930340.105
2019-11-05,1333487928.86
2019-11-06,2769186824.14
2019-11-07,1446365892.0
2019-11-08,1410260957.18
2019-11-09,1458241138.13
2019-11-10,1046596790.17
2019-11-11,364320564.19
2019-11-12,718863061.192
2019-11-13,865205529.78
2019-11-14,1486062566.37
2019-11-15,946450282.516
2019-11-16,1199132985.12
2019-11-17,461834641.876
2019-11-18,342818350.321
2019-11-19,1043917564.34
2019-11-20,923399726.065
2019-11-21,870969121.525
2019-11-22,1165992114.2
2019-11-23,1691710108.35
2019-11-24,1151153475.67
2019-11-25,544401075.375
2019-11-26,1313006695.03
2019-11-27,1179814702.24
2019-11-28,1513433741.15
2019-11-29,769525352.625
2019-11-30,1078007992.32
2019-12-01,696535295.153
2019-12-02,410180206.361
2019-12-03,904057314.823
2019-12-04,1101171350.27
2019-12-05,1466498115.74
2019-12-06,829793365.23
2019-12-07,1235038809.94
2019-12-08,842686832.919
2019-12-09,307899861.771
2019-12-10,984541456.772
2019-12-11,1203358979.52
2019-12-12,960237277.263
2019-12-13,1259580435.18
2019-12-14,910737705.989
2019-12-15,455496983.971
2019-12-16,331461605.787
2019-12-17,880428472.303
2019-12-18,1699726138.75
2019-12-19,1653840922.57
2019-12-20,1185600661.75
2019-12-21,1192218774.49
2019-12-22,484021776.663
2019-12-23,409093776.779
2019-12-24,1144871677.88
2019-12-25,770512475.798
2019-12-26,863528900.79
2019-12-27,783721256.337
2019-12-28,847107991.825
2019-12-29,480834303.779
2019-12-30,381265550.855
2019-12-31,956242180.526
2020-01-01,854423855.554
2020-01-02,278141981.965
2020-01-03,692062815.86
2020-01-04,1721171458.46
2020-01-05,623052159.064
2020-01-06,355303880.322
2020-01-07,962060777.656
2020-01-08,1122651351.86
2020-01-09,1185786689.98
2020-01-10,1557053628.83
2020-01-11,1280612805.31
2020-01-12,512234137.66
2020-01-13,451843048.807
2020-01-14,881745942.082
2020-01-15,2900956206.91
2020-01-16,2458672964.84
2020-01-17,1325748763.7
2020-01-18,1542090152.49
2020-01-19,691951125.418
2020-01-20,604108398.923
2020-01-21,1265736839.76
2020-01-22,897029394.97
2020-01-23,1252987750.2
2020-01-24,1402766346.48
2020-01-25,983478887.091
2020-01-26,372513968.744
2020-01-27,375372746.979
2020-01-28,810082885.567
2020-01-29,1052472169.01
2020-01-30,1212895193.81
2020-01-31,1703649922.2
2020-02-01,2215319754.13
2020-02-02,994556670.98
2020-02-03,610013826.845
2020-02-04,3506998581.3
2020-02-05,980532522.851
2020-02-06,1182655805.23
2020-02-07,3323586288.29
2020-02-08,1803840353.47
2020-02-09,1443920309.06
2020-02-10,744577606.608
2020-02-11,1655558310.38
2020-02-12,2306736286.51
2020-02-13,1870288291.39
2020-02-14,1903943551.24
2020-02-15,1546031520.68
2020-02-16,1109593958.57
2020-02-17,1638768688.22
2020-02-18,2253057178.22
