Date,dates_count1
6/14/2016,22589818
6/15/2016,24042032
6/16/2016,27579183
6/17/2016,25998551
6/18/2016,25169713
6/19/2016,5121523.25
6/20/2016,5421813
6/21/2016,7458221
6/22/2016,4655512
6/23/2016,11185524.5
6/24/2016,13953334
6/25/2016,10314997
6/26/2016,2235422
6/27/2016,796739.5
6/28/2016,2943671.25
6/29/2016,3458657
6/30/2016,6941538
7/1/2016,5208828.5
7/2/2016,5235177
7/3/2016,1595932
7/4/2016,1536470.5
7/5/2016,7354263
7/6/2016,4524652
7/7/2016,3625283.25
7/8/2016,3224152
7/9/2016,4269702
7/10/2016,2529951.5
7/11/2016,1509744
7/12/2016,1660717.5
7/13/2016,2022257
7/14/2016,4538665
7/15/2016,3914539.75
7/16/2016,2595855.5
7/17/2016,4132459
7/18/2016,8918986.5
7/19/2016,3230416
7/20/2016,2605997
7/21/2016,4927945
7/22/2016,2479668.5
7/23/2016,5941172.5
7/24/2016,1867842.5
7/25/2016,6723699.5
7/26/2016,9645416
7/27/2016,12551129
7/28/2016,4544973.5
7/29/2016,2114238
7/30/2016,11022328
7/31/2016,2493292
8/1/2016,3736965.5
8/2/2016,3901146.5
8/3/2016,3915224
8/4/2016,5930951.5
8/5/2016,7136876
8/6/2016,1492368
8/7/2016,2033417
8/8/2016,5898022
8/9/2016,2793474
8/10/2016,5518767
8/11/2016,2799297.5
8/12/2016,8919861
8/13/2016,2202008
8/14/2016,1505352.5
8/15/2016,5283880
8/16/2016,3746055
8/17/2016,2857970.5
8/18/2016,1017728
8/19/2016,2976515.75
8/20/2016,1048590
8/21/2016,2428266
8/22/2016,2908271
8/23/2016,4621171.5
8/24/2016,3313544
8/25/2016,2552324
8/26/2016,2511627
8/27/2016,3510094
8/28/2016,3127387.5
8/29/2016,1988807.5
8/30/2016,5281979
8/31/2016,2058093
9/1/2016,2391570.5
9/2/2016,2221966
9/3/2016,1262847.5
9/4/2016,2276533
9/5/2016,5099923.5
9/6/2016,6515973.5
9/7/2016,3347374.5
9/8/2016,3034164.5
9/9/2016,4232581
9/10/2016,1660657
9/11/2016,2555211
9/12/2016,1120860
9/13/2016,3809124
9/14/2016,2245179
9/15/2016,2341752.5
9/16/2016,8654360
9/17/2016,7676214.5
9/18/2016,2266443.5
9/19/2016,2044334.5
9/20/2016,3127980.5
9/21/2016,1581016.5
9/22/2016,2520243.75
9/23/2016,3558381.5
9/24/2016,1465014.5
9/25/2016,2538606.5
9/26/2016,2753305
9/27/2016,2568325
9/28/2016,1871335
9/29/2016,2244448
9/30/2016,3002072.5
10/1/2016,1595961.25
10/2/2016,6429674.5
10/3/2016,5356964.5
10/4/2016,7238322
10/5/2016,4772203
10/6/2016,2247681
10/7/2016,4656428
10/8/2016,1943338.5
10/9/2016,2121140
10/10/2016,14757907
10/11/2016,9529941
10/12/2016,5731935.5
10/13/2016,5563501.5
10/14/2016,3006809.5
10/15/2016,4291901.5
10/16/2016,1696010.5
10/17/2016,2268805
10/18/2016,4647785.5
10/19/2016,8980878
10/20/2016,9007670
10/21/2016,2114750
10/22/2016,5241511.5
10/23/2016,2144034.5
10/24/2016,1869831.5
10/25/2016,10362527.5
10/26/2016,26407464
10/27/2016,6790333.5
10/28/2016,1958919.5
10/29/2016,4977001.5
10/30/2016,2169649.5
10/31/2016,5910837
11/1/2016,3050214.5
11/2/2016,8211178
11/3/2016,2127630.5
11/4/2016,5180880.75
11/5/2016,3513685.5
11/6/2016,2385320
11/7/2016,6043784
11/8/2016,3862176.5
11/9/2016,6358161.5
11/10/2016,2070625.5
11/11/2016,1922114.5
11/12/2016,1931859
11/13/2016,3990637.25
11/14/2016,2890299
11/15/2016,4349847.5
11/16/2016,2678007
11/17/2016,2978346.5
11/18/2016,3123499.5
11/19/2016,3284789
11/20/2016,3218911.5
11/21/2016,13189186.25
11/22/2016,35570809
11/23/2016,43193593
11/24/2016,38839218
11/25/2016,25986362
11/26/2016,16917300
11/27/2016,4106622
11/28/2016,10022656.5
11/29/2016,4307446.5
11/30/2016,7341956.75
12/1/2016,18831865
12/2/2016,26215435
12/3/2016,4296461
12/4/2016,6128638
12/5/2016,4933889
12/6/2016,14607138
12/7/2016,3048292.5
12/8/2016,3611402.75
12/9/2016,9195251.5
12/10/2016,9045854
12/11/2016,3989754
12/12/2016,6984413.5
12/13/2016,4409874
12/14/2016,6930231
12/15/2016,10293412
12/16/2016,16556213
12/17/2016,9325743.5
12/18/2016,11543178
12/19/2016,6644433.5
12/20/2016,12319035.5
12/21/2016,13380525.5
12/22/2016,7488816
12/23/2016,7523823.5
12/24/2016,11936855
12/25/2016,2601657.5
12/26/2016,2437846
12/27/2016,3483145.5
12/28/2016,4864990.5
12/29/2016,5011196
12/30/2016,5094154.5
12/31/2016,4391275.5
1/1/2017,2218670.5
1/2/2017,9127163
1/3/2017,5086638.25
1/4/2017,11865512.5
1/5/2017,32676089.5
1/6/2017,26325685
1/7/2017,18823266
1/8/2017,14986669
1/9/2017,6875767.5
1/10/2017,18277764.5
1/11/2017,8550282.5
1/12/2017,8147081
1/13/2017,8110578
1/14/2017,2038561
1/15/2017,1724480.5
1/16/2017,2115040
1/17/2017,1675297
1/18/2017,5228278
1/19/2017,1628013.5
1/20/2017,2450458.75
1/21/2017,1786305
1/22/2017,1608552
1/23/2017,9891430.5
1/24/2017,30023816.5
1/25/2017,33262798
1/26/2017,7539797
1/27/2017,5027470.5
1/28/2017,2786432.5
1/29/2017,6906576.25
1/30/2017,31355010
1/31/2017,31411343.5
2/1/2017,15991761
2/2/2017,11151116
2/3/2017,36862637
2/4/2017,17737602.5
2/5/2017,14654654.5
2/6/2017,19515762
2/7/2017,43185267.75
2/8/2017,42172629.5
2/9/2017,35734136
2/10/2017,32444996
2/11/2017,14885861
2/12/2017,5449688
2/13/2017,7268375.5
2/14/2017,3108333
2/15/2017,13083822.5
2/16/2017,28553421
2/17/2017,25394407.5
2/18/2017,19914848
2/19/2017,13715047.5
2/20/2017,9866992
2/21/2017,26541994
2/22/2017,47079641
2/23/2017,63932011.5
2/24/2017,56929144.5
2/25/2017,40496404
2/26/2017,11220022.5
2/27/2017,15645298.5
2/28/2017,34137044.5
3/1/2017,43418674
3/2/2017,40141501.5
3/3/2017,62309826
3/4/2017,60114856.75
3/5/2017,50125449
3/6/2017,62830053
3/7/2017,63834734
3/8/2017,56354526.5
3/9/2017,45148257.5
3/10/2017,48539835.5
3/11/2017,48493916.5
3/12/2017,41602867.5
3/13/2017,29761185.75
3/14/2017,27414201
3/15/2017,33967451
3/16/2017,30662260.5
3/17/2017,22064683
3/18/2017,5024273.5
3/19/2017,5283026
3/20/2017,4511298.5
3/21/2017,8889973.5
3/22/2017,10442532.5
3/23/2017,12207538.5
3/24/2017,2032544
3/25/2017,6633085.5
3/26/2017,304373.5
3/27/2017,6017569.5
3/28/2017,9737980
3/29/2017,13455215.5
3/30/2017,7978176
3/31/2017,14271184
4/1/2017,11438329
4/2/2017,3840439
4/3/2017,2222958
4/4/2017,12344852
4/5/2017,11053104
4/6/2017,12200478.5
4/7/2017,10454241
4/8/2017,29420906.25
4/9/2017,2585694
4/10/2017,8791788.5
4/11/2017,7713749
4/12/2017,12272608.5
4/13/2017,22463796
4/14/2017,40286354
4/15/2017,26838669
4/16/2017,4877901.5
4/17/2017,14021816
4/18/2017,20640286.5
4/19/2017,20381965
4/20/2017,27080279.5
4/21/2017,19917433.5
4/22/2017,15480124
4/23/2017,17616372
4/24/2017,3576868
4/25/2017,33454419.25
4/26/2017,35236899
4/27/2017,39077243
4/28/2017,45147215.5
4/29/2017,26130291.5
4/30/2017,14183038.5
5/1/2017,5169054
5/2/2017,21319726.5
5/3/2017,36477371.5
5/4/2017,59560790.5
5/5/2017,99065880
5/6/2017,64257015
5/7/2017,44526655
5/8/2017,44916173.5
5/9/2017,54653396
5/10/2017,73096131
5/11/2017,95735528.5
5/12/2017,106529345
5/13/2017,97595747
5/14/2017,84155131
5/15/2017,89949017.5
5/16/2017,115033202
5/17/2017,100513919.5
5/18/2017,99161933.5
5/19/2017,93719150.5
5/20/2017,98265216.5
5/21/2017,96461175.5
5/22/2017,111841794
5/23/2017,107512561
5/24/2017,119647709
5/25/2017,103848425
5/26/2017,108851732.5
5/27/2017,106991705
5/28/2017,97035179
5/29/2017,92041549.75
5/30/2017,103435857
5/31/2017,100114538.5
6/1/2017,105104489.5
6/2/2017,102743600
6/3/2017,87399534
6/4/2017,89623170.5
6/5/2017,66188184
6/6/2017,64055478.5
6/7/2017,73241556.75
6/8/2017,58234333.5
6/9/2017,57214322.5
6/10/2017,51234227.5
6/11/2017,45417917.5
6/12/2017,42058155
6/13/2017,55931922.5
6/14/2017,57463774.5
6/15/2017,58160518
6/16/2017,49181039
6/17/2017,34986488.5
6/18/2017,28795969
6/19/2017,15715211.5
6/20/2017,14901593.5
6/21/2017,25420853
6/22/2017,29575199
6/23/2017,18949750.5
6/24/2017,16142143.25
6/25/2017,14693960.5
6/26/2017,17712052.5
6/27/2017,20497721.5
6/28/2017,12690945
6/29/2017,17512500.5
6/30/2017,17589576
7/1/2017,6148456.5
7/2/2017,6217881.5
7/3/2017,4931068.25
7/4/2017,14990088
7/5/2017,13413019
7/6/2017,22323082.5
7/7/2017,13227322.5
7/8/2017,8466098
7/9/2017,2211721.5
7/10/2017,2269860
7/11/2017,21844023
7/12/2017,27541864
7/13/2017,35117923.5
7/14/2017,37663648.5
7/15/2017,39042720
7/16/2017,24752684.5
7/17/2017,26835082.5
7/18/2017,24647588
7/19/2017,37677261
7/20/2017,36423868.5
7/21/2017,37860618.5
7/22/2017,18541810
7/23/2017,4324401
7/24/2017,2653588.5
7/25/2017,9464210.5
7/26/2017,20323945.5
7/27/2017,3293980
7/28/2017,1910391.5
7/29/2017,7952127.75
7/30/2017,4026682
7/31/2017,9335023.5
8/1/2017,1141774.5
8/2/2017,11789032
8/3/2017,2120663
8/4/2017,24416995
8/5/2017,16428915
8/6/2017,3001782.5
8/7/2017,36480594.5
8/8/2017,39264431.5
8/9/2017,38840122.5
8/10/2017,42420792.5
8/11/2017,53544061
8/12/2017,10385273
8/13/2017,17910292
8/14/2017,25994460
8/15/2017,50044160
8/16/2017,68565703
8/17/2017,50027482.5
8/18/2017,52469574
8/19/2017,51942348.5
8/20/2017,36724596
8/21/2017,44527945.5
8/22/2017,72831714.5
8/23/2017,78885859
8/24/2017,83609290
8/25/2017,102234720
8/26/2017,96967476
8/27/2017,67523438
8/28/2017,67044993.5
8/29/2017,65930504.5
8/30/2017,15045459
8/31/2017,31030371.5
9/1/2017,23714862.75
9/2/2017,4214211
9/3/2017,6107424.5
9/4/2017,8620107
9/5/2017,4497866
9/6/2017,6929775.5
9/7/2017,5497588.5
9/8/2017,4834680
9/9/2017,4142714
9/10/2017,5066785.75
9/11/2017,13976006
9/12/2017,4607340.5
9/13/2017,5550654.5
9/14/2017,9717041
9/15/2017,2919828.5
9/16/2017,3180945
9/17/2017,4178211.5
9/18/2017,15258250.5
9/19/2017,16711211
9/20/2017,12964952
9/21/2017,6766321.5
9/22/2017,9118623
9/23/2017,5278023
9/24/2017,4163807
9/25/2017,4359586
9/26/2017,11512673
9/27/2017,5084549.25
9/28/2017,13963360.5
9/29/2017,3436050.5
9/30/2017,11434656.5
10/1/2017,3938231
10/2/2017,12928980
10/3/2017,4073750.5
10/4/2017,3970825
10/5/2017,15046917.75
10/6/2017,8394303
10/7/2017,16950660
10/8/2017,7544364.5
10/9/2017,8778436
10/10/2017,6279304.5
10/11/2017,13677207
10/12/2017,2700252
10/13/2017,31660909.5
10/14/2017,34535752.75
10/15/2017,4233629.5
10/16/2017,19539086.5
10/17/2017,7712645
10/18/2017,14234459
10/19/2017,22086769.5
10/20/2017,18870867.5
10/21/2017,36924741.5
10/22/2017,36111729
10/23/2017,40466779.25
10/24/2017,52685017
10/25/2017,450
10/26/2017,1768017.5
10/27/2017,29187857.5
10/28/2017,38423553
10/29/2017,32034963
10/30/2017,21205297
10/31/2017,29741835.25
11/1/2017,43382031.5
11/2/2017,52513639
11/3/2017,64192538.5
11/4/2017,67970535
11/5/2017,40981868.5
11/6/2017,33563233.5
11/7/2017,54692895
11/8/2017,43713788.5
11/9/2017,66300717.5
11/10/2017,89320891
11/11/2017,108639751.5
11/12/2017,95348937.5
11/13/2017,100668193.5
11/14/2017,104669635
11/15/2017,98607043
11/16/2017,98418373.5
11/17/2017,95056014
11/18/2017,88186627.5
11/19/2017,64145829
11/20/2017,66096660
11/21/2017,69525573
11/22/2017,62145627
11/23/2017,74505418.5
11/24/2017,66973311.5
11/25/2017,71579300.5
11/26/2017,62444667.75
11/27/2017,63219140.5
11/28/2017,88342342.5
11/29/2017,95545350
11/30/2017,96455990.5
12/1/2017,91581897.5
12/2/2017,84808424
12/3/2017,82105509.5
12/4/2017,73228455.5
12/5/2017,90376985
12/6/2017,112002295
12/7/2017,0
12/8/2017,86758292
12/9/2017,73309167
12/10/2017,68720388
12/11/2017,113515111
12/12/2017,123482998
12/13/2017,116371027.8
12/14/2017,111072508.5
12/15/2017,107431722
12/16/2017,109391557
12/17/2017,117971564
12/18/2017,111038553
12/19/2017,110322815.5
12/20/2017,101274362
12/21/2017,107485776
12/22/2017,103591334.3
12/23/2017,118955340
12/24/2017,114044344
12/25/2017,122793825
12/26/2017,112165408
12/27/2017,112603018.5
12/28/2017,117031344
12/29/2017,111120763
12/30/2017,111178797.8
12/31/2017,116185291.5
1/1/2018,120941140
1/2/2018,120468285.5
1/3/2018,113048384
1/4/2018,115027406
1/5/2018,116196570
1/6/2018,103175987.5
1/7/2018,107547392.5
1/8/2018,114127660.5
1/9/2018,135563100
1/10/2018,136438286.5
1/11/2018,136119598.5
1/12/2018,136309254
1/13/2018,130031998
1/14/2018,125225426.5
1/15/2018,119105953.5
1/16/2018,19710053
1/17/2018,117103084.5
1/18/2018,114627168.5
1/19/2018,107693985.5
1/20/2018,107716088
1/21/2018,105096339
1/22/2018,135165999
1/23/2018,100633196.5
1/24/2018,121676612
1/25/2018,115379275.8
1/26/2018,95738472.5
1/27/2018,85303570.5
1/28/2018,86382775
1/29/2018,62113147
1/30/2018,50989779
1/31/2018,51210511
2/1/2018,49198652
2/2/2018,41684817
2/3/2018,50636763.25
2/4/2018,35722561
2/5/2018,16461959
2/6/2018,32046263
2/7/2018,29946791.5
2/8/2018,20819694
2/9/2018,22014972.5
2/10/2018,33942555.5
2/11/2018,27739982.5
2/12/2018,16595970
2/13/2018,28646525.5
2/14/2018,67649819.5
2/15/2018,12217182.5
2/16/2018,6654349
2/17/2018,31392972.5
2/18/2018,36022310.5
2/19/2018,31003220
2/20/2018,14539599.25
2/21/2018,30435492.5
2/22/2018,2263476.5
2/23/2018,10897809
2/24/2018,71290124.5
2/25/2018,597181.5
2/26/2018,18053186
2/27/2018,85985019.5
2/28/2018,35214630
3/1/2018,30912912.5
3/2/2018,13016169.5
3/3/2018,31343937.5
3/4/2018,28006135.5
3/5/2018,27544126.5
3/6/2018,24807547.5
3/7/2018,18675610
3/8/2018,21227779
3/9/2018,14479394.5
3/10/2018,11886884.5
3/11/2018,8917698.5
3/12/2018,4100509.5
3/13/2018,14569842.5
3/14/2018,539878
3/15/2018,467069
3/16/2018,146788.5
3/17/2018,333248
3/18/2018,278577.75
3/19/2018,2895906.5
3/20/2018,291704
3/21/2018,1775226.5
3/22/2018,1555164
3/23/2018,9198584
3/24/2018,1033368.5
3/25/2018,492038.5
3/26/2018,351203.25
3/27/2018,1371129
3/28/2018,651079.5
3/29/2018,331179
3/30/2018,978196
3/31/2018,241680.5
4/1/2018,335834
4/2/2018,819771.5
4/3/2018,606907
4/4/2018,554336.5
4/5/2018,740641.5
4/6/2018,8937238
4/7/2018,2536560.5
4/8/2018,664513
4/9/2018,239655
4/10/2018,424174.5
4/11/2018,199370.5
4/12/2018,890538
4/13/2018,738067.5
4/14/2018,30370369.5
4/15/2018,970222
4/16/2018,5180795.5
4/17/2018,3040133.5
4/18/2018,625105.5
4/19/2018,220960.5
4/20/2018,200577.5
4/21/2018,1023077.5
4/22/2018,427425
4/23/2018,685231.5
4/24/2018,665737
4/25/2018,13666526
4/26/2018,844627.5
4/27/2018,546282.5
4/28/2018,6063289
4/29/2018,2413824.5
4/30/2018,493737.25
5/1/2018,372442
5/2/2018,2969533
5/3/2018,10716464.5
5/4/2018,506771.5
5/5/2018,148240
5/6/2018,1066049.5
5/7/2018,145915
5/8/2018,1003885.25
5/9/2018,317613
5/10/2018,581270.5
5/11/2018,18219723
5/12/2018,4045785.5
5/13/2018,617519.5
5/14/2018,1072914
5/15/2018,215977
5/16/2018,1251746
5/17/2018,4524781.5
5/18/2018,909837.5
5/19/2018,357449.5
5/20/2018,595895
5/21/2018,4479637.5
5/22/2018,1385162.5
5/23/2018,296497.5
5/24/2018,545171.5
5/25/2018,385083.5
5/26/2018,235416
5/27/2018,184914
5/28/2018,520738
5/29/2018,3670831.5
5/30/2018,278333
5/31/2018,387886
6/1/2018,346869.5
6/2/2018,143736.5
6/3/2018,20546036.5
6/4/2018,17188059.5
6/5/2018,15076096
6/6/2018,18677347
6/7/2018,49672714.5
6/8/2018,5692016
6/9/2018,413433
6/10/2018,154024.5
6/11/2018,229005.5
6/12/2018,8211116.25
6/13/2018,11854181
6/14/2018,228739.5
6/15/2018,2845303.5
6/16/2018,1675779.5
6/17/2018,1186490
6/18/2018,183959.5
6/19/2018,972921.5
6/20/2018,3035255.5
6/21/2018,257285
6/22/2018,913655.5
6/23/2018,395218.5
6/24/2018,332936.5
6/25/2018,1850938
6/26/2018,13999842.5
6/27/2018,15190468
6/28/2018,1016334
6/29/2018,304137.25
6/30/2018,1405162.5
7/1/2018,607040.5
7/2/2018,12312031
7/3/2018,29446809
7/4/2018,1277143
7/5/2018,400270.5
7/6/2018,291767
7/7/2018,118151.5
7/8/2018,435568.25
7/9/2018,13094215.5
7/10/2018,9156869
7/11/2018,7129230
7/12/2018,44816892.5
7/13/2018,42406709
7/14/2018,41312051
7/15/2018,7827991
7/16/2018,1289428.25
7/17/2018,9334406.5
7/18/2018,20048730
7/19/2018,6499855
7/20/2018,3462566
7/21/2018,768564.5
7/22/2018,524517.5
7/23/2018,318743
7/24/2018,266018
7/25/2018,5860000.75
7/26/2018,2888934.5
7/27/2018,600755.5
7/28/2018,2478494
7/29/2018,272717
7/30/2018,2714524.5
7/31/2018,908657.5
8/1/2018,815109
8/2/2018,241856.25
8/3/2018,1970589.5
8/4/2018,333934.5
8/5/2018,420184
8/6/2018,11880779
8/7/2018,10306586
8/8/2018,571819.5
8/9/2018,674093.5
8/10/2018,482208.5
8/11/2018,696191.75
8/12/2018,1874151.5
8/13/2018,1823584.5
8/14/2018,7897772.5
8/15/2018,508610
8/16/2018,1786549.5
8/17/2018,202795
8/18/2018,677962.5
8/19/2018,390700.5
8/20/2018,1188191.75
8/21/2018,305551
8/22/2018,3064310.5
8/23/2018,2448779
8/24/2018,2938470
8/25/2018,445814.5
8/26/2018,157359.5
8/27/2018,128153
8/28/2018,1756143.25
8/29/2018,348763
8/30/2018,6992311.5
8/31/2018,2770119
9/1/2018,2824561.5
9/2/2018,395417.5
9/3/2018,808049
9/4/2018,898321
9/5/2018,492136.5
9/6/2018,961771
9/7/2018,762400
9/8/2018,529983
9/9/2018,1602960
9/10/2018,1806111
9/11/2018,1657880
9/12/2018,318342.5
9/13/2018,217377.5
9/14/2018,5568977.25
9/15/2018,269418.5
9/16/2018,845737.5
9/17/2018,1934927
9/18/2018,2209586.5
9/19/2018,3708776
9/20/2018,578233
9/21/2018,1786516.5
9/22/2018,104894
9/23/2018,425676
9/24/2018,367552
9/25/2018,4298039
9/26/2018,3100935.5
9/27/2018,2126406
9/28/2018,588911.5
9/29/2018,554718
9/30/2018,261316
10/1/2018,2307561.5
10/2/2018,3688401.25
10/3/2018,1625912.5
10/4/2018,667320
10/5/2018,14026573.5
10/6/2018,1447706
10/7/2018,798794.5
10/8/2018,869603.5
10/9/2018,870578
10/10/2018,899564
10/11/2018,418494
10/12/2018,11941018.5
10/13/2018,1985158.5
10/14/2018,3188238.5
10/15/2018,3552861.5
10/16/2018,1148993
10/17/2018,1695118
10/18/2018,1702231
10/19/2018,2144477
10/20/2018,1423499.5
10/21/2018,3789181.5
10/22/2018,8516957
10/23/2018,1182763.5
10/24/2018,2814851.5
10/25/2018,3429480
10/26/2018,1337314
10/27/2018,1115728
10/28/2018,369340.5
10/29/2018,10703700.5
10/30/2018,5750625
10/31/2018,5084939.5
11/1/2018,4045908
11/2/2018,1572024.5
11/3/2018,302018.5
11/4/2018,2402435.5
11/5/2018,1551859.25
11/6/2018,14355684
11/7/2018,6884002.5
11/8/2018,8764991
11/9/2018,2511538
11/10/2018,287914.5
11/11/2018,1357961
11/12/2018,1640412
11/13/2018,3412610.5
11/14/2018,11108058.75
11/15/2018,16447375
11/16/2018,9011473.5
11/17/2018,4985792.5
11/18/2018,156691
11/19/2018,4195764
11/20/2018,19350510.5
11/21/2018,22122470
11/22/2018,10527698.75
11/23/2018,2928672.5
11/24/2018,8699674
11/25/2018,3597120.5
11/26/2018,7541631.5
11/27/2018,4718932.5
11/28/2018,3230659
11/29/2018,11927211.5
11/30/2018,5287824.5
12/1/2018,4224794.5
12/2/2018,3056684
12/3/2018,11829951
12/4/2018,7786413.5
12/5/2018,563055
12/6/2018,1629361.5
12/7/2018,1532704.5
12/8/2018,1874423
12/9/2018,919836
12/10/2018,3261956.5
12/11/2018,8216903.5
12/12/2018,10910498
12/13/2018,6786463
12/14/2018,866749
12/15/2018,2480955.5
12/16/2018,4237796
12/17/2018,1452778
12/18/2018,6306941.25
12/19/2018,4823910.5
12/20/2018,6705138.5
12/21/2018,5472309
12/22/2018,790923
12/23/2018,615955
12/24/2018,524017.5
12/25/2018,1362180
12/26/2018,729193.5
12/27/2018,482301.5
12/28/2018,578228
12/29/2018,851073
12/30/2018,1320641.5
12/31/2018,1553535
1/1/2019,1600885.5
1/2/2019,273189.5
1/3/2019,4019819
1/4/2019,1458560
1/5/2019,1330440
1/6/2019,1570323
1/7/2019,5363608
1/8/2019,5603160.5
1/9/2019,1124958.5
1/10/2019,1617035.5
1/11/2019,3224457.5
1/12/2019,1347621
1/13/2019,829479
1/14/2019,3005322.5
1/15/2019,5776854.5
1/16/2019,9471672
1/17/2019,2113543
1/18/2019,3738917.5
1/19/2019,554508.5
1/20/2019,1122636
1/21/2019,704893.25
1/22/2019,1111804.5
1/23/2019,7653176
1/24/2019,416740.5
1/25/2019,6368511.5
1/26/2019,2535283
1/27/2019,467803.5
1/28/2019,439131.5
1/29/2019,1569994.5
1/30/2019,1849258.75
1/31/2019,180550.5
2/1/2019,6226334
2/2/2019,4938095
2/3/2019,597161
2/4/2019,984509.5
2/5/2019,609999
2/6/2019,508565.5
2/7/2019,208483.5
2/8/2019,2331422.25
2/9/2019,4176127.5
2/10/2019,2421074
2/11/2019,4314524
2/12/2019,12378899
2/13/2019,7150663
2/14/2019,825923
2/15/2019,617275
2/16/2019,3871329.25
2/17/2019,343061
2/18/2019,3949044.5
2/19/2019,10509010.5
2/20/2019,8986799.5
2/21/2019,4702512
2/22/2019,2498320
2/23/2019,1006352.5
2/24/2019,2925693.5
2/25/2019,4216204
2/26/2019,4509635.5
2/27/2019,3028107.5
2/28/2019,9088857
3/1/2019,6642550.5
3/2/2019,2515618.5
3/3/2019,3329159
3/4/2019,2021661.5
3/5/2019,1072294.5
3/6/2019,4802767.5
3/7/2019,9611678
3/8/2019,5593997.5
3/9/2019,4838514.5
3/10/2019,1061846
3/11/2019,3760959
3/12/2019,344009.5
3/13/2019,387204
3/14/2019,3798666.25
3/15/2019,5430585
3/16/2019,1071552
3/17/2019,1419826.5
3/18/2019,511131.5
3/19/2019,614973
3/20/2019,234481.5
3/21/2019,1455105
3/22/2019,1148918.5
3/23/2019,485879.75
3/24/2019,517065
3/25/2019,1741344
3/26/2019,5216292.5
3/27/2019,6613687.5
3/28/2019,13451167.5
3/29/2019,10727233
3/30/2019,13459413
3/31/2019,15050654.75
4/1/2019,28157208.5
4/2/2019,39837917.5
4/3/2019,40225314.5
4/4/2019,46892350
4/5/2019,26858567
4/6/2019,9418755
4/7/2019,3530146
4/8/2019,4361667.5
4/9/2019,8188626.25
4/10/2019,6286084.5
4/11/2019,4845404.5
4/12/2019,3930066
4/13/2019,5734148.5
4/14/2019,777442.5
4/15/2019,3162508.5
4/16/2019,4700241
4/17/2019,7220833.25
4/18/2019,13160282.5
4/19/2019,7773887
4/20/2019,22986032
4/21/2019,7067127
4/22/2019,9525924.5
4/23/2019,13348264.5
4/24/2019,25763190
4/25/2019,14302031
4/26/2019,10985081.5
4/27/2019,2549899.5
4/28/2019,374546
4/29/2019,12024689
4/30/2019,11293386.5
5/1/2019,3647443
5/2/2019,1357848
5/3/2019,3744627
5/4/2019,4453225.5
5/5/2019,5566661.25
5/6/2019,17291614
5/7/2019,13824483.5
5/8/2019,13849460
5/9/2019,9505362.5
5/10/2019,16843538.5
5/11/2019,20307834.5
5/12/2019,14677379.5
5/13/2019,7714795
5/14/2019,27529629.5
5/15/2019,37074170
5/16/2019,44366448.5
5/17/2019,43777398.5
5/18/2019,28482593
5/19/2019,937441
5/20/2019,1915541
5/21/2019,12009279
5/22/2019,12826903.25
5/23/2019,9466968
5/24/2019,16882045.5
5/25/2019,6531659
5/26/2019,1148132.5
5/27/2019,5075736.5
5/28/2019,598813.5
5/29/2019,4725114.5
5/30/2019,4468698.25
5/31/2019,37046712
6/1/2019,14132387
6/2/2019,12730568
6/3/2019,16408692
6/4/2019,15778039
6/5/2019,4955512
6/6/2019,795783.5
6/7/2019,4682255
6/8/2019,976811
6/9/2019,3041072
6/10/2019,8938846
6/11/2019,10643109.5
6/12/2019,11069582
6/13/2019,10535786
6/14/2019,11257570
6/15/2019,7383337
6/16/2019,3091774
6/17/2019,14583917
6/18/2019,15088024.5
6/19/2019,11256444.5
6/20/2019,21944348.5
6/21/2019,20622712
6/22/2019,24146898.5
6/23/2019,11102421.5
6/24/2019,3188557
6/25/2019,11342321.5
6/26/2019,33920593.5
6/27/2019,50211405
6/28/2019,44731392
6/29/2019,4459540
6/30/2019,1235075
7/1/2019,11497004.5
7/2/2019,15500276.5
7/3/2019,2456828
7/4/2019,1856098.5
7/5/2019,2300822.5
7/6/2019,812104.5
7/7/2019,566222.5
7/8/2019,6913341
7/9/2019,4001273
7/10/2019,13992535.5
7/11/2019,19886388
7/12/2019,23171613.5
7/13/2019,2813429.5
7/14/2019,580953
7/15/2019,15525064
7/16/2019,1410813
7/17/2019,11815637.5
7/18/2019,33659773.5
7/19/2019,38396903.5
7/20/2019,12803880.5
7/21/2019,2934213.75
7/22/2019,6565839
7/23/2019,4212998
7/24/2019,8190131.5
7/25/2019,6185320
7/26/2019,291533
7/27/2019,931697
7/28/2019,681760.5
7/29/2019,296262.5
7/30/2019,787793.25
7/31/2019,464934
8/1/2019,5970810.5
8/2/2019,4118802.5
8/3/2019,1280949.5
8/4/2019,424514
8/5/2019,649073.5
8/6/2019,1166801
8/7/2019,1045631.5
8/8/2019,7833324.25
8/9/2019,7976030
8/10/2019,587340
8/11/2019,4102197.5
8/12/2019,4945293
8/13/2019,2938716.5
8/14/2019,2021389
8/15/2019,1515166
8/16/2019,916838.25
8/17/2019,1115199
8/18/2019,3498443
8/19/2019,8780060
8/20/2019,2960133.5
8/21/2019,1178479
8/22/2019,2489941
8/23/2019,1466850
8/24/2019,1216783
8/25/2019,541381.25
8/26/2019,9628015.5
8/27/2019,7088529
8/28/2019,8763252.5
8/29/2019,2579167
8/30/2019,6100128
8/31/2019,1349702
9/1/2019,1894478.5
9/2/2019,681981
9/3/2019,3461635
9/4/2019,7246239
9/5/2019,9629437
9/6/2019,4714521
9/7/2019,881367
9/8/2019,607287
9/9/2019,510150.5
9/10/2019,848821
9/11/2019,340938.75
9/12/2019,490584
9/13/2019,8544695
9/14/2019,712373
9/15/2019,6459592
9/16/2019,3822273
9/17/2019,1533970
9/18/2019,599763
9/19/2019,890559.5
9/20/2019,583426.75
9/21/2019,1333993.5
9/22/2019,2286440.5
9/23/2019,12772822
9/24/2019,4241184
9/25/2019,2614438.5
9/26/2019,544013.5
9/27/2019,1531331.5
9/28/2019,979654.75
9/29/2019,1082072.5
9/30/2019,16914165
10/1/2019,7059096
10/2/2019,2283403.5
10/3/2019,2775804.5
10/4/2019,471509.5
10/5/2019,183974.5
10/6/2019,530503
10/7/2019,1144808.5
10/8/2019,518347
10/9/2019,10690622.5
10/10/2019,517409
10/11/2019,3045631.5
10/12/2019,2948810.5
10/13/2019,1173754
10/14/2019,1018006.5
10/15/2019,1459308.5
10/16/2019,1663643.5
10/17/2019,5183568
10/18/2019,6888045.5
10/19/2019,525860.5
10/20/2019,348027.5
10/21/2019,1866329
10/22/2019,448591
10/23/2019,464446
10/24/2019,4057927.5
10/25/2019,10468349
10/26/2019,13871333.5
10/27/2019,6465638
10/28/2019,3918942
10/29/2019,2849802.5
10/30/2019,1364795.5
10/31/2019,691983
11/1/2019,9678920.5
11/2/2019,2534901.5
11/3/2019,1686052
11/4/2019,8613803
11/5/2019,9451640
11/6/2019,6878901
11/7/2019,1127321.5
11/8/2019,2285400.5
11/9/2019,889603
11/10/2019,2568147
11/11/2019,2031080.5
11/12/2019,7239274
11/13/2019,6986058
11/14/2019,1519944.5
11/15/2019,87481352
11/16/2019,66426055.5
11/17/2019,36091999
11/18/2019,326006.5
11/19/2019,7909316
11/20/2019,2067907.5
11/21/2019,6814629
11/22/2019,8096826
11/23/2019,1260597
11/24/2019,314141
11/25/2019,1042975
11/26/2019,19864246.5
11/27/2019,4838058.5
11/28/2019,2096804
11/29/2019,16963433
11/30/2019,3782676
12/1/2019,2957325.5
12/2/2019,664764.5
12/3/2019,1898903
12/4/2019,324100
12/5/2019,1649870.5
12/6/2019,1495699.25
12/7/2019,332335
12/8/2019,689231
12/9/2019,5978010
12/10/2019,2470068
12/11/2019,2988233
12/12/2019,1437421
12/13/2019,327449
12/14/2019,513159
12/15/2019,6822903.25
12/16/2019,2283951.5
12/17/2019,13580888
12/18/2019,3558080
12/19/2019,2006493.5
12/20/2019,1520969
12/21/2019,283351
12/22/2019,830978
12/23/2019,1610316.75
12/24/2019,1898383
12/25/2019,2281174
12/26/2019,876252
12/27/2019,2002055.5
12/28/2019,681413
12/29/2019,733298
12/30/2019,315633
12/31/2019,1799333.5
1/1/2020,746562
1/2/2020,1576360.5
1/3/2020,2951201.5
1/4/2020,3342832.5
1/5/2020,984234.5
1/6/2020,711890
1/7/2020,772281.5
1/8/2020,397634
1/9/2020,761127.75
1/10/2020,2427274.5
1/11/2020,847544
1/12/2020,949990.5
1/13/2020,2320624.5
1/14/2020,825298.5
1/15/2020,1444239
1/16/2020,891584.5
1/17/2020,347453.5
1/18/2020,4113188.75
1/19/2020,3635325.5
1/20/2020,358711.5
1/21/2020,4971666.5
1/22/2020,755616
1/23/2020,507988.5
1/24/2020,1366768
1/25/2020,224066.5
1/26/2020,216221
1/27/2020,6808692.25
1/28/2020,756267.5
1/29/2020,5326151
1/30/2020,7461704.5
1/31/2020,1686314.5
2/1/2020,694688
2/2/2020,315017
2/3/2020,457319.5
2/4/2020,3782658
2/5/2020,2684693
2/6/2020,27377256.5
2/7/2020,16387117.5
2/8/2020,522876
2/9/2020,1412242.5
2/10/2020,1832352
2/11/2020,3653691
2/12/2020,1166839.5
2/13/2020,4419061.25
2/14/2020,15082296.5
2/15/2020,2845411.5
2/16/2020,3293693.5
2/17/2020,3984465
2/18/2020,1818959
2/19/2020,622695
