Date,Difficulty
1/10/2009,1
1/11/2009,1
1/12/2009,1
1/13/2009,1
1/14/2009,1
1/15/2009,1
1/16/2009,1
1/17/2009,1
1/18/2009,1
1/19/2009,1
1/20/2009,1
1/21/2009,1
1/22/2009,1
1/23/2009,1
1/24/2009,1
1/25/2009,1
1/26/2009,1
1/27/2009,1
1/28/2009,1
1/29/2009,1
1/30/2009,1
1/31/2009,1
2/1/2009,1
2/2/2009,1
2/3/2009,1
2/4/2009,1
2/5/2009,1
2/6/2009,1
2/7/2009,1
2/8/2009,1
2/9/2009,1
2/10/2009,1
2/11/2009,1
2/12/2009,1
2/13/2009,1
2/14/2009,1
2/15/2009,1
2/16/2009,1
2/17/2009,1
2/18/2009,1
2/19/2009,1
2/20/2009,1
2/21/2009,1
2/22/2009,1
2/23/2009,1
2/24/2009,1
2/25/2009,1
2/26/2009,1
2/27/2009,1
2/28/2009,1
3/1/2009,1
3/2/2009,1
3/3/2009,1
3/4/2009,1
3/5/2009,1
3/6/2009,1
3/7/2009,1
3/8/2009,1
3/9/2009,1
3/10/2009,1
3/11/2009,1
3/12/2009,1
3/13/2009,1
3/14/2009,1
3/15/2009,1
3/16/2009,1
3/17/2009,1
3/18/2009,1
3/19/2009,1
3/20/2009,1
3/21/2009,1
3/22/2009,1
3/23/2009,1
3/24/2009,1
3/25/2009,1
3/26/2009,1
3/27/2009,1
3/28/2009,1
3/29/2009,1
3/30/2009,1
3/31/2009,1
4/1/2009,1
4/2/2009,1
4/3/2009,1
4/4/2009,1
4/5/2009,1
4/6/2009,1
4/7/2009,1
4/8/2009,1
4/9/2009,1
4/10/2009,1
4/11/2009,1
4/12/2009,1
4/13/2009,1
4/14/2009,1
4/15/2009,1
4/16/2009,1
4/17/2009,1
4/18/2009,1
4/19/2009,1
4/20/2009,1
4/21/2009,1
4/22/2009,1
4/23/2009,1
4/24/2009,1
4/25/2009,1
4/26/2009,1
4/27/2009,1
4/28/2009,1
4/29/2009,1
4/30/2009,1
5/1/2009,1
5/2/2009,1
5/3/2009,1
5/4/2009,1
5/5/2009,1
5/6/2009,1
5/7/2009,1
5/8/2009,1
5/9/2009,1
5/10/2009,1
5/11/2009,1
5/12/2009,1
5/13/2009,1
5/14/2009,1
5/15/2009,1
5/16/2009,1
5/17/2009,1
5/18/2009,1
5/19/2009,1
5/20/2009,1
5/21/2009,1
5/22/2009,1
5/23/2009,1
5/24/2009,1
5/25/2009,1
5/26/2009,1
5/27/2009,1
5/28/2009,1
5/29/2009,1
5/30/2009,1
5/31/2009,1
6/1/2009,1
6/2/2009,1
6/3/2009,1
6/4/2009,1
6/5/2009,1
6/6/2009,1
6/7/2009,1
6/8/2009,1
6/9/2009,1
6/10/2009,1
6/11/2009,1
6/12/2009,1
6/13/2009,1
6/14/2009,1
6/15/2009,1
6/16/2009,1
6/17/2009,1
6/18/2009,1
6/19/2009,1
6/20/2009,1
6/21/2009,1
6/22/2009,1
6/23/2009,1
6/24/2009,1
6/25/2009,1
6/26/2009,1
6/27/2009,1
6/28/2009,1
6/29/2009,1
6/30/2009,1
7/1/2009,1
7/2/2009,1
7/3/2009,1
7/4/2009,1
7/5/2009,1
7/6/2009,1
7/7/2009,1
7/8/2009,1
7/9/2009,1
7/10/2009,1
7/11/2009,1
7/12/2009,1
7/13/2009,1
7/14/2009,1
7/15/2009,1
7/16/2009,1
7/17/2009,1
7/18/2009,1
7/19/2009,1
7/20/2009,1
7/21/2009,1
7/22/2009,1
7/23/2009,1
7/24/2009,1
7/25/2009,1
7/26/2009,1
7/27/2009,1
7/28/2009,1
7/29/2009,1
7/30/2009,1
7/31/2009,1
8/1/2009,1
8/2/2009,1
8/3/2009,1
8/4/2009,1
8/5/2009,1
8/6/2009,1
8/7/2009,1
8/8/2009,1
8/9/2009,1
8/10/2009,1
8/11/2009,1
8/12/2009,1
8/13/2009,1
8/14/2009,1
8/15/2009,1
8/16/2009,1
8/17/2009,1
8/18/2009,1
8/19/2009,1
8/20/2009,1
8/21/2009,1
8/22/2009,1
8/23/2009,1
8/24/2009,1
8/25/2009,1
8/26/2009,1
8/27/2009,1
8/28/2009,1
8/29/2009,1
8/30/2009,1
8/31/2009,1
9/1/2009,1
9/2/2009,1
9/3/2009,1
9/4/2009,1
9/5/2009,1
9/6/2009,1
9/7/2009,1
9/8/2009,1
9/9/2009,1
9/10/2009,1
9/11/2009,1
9/12/2009,1
9/13/2009,1
9/14/2009,1
9/15/2009,1
9/16/2009,1
9/17/2009,1
9/18/2009,1
9/19/2009,1
9/20/2009,1
9/21/2009,1
9/22/2009,1
9/23/2009,1
9/24/2009,1
9/25/2009,1
9/26/2009,1
9/27/2009,1
9/28/2009,1
9/29/2009,1
9/30/2009,1
10/1/2009,1
10/2/2009,1
10/3/2009,1
10/4/2009,1
10/5/2009,1
10/6/2009,1
10/7/2009,1
10/8/2009,1
10/9/2009,1
10/10/2009,1
10/11/2009,1
10/12/2009,1
10/13/2009,1
10/14/2009,1
10/15/2009,1
10/16/2009,1
10/17/2009,1
10/18/2009,1
10/19/2009,1
10/20/2009,1
10/21/2009,1
10/22/2009,1
10/23/2009,1
10/24/2009,1
10/25/2009,1
10/26/2009,1
10/27/2009,1
10/28/2009,1
10/29/2009,1
10/30/2009,1
10/31/2009,1
11/1/2009,1
11/2/2009,1
11/3/2009,1
11/4/2009,1
11/5/2009,1
11/6/2009,1
11/7/2009,1
11/8/2009,1
11/9/2009,1
11/10/2009,1
11/11/2009,1
11/12/2009,1
11/13/2009,1
11/14/2009,1
11/15/2009,1
11/16/2009,1
11/17/2009,1
11/18/2009,1
11/19/2009,1
11/20/2009,1
11/21/2009,1
11/22/2009,1
11/23/2009,1
11/24/2009,1
11/25/2009,1
11/26/2009,1
11/27/2009,1
11/28/2009,1
11/29/2009,1
11/30/2009,1
12/1/2009,1
12/2/2009,1
12/3/2009,1
12/4/2009,1
12/5/2009,1
12/6/2009,1
12/7/2009,1
12/8/2009,1
12/9/2009,1
12/10/2009,1
12/11/2009,1
12/12/2009,1
12/13/2009,1
12/14/2009,1
12/15/2009,1
12/16/2009,1
12/17/2009,1
12/18/2009,1
12/19/2009,1
12/20/2009,1
12/21/2009,1
12/22/2009,1
12/23/2009,1
12/24/2009,1
12/25/2009,1
12/26/2009,1
12/27/2009,1
12/28/2009,1
12/29/2009,1
12/30/2009,1
12/31/2009,1
1/1/2010,1
1/2/2010,1
1/3/2010,1
1/4/2010,1
1/5/2010,1
1/6/2010,1
1/7/2010,1
1/8/2010,1
1/9/2010,1
1/10/2010,1
1/11/2010,1
1/12/2010,1
1/13/2010,1
1/14/2010,1
1/15/2010,1
1/16/2010,1
1/17/2010,1
1/18/2010,1
1/19/2010,1
1/20/2010,1
1/21/2010,1
1/22/2010,1
1/23/2010,1
1/24/2010,1
1/25/2010,1
1/26/2010,1
1/27/2010,1
1/28/2010,1
1/29/2010,1
1/30/2010,1
1/31/2010,1
2/1/2010,1
2/2/2010,1
2/3/2010,1
2/4/2010,1
2/5/2010,2
2/6/2010,2
2/7/2010,2
2/8/2010,2
2/9/2010,2
2/10/2010,2
2/11/2010,2
2/12/2010,2
2/13/2010,2
2/14/2010,2
2/15/2010,3
2/16/2010,3
2/17/2010,3
2/18/2010,3
2/19/2010,3
2/20/2010,3
2/21/2010,3
2/22/2010,3
2/23/2010,3
2/24/2010,3
2/25/2010,4
2/26/2010,4
2/27/2010,4
2/28/2010,4
3/1/2010,4
3/2/2010,4
3/3/2010,4
3/4/2010,4
3/5/2010,4
3/6/2010,4
3/7/2010,4
3/8/2010,4
3/9/2010,5
3/10/2010,5
3/11/2010,5
3/12/2010,5
3/13/2010,5
3/14/2010,5
3/15/2010,5
3/16/2010,5
3/17/2010,5
3/18/2010,5
3/19/2010,5
3/20/2010,5
3/21/2010,5
3/22/2010,5
3/23/2010,5
3/24/2010,5
3/25/2010,5
3/26/2010,5
3/27/2010,5
3/28/2010,5
3/29/2010,5
3/30/2010,5
3/31/2010,5
4/1/2010,5
4/2/2010,6
4/3/2010,6
4/4/2010,6
4/5/2010,6
4/6/2010,6
4/7/2010,6
4/8/2010,6
4/9/2010,6
4/10/2010,6
4/11/2010,6
4/12/2010,6
4/13/2010,8
4/14/2010,8
4/15/2010,8
4/16/2010,8
4/17/2010,8
4/18/2010,8
4/19/2010,8
4/20/2010,8
4/21/2010,8
4/22/2010,11
4/23/2010,11
4/24/2010,11
4/25/2010,11
4/26/2010,11
4/27/2010,11
4/28/2010,11
4/29/2010,11
4/30/2010,11
5/1/2010,11
5/2/2010,11
5/3/2010,11
5/4/2010,11
5/5/2010,13
5/6/2010,13
5/7/2010,13
5/8/2010,13
5/9/2010,13
5/10/2010,13
5/11/2010,13
5/12/2010,13
5/13/2010,13
5/14/2010,13
5/15/2010,13
5/16/2010,13
5/17/2010,13
5/18/2010,13
5/19/2010,13
5/20/2010,12
5/21/2010,12
5/22/2010,12
5/23/2010,12
5/24/2010,12
5/25/2010,12
5/26/2010,12
5/27/2010,12
5/28/2010,12
5/29/2010,12
5/30/2010,17
5/31/2010,17
6/1/2010,17
6/2/2010,17
6/3/2010,17
6/4/2010,17
6/5/2010,17
6/6/2010,17
6/7/2010,17
6/8/2010,17
6/9/2010,17
6/10/2010,17
6/11/2010,17
6/12/2010,17
6/13/2010,17
6/14/2010,17
6/15/2010,17
6/16/2010,17
6/17/2010,17
6/18/2010,17
6/19/2010,17
6/20/2010,17
6/21/2010,17
6/22/2010,17
6/23/2010,17
6/24/2010,17
6/25/2010,19
6/26/2010,19
6/27/2010,19
6/28/2010,19
6/29/2010,19
6/30/2010,19
7/1/2010,19
7/2/2010,19
7/3/2010,19
7/4/2010,19
7/5/2010,19
7/6/2010,19
7/7/2010,24
7/8/2010,24
7/9/2010,24
7/10/2010,24
7/11/2010,24
7/12/2010,24
7/13/2010,24
7/14/2010,45
7/15/2010,45
7/16/2010,45
7/17/2010,182
7/18/2010,182
7/19/2010,182
7/20/2010,182
7/21/2010,182
7/22/2010,182
7/23/2010,182
7/24/2010,182
7/25/2010,182
7/26/2010,182
7/27/2010,182
7/28/2010,244
7/29/2010,244
7/30/2010,244
7/31/2010,244
8/1/2010,244
8/2/2010,244
8/3/2010,244
8/4/2010,244
8/5/2010,244
8/6/2010,352
8/7/2010,352
8/8/2010,352
8/9/2010,352
8/10/2010,352
8/11/2010,352
8/12/2010,352
8/13/2010,352
8/14/2010,352
8/15/2010,352
8/16/2010,512
8/17/2010,512
8/18/2010,512
8/19/2010,512
8/20/2010,512
8/21/2010,512
8/22/2010,512
8/23/2010,512
8/24/2010,512
8/25/2010,512
8/26/2010,512
8/27/2010,623
8/28/2010,623
8/29/2010,623
8/30/2010,623
8/31/2010,623
9/1/2010,623
9/2/2010,623
9/3/2010,623
9/4/2010,623
9/5/2010,623
9/6/2010,623
9/7/2010,623
9/8/2010,623
9/9/2010,713
9/10/2010,713
9/11/2010,713
9/12/2010,713
9/13/2010,713
9/14/2010,713
9/15/2010,713
9/16/2010,713
9/17/2010,713
9/18/2010,713
9/19/2010,713
9/20/2010,918
9/21/2010,918
9/22/2010,918
9/23/2010,918
9/24/2010,918
9/25/2010,918
9/26/2010,918
9/27/2010,918
9/28/2010,918
9/29/2010,1319
9/30/2010,1319
10/1/2010,1319
10/2/2010,1319
10/3/2010,1319
10/4/2010,1319
10/5/2010,1319
10/6/2010,1319
10/7/2010,1319
10/8/2010,1319
10/9/2010,1319
10/10/2010,1319
10/11/2010,1319
10/12/2010,1319
10/13/2010,1378
10/14/2010,1378
10/15/2010,1378
10/16/2010,1378
10/17/2010,1378
10/18/2010,1378
10/19/2010,1378
10/20/2010,1378
10/21/2010,1378
10/22/2010,2149
10/23/2010,2149
10/24/2010,2149
10/25/2010,2149
10/26/2010,2149
10/27/2010,2149
10/28/2010,2149
10/29/2010,2149
10/30/2010,2149
10/31/2010,3092
11/1/2010,3092
11/2/2010,3092
11/3/2010,3092
11/4/2010,3092
11/5/2010,3092
11/6/2010,3092
11/7/2010,3092
11/8/2010,3092
11/9/2010,3092
11/10/2010,4536
11/11/2010,4536
11/12/2010,4536
11/13/2010,4536
11/14/2010,4536
11/15/2010,4536
11/16/2010,4536
11/17/2010,4536
11/18/2010,4536
11/19/2010,6867
11/20/2010,6867
11/21/2010,6867
11/22/2010,6867
11/23/2010,6867
11/24/2010,6867
11/25/2010,6867
11/26/2010,6867
11/27/2010,6867
11/28/2010,6867
11/29/2010,6867
11/30/2010,6867
12/1/2010,8078
12/2/2010,8078
12/3/2010,8078
12/4/2010,8078
12/5/2010,8078
12/6/2010,8078
12/7/2010,8078
12/8/2010,8078
12/9/2010,8078
12/10/2010,12252
12/11/2010,12252
12/12/2010,12252
12/13/2010,12252
12/14/2010,12252
12/15/2010,12252
12/16/2010,12252
12/17/2010,12252
12/18/2010,12252
12/19/2010,12252
12/20/2010,12252
12/21/2010,12252
12/22/2010,14484
12/23/2010,14484
12/24/2010,14484
12/25/2010,14484
12/26/2010,14484
12/27/2010,14484
12/28/2010,14484
12/29/2010,14484
12/30/2010,14484
12/31/2010,14484
1/1/2011,14484
1/2/2011,14484
1/3/2011,14484
1/4/2011,16307
1/5/2011,16307
1/6/2011,16307
1/7/2011,16307
1/8/2011,16307
1/9/2011,16307
1/10/2011,16307
1/11/2011,16307
1/12/2011,16307
1/13/2011,16307
1/14/2011,16307
1/15/2011,16307
1/16/2011,18438
1/17/2011,18438
1/18/2011,18438
1/19/2011,18438
1/20/2011,18438
1/21/2011,18438
1/22/2011,18438
1/23/2011,18438
1/24/2011,18438
1/25/2011,18438
1/26/2011,18438
1/27/2011,18438
1/28/2011,22012
1/29/2011,22012
1/30/2011,22012
1/31/2011,22012
2/1/2011,22012
2/2/2011,22012
2/3/2011,22012
2/4/2011,22012
2/5/2011,22012
2/6/2011,22012
2/7/2011,22012
2/8/2011,22012
2/9/2011,25998
2/10/2011,25998
2/11/2011,25998
2/12/2011,25998
2/13/2011,25998
2/14/2011,25998
2/15/2011,25998
2/16/2011,25998
2/17/2011,25998
2/18/2011,25998
2/19/2011,36460
2/20/2011,36460
2/21/2011,36460
2/22/2011,36460
2/23/2011,36460
2/24/2011,36460
2/25/2011,36460
2/26/2011,36460
2/27/2011,36460
2/28/2011,55590
3/1/2011,55590
3/2/2011,55590
3/3/2011,55590
3/4/2011,55590
3/5/2011,55590
3/6/2011,55590
3/7/2011,55590
3/8/2011,55590
3/9/2011,55590
3/10/2011,76193
3/11/2011,76193
3/12/2011,76193
3/13/2011,76193
3/14/2011,76193
3/15/2011,76193
3/16/2011,76193
3/17/2011,76193
3/18/2011,76193
3/19/2011,76193
3/20/2011,76193
3/21/2011,76193
3/22/2011,76193
3/23/2011,76193
3/24/2011,76193
3/25/2011,76193
3/26/2011,68978
3/27/2011,68978
3/28/2011,68978
3/29/2011,68978
3/30/2011,68978
3/31/2011,68978
4/1/2011,68978
4/2/2011,68978
4/3/2011,68978
4/4/2011,68978
4/5/2011,68978
4/6/2011,82346
4/7/2011,82346
4/8/2011,82346
4/9/2011,82346
4/10/2011,82346
4/11/2011,82346
4/12/2011,82346
4/13/2011,82346
4/14/2011,82346
4/15/2011,82346
4/16/2011,82346
4/17/2011,82346
4/18/2011,82346
4/19/2011,92348
4/20/2011,92348
4/21/2011,92348
4/22/2011,92348
4/23/2011,92348
4/24/2011,92348
4/25/2011,92348
4/26/2011,92348
4/27/2011,92348
4/28/2011,92348
4/29/2011,92348
4/30/2011,92348
5/1/2011,109670
5/2/2011,109670
5/3/2011,109670
5/4/2011,109670
5/5/2011,109670
5/6/2011,109670
5/7/2011,109670
5/8/2011,109670
5/9/2011,109670
5/10/2011,157416
5/11/2011,157416
5/12/2011,157416
5/13/2011,157416
5/14/2011,157416
5/15/2011,157416
5/16/2011,157416
5/17/2011,157416
5/18/2011,157416
5/19/2011,244112
5/20/2011,244112
5/21/2011,244112
5/22/2011,244112
5/23/2011,244112
5/24/2011,244112
5/25/2011,244112
5/26/2011,244112
5/27/2011,434877
5/28/2011,434877
5/29/2011,434877
5/30/2011,434877
5/31/2011,434877
6/1/2011,434877
6/2/2011,434877
6/3/2011,434877
6/4/2011,434877
6/5/2011,434877
6/6/2011,434877
6/7/2011,567270
6/8/2011,567270
6/9/2011,567270
6/10/2011,567270
6/11/2011,567270
6/12/2011,567270
6/13/2011,567270
6/14/2011,567270
6/15/2011,567270
6/16/2011,876954
6/17/2011,876954
6/18/2011,876954
6/19/2011,876954
6/20/2011,876954
6/21/2011,876954
6/22/2011,876954
6/23/2011,876954
6/24/2011,876954
6/25/2011,1379192
6/26/2011,1379192
6/27/2011,1379192
6/28/2011,1379192
6/29/2011,1379192
6/30/2011,1379192
7/1/2011,1379192
7/2/2011,1379192
7/3/2011,1379192
7/4/2011,1379192
7/5/2011,1379192
7/6/2011,1379192
7/7/2011,1563028
7/8/2011,1563028
7/9/2011,1563028
7/10/2011,1563028
7/11/2011,1563028
7/12/2011,1563028
7/13/2011,1563028
7/14/2011,1563028
7/15/2011,1563028
7/16/2011,1563028
7/17/2011,1563028
7/18/2011,1563028
7/19/2011,1563028
7/20/2011,1690896
7/21/2011,1690896
7/22/2011,1690896
7/23/2011,1690896
7/24/2011,1690896
7/25/2011,1690896
7/26/2011,1690896
7/27/2011,1690896
7/28/2011,1690896
7/29/2011,1690896
7/30/2011,1690896
7/31/2011,1690896
8/1/2011,1690896
8/2/2011,1888787
8/3/2011,1888787
8/4/2011,1888787
8/5/2011,1888787
8/6/2011,1888787
8/7/2011,1888787
8/8/2011,1888787
8/9/2011,1888787
8/10/2011,1888787
8/11/2011,1888787
8/12/2011,1888787
8/13/2011,1888787
8/14/2011,1888787
8/15/2011,1888787
8/16/2011,1805701
8/17/2011,1805701
8/18/2011,1805701
8/19/2011,1805701
8/20/2011,1805701
8/21/2011,1805701
8/22/2011,1805701
8/23/2011,1805701
8/24/2011,1805701
8/25/2011,1805701
8/26/2011,1805701
8/27/2011,1805701
8/28/2011,1805701
8/29/2011,1805701
8/30/2011,1805701
8/31/2011,1777774
9/1/2011,1777774
9/2/2011,1777774
9/3/2011,1777774
9/4/2011,1777774
9/5/2011,1777774
9/6/2011,1777774
9/7/2011,1777774
9/8/2011,1777774
9/9/2011,1777774
9/10/2011,1777774
9/11/2011,1777774
9/12/2011,1777774
9/13/2011,1777774
9/14/2011,1755425
9/15/2011,1755425
9/16/2011,1755425
9/17/2011,1755425
9/18/2011,1755425
9/19/2011,1755425
9/20/2011,1755425
9/21/2011,1755425
9/22/2011,1755425
9/23/2011,1755425
9/24/2011,1755425
9/25/2011,1755425
9/26/2011,1755425
9/27/2011,1755425
9/28/2011,1689334
9/29/2011,1689334
9/30/2011,1689334
10/1/2011,1689334
10/2/2011,1689334
10/3/2011,1689334
10/4/2011,1689334
10/5/2011,1689334
10/6/2011,1689334
10/7/2011,1689334
10/8/2011,1689334
10/9/2011,1689334
10/10/2011,1689334
10/11/2011,1689334
10/12/2011,1689334
10/13/2011,1689334
10/14/2011,1689334
10/15/2011,1468195
10/16/2011,1468195
10/17/2011,1468195
10/18/2011,1468195
10/19/2011,1468195
10/20/2011,1468195
10/21/2011,1468195
10/22/2011,1468195
10/23/2011,1468195
10/24/2011,1468195
10/25/2011,1468195
10/26/2011,1468195
10/27/2011,1468195
10/28/2011,1468195
10/29/2011,1468195
10/30/2011,1468195
10/31/2011,1468195
11/1/2011,1203462
11/2/2011,1203462
11/3/2011,1203462
11/4/2011,1203462
11/5/2011,1203462
11/6/2011,1203462
11/7/2011,1203462
11/8/2011,1203462
11/9/2011,1203462
11/10/2011,1203462
11/11/2011,1203462
11/12/2011,1203462
11/13/2011,1203462
11/14/2011,1203462
11/15/2011,1192498
11/16/2011,1192498
11/17/2011,1192498
11/18/2011,1192498
11/19/2011,1192498
11/20/2011,1192498
11/21/2011,1192498
11/22/2011,1192498
11/23/2011,1192498
11/24/2011,1192498
11/25/2011,1192498
11/26/2011,1192498
11/27/2011,1192498
11/28/2011,1192498
11/29/2011,1192498
11/30/2011,1090716
12/1/2011,1090716
12/2/2011,1090716
12/3/2011,1090716
12/4/2011,1090716
12/5/2011,1090716
12/6/2011,1090716
12/7/2011,1090716
12/8/2011,1090716
12/9/2011,1090716
12/10/2011,1090716
12/11/2011,1090716
12/12/2011,1090716
12/13/2011,1155038
12/14/2011,1155038
12/15/2011,1155038
12/16/2011,1155038
12/17/2011,1155038
12/18/2011,1155038
12/19/2011,1155038
12/20/2011,1155038
12/21/2011,1155038
12/22/2011,1155038
12/23/2011,1155038
12/24/2011,1155038
12/25/2011,1155038
12/26/2011,1155038
12/27/2011,1159929
12/28/2011,1159929
12/29/2011,1159929
12/30/2011,1159929
12/31/2011,1159929
1/1/2012,1159929
1/2/2012,1159929
1/3/2012,1159929
1/4/2012,1159929
1/5/2012,1159929
1/6/2012,1159929
1/7/2012,1159929
1/8/2012,1159929
1/9/2012,1250758
1/10/2012,1250758
1/11/2012,1250758
1/12/2012,1250758
1/13/2012,1250758
1/14/2012,1250758
1/15/2012,1250758
1/16/2012,1250758
1/17/2012,1250758
1/18/2012,1250758
1/19/2012,1250758
1/20/2012,1250758
1/21/2012,1250758
1/22/2012,1250758
1/23/2012,1307728
1/24/2012,1307728
1/25/2012,1307728
1/26/2012,1307728
1/27/2012,1307728
1/28/2012,1307728
1/29/2012,1307728
1/30/2012,1307728
1/31/2012,1307728
2/1/2012,1307728
2/2/2012,1307728
2/3/2012,1307728
2/4/2012,1307728
2/5/2012,1379647
2/6/2012,1379647
2/7/2012,1379647
2/8/2012,1379647
2/9/2012,1379647
2/10/2012,1379647
2/11/2012,1379647
2/12/2012,1379647
2/13/2012,1379647
2/14/2012,1379647
2/15/2012,1379647
2/16/2012,1379647
2/17/2012,1379647
2/18/2012,1379647
2/19/2012,1376302
2/20/2012,1376302
2/21/2012,1376302
2/22/2012,1376302
2/23/2012,1376302
2/24/2012,1376302
2/25/2012,1376302
2/26/2012,1376302
2/27/2012,1376302
2/28/2012,1376302
2/29/2012,1376302
3/1/2012,1376302
3/2/2012,1376302
3/3/2012,1496979
3/4/2012,1496979
3/5/2012,1496979
3/6/2012,1496979
3/7/2012,1496979
3/8/2012,1496979
3/9/2012,1496979
3/10/2012,1496979
3/11/2012,1496979
3/12/2012,1496979
3/13/2012,1496979
3/14/2012,1496979
3/15/2012,1496979
3/16/2012,1496979
3/17/2012,1498294
3/18/2012,1498294
3/19/2012,1498294
3/20/2012,1498294
3/21/2012,1498294
3/22/2012,1498294
3/23/2012,1498294
3/24/2012,1498294
3/25/2012,1498294
3/26/2012,1498294
3/27/2012,1498294
3/28/2012,1498294
3/29/2012,1498294
3/30/2012,1626553
3/31/2012,1626553
4/1/2012,1626553
4/2/2012,1626553
4/3/2012,1626553
4/4/2012,1626553
4/5/2012,1626553
4/6/2012,1626553
4/7/2012,1626553
4/8/2012,1626553
4/9/2012,1626553
4/10/2012,1626553
4/11/2012,1626553
4/12/2012,1626553
4/13/2012,1577913
4/14/2012,1577913
4/15/2012,1577913
4/16/2012,1577913
4/17/2012,1577913
4/18/2012,1577913
4/19/2012,1577913
4/20/2012,1577913
4/21/2012,1577913
4/22/2012,1577913
4/23/2012,1577913
4/24/2012,1577913
4/25/2012,1577913
4/26/2012,1577913
4/27/2012,1577913
4/28/2012,1508590
4/29/2012,1508590
4/30/2012,1508590
5/1/2012,1508590
5/2/2012,1508590
5/3/2012,1508590
5/4/2012,1508590
5/5/2012,1508590
5/6/2012,1508590
5/7/2012,1508590
5/8/2012,1508590
5/9/2012,1508590
5/10/2012,1733208
5/11/2012,1733208
5/12/2012,1733208
5/13/2012,1733208
5/14/2012,1733208
5/15/2012,1733208
5/16/2012,1733208
5/17/2012,1733208
5/18/2012,1733208
5/19/2012,1733208
5/20/2012,1733208
5/21/2012,1733208
5/22/2012,1733208
5/23/2012,1733208
5/24/2012,1733208
5/25/2012,1591075
5/26/2012,1591075
5/27/2012,1591075
5/28/2012,1591075
5/29/2012,1591075
5/30/2012,1591075
5/31/2012,1591075
6/1/2012,1591075
6/2/2012,1591075
6/3/2012,1591075
6/4/2012,1591075
6/5/2012,1591075
6/6/2012,1591075
6/7/2012,1591075
6/8/2012,1583178
6/9/2012,1583178
6/10/2012,1583178
6/11/2012,1583178
6/12/2012,1583178
6/13/2012,1583178
6/14/2012,1583178
6/15/2012,1583178
6/16/2012,1583178
6/17/2012,1583178
6/18/2012,1583178
6/19/2012,1583178
6/20/2012,1583178
6/21/2012,1726567
6/22/2012,1726567
6/23/2012,1726567
6/24/2012,1726567
6/25/2012,1726567
6/26/2012,1726567
6/27/2012,1726567
6/28/2012,1726567
6/29/2012,1726567
6/30/2012,1726567
7/1/2012,1726567
7/2/2012,1726567
7/3/2012,1726567
7/4/2012,1726567
7/5/2012,1751455
7/6/2012,1751455
7/7/2012,1751455
7/8/2012,1751455
7/9/2012,1751455
7/10/2012,1751455
7/11/2012,1751455
7/12/2012,1751455
7/13/2012,1751455
7/14/2012,1751455
7/15/2012,1751455
7/16/2012,1751455
7/17/2012,1751455
7/18/2012,1866391
7/19/2012,1866391
7/20/2012,1866391
7/21/2012,1866391
7/22/2012,1866391
7/23/2012,1866391
7/24/2012,1866391
7/25/2012,1866391
7/26/2012,1866391
7/27/2012,1866391
7/28/2012,1866391
7/29/2012,1866391
7/30/2012,1866391
7/31/2012,2036671
8/1/2012,2036671
8/2/2012,2036671
8/3/2012,2036671
8/4/2012,2036671
8/5/2012,2036671
8/6/2012,2036671
8/7/2012,2036671
8/8/2012,2036671
8/9/2012,2036671
8/10/2012,2036671
8/11/2012,2036671
8/12/2012,2036671
8/13/2012,2190866
8/14/2012,2190866
8/15/2012,2190866
8/16/2012,2190866
8/17/2012,2190866
8/18/2012,2190866
8/19/2012,2190866
8/20/2012,2190866
8/21/2012,2190866
8/22/2012,2190866
8/23/2012,2190866
8/24/2012,2190866
8/25/2012,2190866
8/26/2012,2440643
8/27/2012,2440643
8/28/2012,2440643
8/29/2012,2440643
8/30/2012,2440643
8/31/2012,2440643
9/1/2012,2440643
9/2/2012,2440643
9/3/2012,2440643
9/4/2012,2440643
9/5/2012,2440643
9/6/2012,2440643
9/7/2012,2694048
9/8/2012,2694048
9/9/2012,2694048
9/10/2012,2694048
9/11/2012,2694048
9/12/2012,2694048
9/13/2012,2694048
9/14/2012,2694048
9/15/2012,2694048
9/16/2012,2694048
9/17/2012,2694048
9/18/2012,2694048
9/19/2012,2694048
9/20/2012,2864141
9/21/2012,2864141
9/22/2012,2864141
9/23/2012,2864141
9/24/2012,2864141
9/25/2012,2864141
9/26/2012,2864141
9/27/2012,2864141
9/28/2012,2864141
9/29/2012,2864141
9/30/2012,2864141
10/1/2012,2864141
10/2/2012,2864141
10/3/2012,2864141
10/4/2012,3054628
10/5/2012,3054628
10/6/2012,3054628
10/7/2012,3054628
10/8/2012,3054628
10/9/2012,3054628
10/10/2012,3054628
10/11/2012,3054628
10/12/2012,3054628
10/13/2012,3054628
10/14/2012,3054628
10/15/2012,3054628
10/16/2012,3054628
10/17/2012,3072322
10/18/2012,3072322
10/19/2012,3072322
10/20/2012,3072322
10/21/2012,3072322
10/22/2012,3072322
10/23/2012,3072322
10/24/2012,3072322
10/25/2012,3072322
10/26/2012,3072322
10/27/2012,3072322
10/28/2012,3072322
10/29/2012,3072322
10/30/2012,3304356
10/31/2012,3304356
11/1/2012,3304356
11/2/2012,3304356
11/3/2012,3304356
11/4/2012,3304356
11/5/2012,3304356
11/6/2012,3304356
11/7/2012,3304356
11/8/2012,3304356
11/9/2012,3304356
11/10/2012,3304356
11/11/2012,3304356
11/12/2012,3304356
11/13/2012,3368767
11/14/2012,3368767
11/15/2012,3368767
11/16/2012,3368767
11/17/2012,3368767
11/18/2012,3368767
11/19/2012,3368767
11/20/2012,3368767
11/21/2012,3368767
11/22/2012,3368767
11/23/2012,3368767
11/24/2012,3368767
11/25/2012,3368767
11/26/2012,3368767
11/27/2012,3438909
11/28/2012,3438909
11/29/2012,3438909
11/30/2012,3438909
12/1/2012,3438909
12/2/2012,3438909
12/3/2012,3438909
12/4/2012,3438909
12/5/2012,3438909
12/6/2012,3438909
12/7/2012,3438909
12/8/2012,3438909
12/9/2012,3438909
12/10/2012,3438909
12/11/2012,3370182
12/12/2012,3370182
12/13/2012,3370182
12/14/2012,3370182
12/15/2012,3370182
12/16/2012,3370182
12/17/2012,3370182
12/18/2012,3370182
12/19/2012,3370182
12/20/2012,3370182
12/21/2012,3370182
12/22/2012,3370182
12/23/2012,3370182
12/24/2012,3370182
12/25/2012,3370182
12/26/2012,3370182
12/27/2012,2979637
12/28/2012,2979637
12/29/2012,2979637
12/30/2012,2979637
12/31/2012,2979637
1/1/2013,2979637
1/2/2013,2979637
1/3/2013,2979637
1/4/2013,2979637
1/5/2013,2979637
1/6/2013,2979637
1/7/2013,2979637
1/8/2013,2979637
1/9/2013,3249550
1/10/2013,3249550
1/11/2013,3249550
1/12/2013,3249550
1/13/2013,3249550
1/14/2013,3249550
1/15/2013,3249550
1/16/2013,3249550
1/17/2013,3249550
1/18/2013,3249550
1/19/2013,3249550
1/20/2013,3249550
1/21/2013,3249550
1/22/2013,3249550
1/23/2013,3249550
1/24/2013,2968775
1/25/2013,2968775
1/26/2013,2968775
1/27/2013,2968775
1/28/2013,2968775
1/29/2013,2968775
1/30/2013,2968775
1/31/2013,2968775
2/1/2013,2968775
2/2/2013,2968775
2/3/2013,2968775
2/4/2013,2968775
2/5/2013,2968775
2/6/2013,3275465
2/7/2013,3275465
2/8/2013,3275465
2/9/2013,3275465
2/10/2013,3275465
2/11/2013,3275465
2/12/2013,3275465
2/13/2013,3275465
2/14/2013,3275465
2/15/2013,3275465
2/16/2013,3275465
2/17/2013,3275465
2/18/2013,3275465
2/19/2013,3651012
2/20/2013,3651012
2/21/2013,3651012
2/22/2013,3651012
2/23/2013,3651012
2/24/2013,3651012
2/25/2013,3651012
2/26/2013,3651012
2/27/2013,3651012
2/28/2013,3651012
3/1/2013,3651012
3/2/2013,4367876
3/3/2013,4367876
3/4/2013,4367876
3/5/2013,4367876
3/6/2013,4367876
3/7/2013,4367876
3/8/2013,4367876
3/9/2013,4367876
3/10/2013,4367876
3/11/2013,4367876
3/12/2013,4367876
3/13/2013,4367876
3/14/2013,4367876
3/15/2013,4847647
3/16/2013,4847647
3/17/2013,4847647
3/18/2013,4847647
3/19/2013,4847647
3/20/2013,4847647
3/21/2013,4847647
3/22/2013,4847647
3/23/2013,4847647
3/24/2013,4847647
3/25/2013,6695826
3/26/2013,6695826
3/27/2013,6695826
3/28/2013,6695826
3/29/2013,6695826
3/30/2013,6695826
3/31/2013,6695826
4/1/2013,6695826
4/2/2013,6695826
4/3/2013,6695826
4/4/2013,6695826
4/5/2013,6695826
4/6/2013,7673000
4/7/2013,7673000
4/8/2013,7673000
4/9/2013,7673000
4/10/2013,7673000
4/11/2013,7673000
4/12/2013,7673000
4/13/2013,7673000
4/14/2013,7673000
4/15/2013,7673000
4/16/2013,7673000
4/17/2013,7673000
4/18/2013,8974296
4/19/2013,8974296
4/20/2013,8974296
4/21/2013,8974296
4/22/2013,8974296
4/23/2013,8974296
4/24/2013,8974296
4/25/2013,8974296
4/26/2013,8974296
4/27/2013,8974296
4/28/2013,8974296
4/29/2013,8974296
4/30/2013,8974296
5/1/2013,10076293
5/2/2013,10076293
5/3/2013,10076293
5/4/2013,10076293
5/5/2013,10076293
5/6/2013,10076293
5/7/2013,10076293
5/8/2013,10076293
5/9/2013,10076293
5/10/2013,10076293
5/11/2013,10076293
5/12/2013,10076293
5/13/2013,11187257
5/14/2013,11187257
5/15/2013,11187257
5/16/2013,11187257
5/17/2013,11187257
5/18/2013,11187257
5/19/2013,11187257
5/20/2013,11187257
5/21/2013,11187257
5/22/2013,11187257
5/23/2013,11187257
5/24/2013,11187257
5/25/2013,11187257
5/26/2013,12153412
5/27/2013,12153412
5/28/2013,12153412
5/29/2013,12153412
5/30/2013,12153412
5/31/2013,12153412
6/1/2013,12153412
6/2/2013,12153412
6/3/2013,12153412
6/4/2013,12153412
6/5/2013,12153412
6/6/2013,15605633
6/7/2013,15605633
6/8/2013,15605633
6/9/2013,15605633
6/10/2013,15605633
6/11/2013,15605633
6/12/2013,15605633
6/13/2013,15605633
6/14/2013,15605633
6/15/2013,15605633
6/16/2013,15605633
6/17/2013,19339258
6/18/2013,19339258
6/19/2013,19339258
6/20/2013,19339258
6/21/2013,19339258
6/22/2013,19339258
6/23/2013,19339258
6/24/2013,19339258
6/25/2013,19339258
6/26/2013,19339258
6/27/2013,19339258
6/28/2013,19339258
6/29/2013,19339258
6/30/2013,21335329
7/1/2013,21335329
7/2/2013,21335329
7/3/2013,21335329
7/4/2013,21335329
7/5/2013,21335329
7/6/2013,21335329
7/7/2013,21335329
7/8/2013,21335329
7/9/2013,21335329
7/10/2013,21335329
7/11/2013,26162876
7/12/2013,26162876
7/13/2013,26162876
7/14/2013,26162876
7/15/2013,26162876
7/16/2013,26162876
7/17/2013,26162876
7/18/2013,26162876
7/19/2013,26162876
7/20/2013,26162876
7/21/2013,26162876
7/22/2013,26162876
7/23/2013,31256961
7/24/2013,31256961
7/25/2013,31256961
7/26/2013,31256961
7/27/2013,31256961
7/28/2013,31256961
7/29/2013,31256961
7/30/2013,31256961
7/31/2013,31256961
8/1/2013,31256961
8/2/2013,31256961
8/3/2013,31256961
8/4/2013,37392766
8/5/2013,37392766
8/6/2013,37392766
8/7/2013,37392766
8/8/2013,37392766
8/9/2013,37392766
8/10/2013,37392766
8/11/2013,37392766
8/12/2013,37392766
8/13/2013,37392766
8/14/2013,50810339
8/15/2013,50810339
8/16/2013,50810339
8/17/2013,50810339
8/18/2013,50810339
8/19/2013,50810339
8/20/2013,50810339
8/21/2013,50810339
8/22/2013,50810339
8/23/2013,50810339
8/24/2013,50810339
8/25/2013,65750060
8/26/2013,65750060
8/27/2013,65750060
8/28/2013,65750060
8/29/2013,65750060
8/30/2013,65750060
8/31/2013,65750060
9/1/2013,65750060
9/2/2013,65750060
9/3/2013,65750060
9/4/2013,65750060
9/5/2013,86933018
9/6/2013,86933018
9/7/2013,86933018
9/8/2013,86933018
9/9/2013,86933018
9/10/2013,86933018
9/11/2013,86933018
9/12/2013,86933018
9/13/2013,86933018
9/14/2013,86933018
9/15/2013,112628549
9/16/2013,112628549
9/17/2013,112628549
9/18/2013,112628549
9/19/2013,112628549
9/20/2013,112628549
9/21/2013,112628549
9/22/2013,112628549
9/23/2013,112628549
9/24/2013,112628549
9/25/2013,112628549
9/26/2013,148819200
9/27/2013,148819200
9/28/2013,148819200
9/29/2013,148819200
9/30/2013,148819200
10/1/2013,148819200
10/2/2013,148819200
10/3/2013,148819200
10/4/2013,148819200
10/5/2013,148819200
10/6/2013,148819200
10/7/2013,189281249
10/8/2013,189281249
10/9/2013,189281249
10/10/2013,189281249
10/11/2013,189281249
10/12/2013,189281249
10/13/2013,189281249
10/14/2013,189281249
10/15/2013,189281249
10/16/2013,189281249
10/17/2013,267731249
10/18/2013,267731249
10/19/2013,267731249
10/20/2013,267731249
10/21/2013,267731249
10/22/2013,267731249
10/23/2013,267731249
10/24/2013,267731249
10/25/2013,267731249
10/26/2013,267731249
10/27/2013,390928788
10/28/2013,390928788
10/29/2013,390928788
10/30/2013,390928788
10/31/2013,390928788
11/1/2013,390928788
11/2/2013,390928788
11/3/2013,390928788
11/4/2013,390928788
11/5/2013,390928788
11/6/2013,510929738
11/7/2013,510929738
11/8/2013,510929738
11/9/2013,510929738
11/10/2013,510929738
11/11/2013,510929738
11/12/2013,510929738
11/13/2013,510929738
11/14/2013,510929738
11/15/2013,510929738
11/16/2013,510929738
11/17/2013,510929738
11/18/2013,609482680
11/19/2013,609482680
11/20/2013,609482680
11/21/2013,609482680
11/22/2013,609482680
11/23/2013,609482680
11/24/2013,609482680
11/25/2013,609482680
11/26/2013,609482680
11/27/2013,609482680
11/28/2013,609482680
11/29/2013,609482680
11/30/2013,707408283
12/1/2013,707408283
12/2/2013,707408283
12/3/2013,707408283
12/4/2013,707408283
12/5/2013,707408283
12/6/2013,707408283
12/7/2013,707408283
12/8/2013,707408283
12/9/2013,707408283
12/10/2013,707408283
12/11/2013,908350862
12/12/2013,908350862
12/13/2013,908350862
12/14/2013,908350862
12/15/2013,908350862
12/16/2013,908350862
12/17/2013,908350862
12/18/2013,908350862
12/19/2013,908350862
12/20/2013,908350862
12/21/2013,908350862
12/22/2013,1180923195
12/23/2013,1180923195
12/24/2013,1180923195
12/25/2013,1180923195
12/26/2013,1180923195
12/27/2013,1180923195
12/28/2013,1180923195
12/29/2013,1180923195
12/30/2013,1180923195
12/31/2013,1180923195
1/1/2014,1180923195
1/2/2014,1180923195
1/3/2014,1418481395
1/4/2014,1418481395
1/5/2014,1418481395
1/6/2014,1418481395
1/7/2014,1418481395
1/8/2014,1418481395
1/9/2014,1418481395
1/10/2014,1418481395
1/11/2014,1418481395
1/12/2014,1418481395
1/13/2014,1418481395
1/14/2014,1789546951
1/15/2014,1789546951
1/16/2014,1789546951
1/17/2014,1789546951
1/18/2014,1789546951
1/19/2014,1789546951
1/20/2014,1789546951
1/21/2014,1789546951
1/22/2014,1789546951
1/23/2014,1789546951
1/24/2014,1789546951
1/25/2014,2193847870
1/26/2014,2193847870
1/27/2014,2193847870
1/28/2014,2193847870
1/29/2014,2193847870
1/30/2014,2193847870
1/31/2014,2193847870
2/1/2014,2193847870
2/2/2014,2193847870
2/3/2014,2193847870
2/4/2014,2193847870
2/5/2014,2193847870
2/6/2014,2621404453
2/7/2014,2621404453
2/8/2014,2621404453
2/9/2014,2621404453
2/10/2014,2621404453
2/11/2014,2621404453
2/12/2014,2621404453
2/13/2014,2621404453
2/14/2014,2621404453
2/15/2014,2621404453
2/16/2014,2621404453
2/17/2014,3129573175
2/18/2014,3129573175
2/19/2014,3129573175
2/20/2014,3129573175
2/21/2014,3129573175
2/22/2014,3129573175
2/23/2014,3129573175
2/24/2014,3129573175
2/25/2014,3129573175
2/26/2014,3129573175
2/27/2014,3129573175
2/28/2014,3129573175
3/1/2014,3815723799
3/2/2014,3815723799
3/3/2014,3815723799
3/4/2014,3815723799
3/5/2014,3815723799
3/6/2014,3815723799
3/7/2014,3815723799
3/8/2014,3815723799
3/9/2014,3815723799
3/10/2014,3815723799
3/11/2014,3815723799
3/12/2014,3815723799
3/13/2014,3815723799
3/14/2014,4250217920
3/15/2014,4250217920
3/16/2014,4250217920
3/17/2014,4250217920
3/18/2014,4250217920
3/19/2014,4250217920
3/20/2014,4250217920
3/21/2014,4250217920
3/22/2014,4250217920
3/23/2014,4250217920
3/24/2014,4250217920
3/25/2014,5006860589
3/26/2014,5006860589
3/27/2014,5006860589
3/28/2014,5006860589
3/29/2014,5006860589
3/30/2014,5006860589
3/31/2014,5006860589
4/1/2014,5006860589
4/2/2014,5006860589
4/3/2014,5006860589
4/4/2014,5006860589
4/5/2014,5006860589
4/6/2014,6119726089
4/7/2014,6119726089
4/8/2014,6119726089
4/9/2014,6119726089
4/10/2014,6119726089
4/11/2014,6119726089
4/12/2014,6119726089
4/13/2014,6119726089
4/14/2014,6119726089
4/15/2014,6119726089
4/16/2014,6119726089
4/17/2014,6119726089
4/18/2014,6978842650
4/19/2014,6978842650
4/20/2014,6978842650
4/21/2014,6978842650
4/22/2014,6978842650
4/23/2014,6978842650
4/24/2014,6978842650
4/25/2014,6978842650
4/26/2014,6978842650
4/27/2014,6978842650
4/28/2014,6978842650
4/29/2014,6978842650
4/30/2014,8000872136
5/1/2014,8000872136
5/2/2014,8000872136
5/3/2014,8000872136
5/4/2014,8000872136
5/5/2014,8000872136
5/6/2014,8000872136
5/7/2014,8000872136
5/8/2014,8000872136
5/9/2014,8000872136
5/10/2014,8000872136
5/11/2014,8000872136
5/12/2014,8000872136
5/13/2014,8853416309
5/14/2014,8853416309
5/15/2014,8853416309
5/16/2014,8853416309
5/17/2014,8853416309
5/18/2014,8853416309
5/19/2014,8853416309
5/20/2014,8853416309
5/21/2014,8853416309
5/22/2014,8853416309
5/23/2014,8853416309
5/24/2014,8853416309
5/25/2014,10455720138
5/26/2014,10455720138
5/27/2014,10455720138
5/28/2014,10455720138
5/29/2014,10455720138
5/30/2014,10455720138
5/31/2014,10455720138
6/1/2014,10455720138
6/2/2014,10455720138
6/3/2014,10455720138
6/4/2014,10455720138
6/5/2014,10455720138
6/6/2014,11756551917
6/7/2014,11756551917
6/8/2014,11756551917
6/9/2014,11756551917
6/10/2014,11756551917
6/11/2014,11756551917
6/12/2014,11756551917
6/13/2014,11756551917
6/14/2014,11756551917
6/15/2014,11756551917
6/16/2014,11756551917
6/17/2014,11756551917
6/18/2014,11756551917
6/19/2014,13462580115
6/20/2014,13462580115
6/21/2014,13462580115
6/22/2014,13462580115
6/23/2014,13462580115
6/24/2014,13462580115
6/25/2014,13462580115
6/26/2014,13462580115
6/27/2014,13462580115
6/28/2014,13462580115
6/29/2014,13462580115
6/30/2014,16818461371
7/1/2014,16818461371
7/2/2014,16818461371
7/3/2014,16818461371
7/4/2014,16818461371
7/5/2014,16818461371
7/6/2014,16818461371
7/7/2014,16818461371
7/8/2014,16818461371
7/9/2014,16818461371
7/10/2014,16818461371
7/11/2014,16818461371
7/12/2014,16818461371
7/13/2014,17336316979
7/14/2014,17336316979
7/15/2014,17336316979
7/16/2014,17336316979
7/17/2014,17336316979
7/18/2014,17336316979
7/19/2014,17336316979
7/20/2014,17336316979
7/21/2014,17336316979
7/22/2014,17336316979
7/23/2014,17336316979
7/24/2014,17336316979
7/25/2014,17336316979
7/26/2014,18736441558
7/27/2014,18736441558
7/28/2014,18736441558
7/29/2014,18736441558
7/30/2014,18736441558
7/31/2014,18736441558
8/1/2014,18736441558
8/2/2014,18736441558
8/3/2014,18736441558
8/4/2014,18736441558
8/5/2014,18736441558
8/6/2014,18736441558
8/7/2014,18736441558
8/8/2014,18736441558
8/9/2014,19729645941
8/10/2014,19729645941
8/11/2014,19729645941
8/12/2014,19729645941
8/13/2014,19729645941
8/14/2014,19729645941
8/15/2014,19729645941
8/16/2014,19729645941
8/17/2014,19729645941
8/18/2014,19729645941
8/19/2014,19729645941
8/20/2014,23844670039
8/21/2014,23844670039
8/22/2014,23844670039
8/23/2014,23844670039
8/24/2014,23844670039
8/25/2014,23844670039
8/26/2014,23844670039
8/27/2014,23844670039
8/28/2014,23844670039
8/29/2014,23844670039
8/30/2014,23844670039
8/31/2014,23844670039
9/1/2014,27428630902
9/2/2014,27428630902
9/3/2014,27428630902
9/4/2014,27428630902
9/5/2014,27428630902
9/6/2014,27428630902
9/7/2014,27428630902
9/8/2014,27428630902
9/9/2014,27428630902
9/10/2014,27428630902
9/11/2014,27428630902
9/12/2014,27428630902
9/13/2014,27428630902
9/14/2014,29829733124
9/15/2014,29829733124
9/16/2014,29829733124
9/17/2014,29829733124
9/18/2014,29829733124
9/19/2014,29829733124
9/20/2014,29829733124
9/21/2014,29829733124
9/22/2014,29829733124
9/23/2014,29829733124
9/24/2014,29829733124
9/25/2014,29829733124
9/26/2014,34661425924
9/27/2014,34661425924
9/28/2014,34661425924
9/29/2014,34661425924
9/30/2014,34661425924
10/1/2014,34661425924
10/2/2014,34661425924
10/3/2014,34661425924
10/4/2014,34661425924
10/5/2014,34661425924
10/6/2014,34661425924
10/7/2014,34661425924
10/8/2014,34661425924
10/9/2014,34661425924
10/10/2014,35002482026
10/11/2014,35002482026
10/12/2014,35002482026
10/13/2014,35002482026
10/14/2014,35002482026
10/15/2014,35002482026
10/16/2014,35002482026
10/17/2014,35002482026
10/18/2014,35002482026
10/19/2014,35002482026
10/20/2014,35002482026
10/21/2014,35002482026
10/22/2014,35002482026
10/23/2014,35002482026
10/24/2014,35985640265
10/25/2014,35985640265
10/26/2014,35985640265
10/27/2014,35985640265
10/28/2014,35985640265
10/29/2014,35985640265
10/30/2014,35985640265
10/31/2014,35985640265
11/1/2014,35985640265
11/2/2014,35985640265
11/3/2014,35985640265
11/4/2014,35985640265
11/5/2014,35985640265
11/6/2014,39603666252
11/7/2014,39603666252
11/8/2014,39603666252
11/9/2014,39603666252
11/10/2014,39603666252
11/11/2014,39603666252
11/12/2014,39603666252
11/13/2014,39603666252
11/14/2014,39603666252
11/15/2014,39603666252
11/16/2014,39603666252
11/17/2014,39603666252
11/18/2014,39603666252
11/19/2014,40300030328
11/20/2014,40300030328
11/21/2014,40300030328
11/22/2014,40300030328
11/23/2014,40300030328
11/24/2014,40300030328
11/25/2014,40300030328
11/26/2014,40300030328
11/27/2014,40300030328
11/28/2014,40300030328
11/29/2014,40300030328
11/30/2014,40300030328
12/1/2014,40300030328
12/2/2014,40300030328
12/3/2014,40007470271
12/4/2014,40007470271
12/5/2014,40007470271
12/6/2014,40007470271
12/7/2014,40007470271
12/8/2014,40007470271
12/9/2014,40007470271
12/10/2014,40007470271
12/11/2014,40007470271
12/12/2014,40007470271
12/13/2014,40007470271
12/14/2014,40007470271
12/15/2014,40007470271
12/16/2014,40007470271
12/17/2014,40007470271
12/18/2014,39457671307
12/19/2014,39457671307
12/20/2014,39457671307
12/21/2014,39457671307
12/22/2014,39457671307
12/23/2014,39457671307
12/24/2014,39457671307
12/25/2014,39457671307
12/26/2014,39457671307
12/27/2014,39457671307
12/28/2014,39457671307
12/29/2014,39457671307
12/30/2014,39457671307
12/31/2014,40640955017
1/1/2015,40640955017
1/2/2015,40640955017
1/3/2015,40640955017
1/4/2015,40640955017
1/5/2015,40640955017
1/6/2015,40640955017
1/7/2015,40640955017
1/8/2015,40640955017
1/9/2015,40640955017
1/10/2015,40640955017
1/11/2015,40640955017
1/12/2015,40640955017
1/13/2015,43971662056
1/14/2015,43971662056
1/15/2015,43971662056
1/16/2015,43971662056
1/17/2015,43971662056
1/18/2015,43971662056
1/19/2015,43971662056
1/20/2015,43971662056
1/21/2015,43971662056
1/22/2015,43971662056
1/23/2015,43971662056
1/24/2015,43971662056
1/25/2015,43971662056
1/26/2015,43971662056
1/27/2015,43971662056
1/28/2015,41272873895
1/29/2015,41272873895
1/30/2015,41272873895
1/31/2015,41272873895
2/1/2015,41272873895
2/2/2015,41272873895
2/3/2015,41272873895
2/4/2015,41272873895
2/5/2015,41272873895
2/6/2015,41272873895
2/7/2015,41272873895
2/8/2015,41272873895
2/9/2015,41272873895
2/10/2015,44455415962
2/11/2015,44455415962
2/12/2015,44455415962
2/13/2015,44455415962
2/14/2015,44455415962
2/15/2015,44455415962
2/16/2015,44455415962
2/17/2015,44455415962
2/18/2015,44455415962
2/19/2015,44455415962
2/20/2015,44455415962
2/21/2015,44455415962
2/22/2015,44455415962
2/23/2015,46684376317
2/24/2015,46684376317
2/25/2015,46684376317
2/26/2015,46684376317
2/27/2015,46684376317
2/28/2015,46684376317
3/1/2015,46684376317
3/2/2015,46684376317
3/3/2015,46684376317
3/4/2015,46684376317
3/5/2015,46684376317
3/6/2015,46684376317
3/7/2015,46684376317
3/8/2015,46684376317
3/9/2015,47427554951
3/10/2015,47427554951
3/11/2015,47427554951
3/12/2015,47427554951
3/13/2015,47427554951
3/14/2015,47427554951
3/15/2015,47427554951
3/16/2015,47427554951
3/17/2015,47427554951
3/18/2015,47427554951
3/19/2015,47427554951
3/20/2015,47427554951
3/21/2015,47427554951
3/22/2015,47427554951
3/23/2015,46717549645
3/24/2015,46717549645
3/25/2015,46717549645
3/26/2015,46717549645
3/27/2015,46717549645
3/28/2015,46717549645
3/29/2015,46717549645
3/30/2015,46717549645
3/31/2015,46717549645
4/1/2015,46717549645
4/2/2015,46717549645
4/3/2015,46717549645
4/4/2015,46717549645
4/5/2015,46717549645
4/6/2015,49446390688
4/7/2015,49446390688
4/8/2015,49446390688
4/9/2015,49446390688
4/10/2015,49446390688
4/11/2015,49446390688
4/12/2015,49446390688
4/13/2015,49446390688
4/14/2015,49446390688
4/15/2015,49446390688
4/16/2015,49446390688
4/17/2015,49446390688
4/18/2015,49446390688
4/19/2015,49446390688
4/20/2015,47610564513
4/21/2015,47610564513
4/22/2015,47610564513
4/23/2015,47610564513
4/24/2015,47610564513
4/25/2015,47610564513
4/26/2015,47610564513
4/27/2015,47610564513
4/28/2015,47610564513
4/29/2015,47610564513
4/30/2015,47610564513
5/1/2015,47610564513
5/2/2015,47610564513
5/3/2015,47610564513
5/4/2015,47643398018
5/5/2015,47643398018
5/6/2015,47643398018
5/7/2015,47643398018
5/8/2015,47643398018
5/9/2015,47643398018
5/10/2015,47643398018
5/11/2015,47643398018
5/12/2015,47643398018
5/13/2015,47643398018
5/14/2015,47643398018
5/15/2015,47643398018
5/16/2015,47643398018
5/17/2015,47643398018
5/18/2015,48807487245
5/19/2015,48807487245
5/20/2015,48807487245
5/21/2015,48807487245
5/22/2015,48807487245
5/23/2015,48807487245
5/24/2015,48807487245
5/25/2015,48807487245
5/26/2015,48807487245
5/27/2015,48807487245
5/28/2015,48807487245
5/29/2015,48807487245
5/30/2015,48807487245
5/31/2015,48807487245
6/1/2015,47589591154
6/2/2015,47589591154
6/3/2015,47589591154
6/4/2015,47589591154
6/5/2015,47589591154
6/6/2015,47589591154
6/7/2015,47589591154
6/8/2015,47589591154
6/9/2015,47589591154
6/10/2015,47589591154
6/11/2015,47589591154
6/12/2015,47589591154
6/13/2015,47589591154
6/14/2015,47589591154
6/15/2015,49692386355
6/16/2015,49692386355
6/17/2015,49692386355
6/18/2015,49692386355
6/19/2015,49692386355
6/20/2015,49692386355
6/21/2015,49692386355
6/22/2015,49692386355
6/23/2015,49692386355
6/24/2015,49692386355
6/25/2015,49692386355
6/26/2015,49692386355
6/27/2015,49692386355
6/28/2015,49692386355
6/29/2015,49402014931
6/30/2015,49402014931
7/1/2015,49402014931
7/2/2015,49402014931
7/3/2015,49402014931
7/4/2015,49402014931
7/5/2015,49402014931
7/6/2015,49402014931
7/7/2015,49402014931
7/8/2015,49402014931
7/9/2015,49402014931
7/10/2015,49402014931
7/11/2015,49402014931
7/12/2015,51076366303
7/13/2015,51076366303
7/14/2015,51076366303
7/15/2015,51076366303
7/16/2015,51076366303
7/17/2015,51076366303
7/18/2015,51076366303
7/19/2015,51076366303
7/20/2015,51076366303
7/21/2015,51076366303
7/22/2015,51076366303
7/23/2015,51076366303
7/24/2015,51076366303
7/25/2015,51076366303
7/26/2015,52278304846
7/27/2015,52278304846
7/28/2015,52278304846
7/29/2015,52278304846
7/30/2015,52278304846
7/31/2015,52278304846
8/1/2015,52278304846
8/2/2015,52278304846
8/3/2015,52278304846
8/4/2015,52278304846
8/5/2015,52278304846
8/6/2015,52278304846
8/7/2015,52278304846
8/8/2015,52278304846
8/9/2015,52699842409
8/10/2015,52699842409
8/11/2015,52699842409
8/12/2015,52699842409
8/13/2015,52699842409
8/14/2015,52699842409
8/15/2015,52699842409
8/16/2015,52699842409
8/17/2015,52699842409
8/18/2015,52699842409
8/19/2015,52699842409
8/20/2015,52699842409
8/21/2015,52699842409
8/22/2015,52699842409
8/23/2015,54256630328
8/24/2015,54256630328
8/25/2015,54256630328
8/26/2015,54256630328
8/27/2015,54256630328
8/28/2015,54256630328
8/29/2015,54256630328
8/30/2015,54256630328
8/31/2015,54256630328
9/1/2015,54256630328
9/2/2015,54256630328
9/3/2015,54256630328
9/4/2015,54256630328
9/5/2015,56957648455
9/6/2015,56957648455
9/7/2015,56957648455
9/8/2015,56957648455
9/9/2015,56957648455
9/10/2015,56957648455
9/11/2015,56957648455
9/12/2015,56957648455
9/13/2015,56957648455
9/14/2015,56957648455
9/15/2015,56957648455
9/16/2015,56957648455
9/17/2015,56957648455
9/18/2015,59335351234
9/19/2015,59335351234
9/20/2015,59335351234
9/21/2015,59335351234
9/22/2015,59335351234
9/23/2015,59335351234
9/24/2015,59335351234
9/25/2015,59335351234
9/26/2015,59335351234
9/27/2015,59335351234
9/28/2015,59335351234
9/29/2015,59335351234
9/30/2015,59335351234
10/1/2015,59335351234
10/2/2015,60813224039
10/3/2015,60813224039
10/4/2015,60813224039
10/5/2015,60813224039
10/6/2015,60813224039
10/7/2015,60813224039
10/8/2015,60813224039
10/9/2015,60813224039
10/10/2015,60813224039
10/11/2015,60813224039
10/12/2015,60813224039
10/13/2015,60813224039
10/14/2015,60813224039
10/15/2015,60813224039
10/16/2015,60883825480
10/17/2015,60883825480
10/18/2015,60883825480
10/19/2015,60883825480
10/20/2015,60883825480
10/21/2015,60883825480
10/22/2015,60883825480
10/23/2015,60883825480
10/24/2015,60883825480
10/25/2015,60883825480
10/26/2015,60883825480
10/27/2015,60883825480
10/28/2015,60883825480
10/29/2015,60883825480
10/30/2015,62253982450
10/31/2015,62253982450
11/1/2015,62253982450
11/2/2015,62253982450
11/3/2015,62253982450
11/4/2015,62253982450
11/5/2015,62253982450
11/6/2015,62253982450
11/7/2015,62253982450
11/8/2015,62253982450
11/9/2015,62253982450
11/10/2015,62253982450
11/11/2015,62253982450
11/12/2015,65848255180
11/13/2015,65848255180
11/14/2015,65848255180
11/15/2015,65848255180
11/16/2015,65848255180
11/17/2015,65848255180
11/18/2015,65848255180
11/19/2015,65848255180
11/20/2015,65848255180
11/21/2015,65848255180
11/22/2015,65848255180
11/23/2015,65848255180
11/24/2015,65848255180
11/25/2015,72722780643
11/26/2015,72722780643
11/27/2015,72722780643
11/28/2015,72722780643
11/29/2015,72722780643
11/30/2015,72722780643
12/1/2015,72722780643
12/2/2015,72722780643
12/3/2015,72722780643
12/4/2015,72722780643
12/5/2015,72722780643
12/6/2015,72722780643
12/7/2015,79102380900
12/8/2015,79102380900
12/9/2015,79102380900
12/10/2015,79102380900
12/11/2015,79102380900
12/12/2015,79102380900
12/13/2015,79102380900
12/14/2015,79102380900
12/15/2015,79102380900
12/16/2015,79102380900
12/17/2015,79102380900
12/18/2015,79102380900
12/19/2015,93448670796
12/20/2015,93448670796
12/21/2015,93448670796
12/22/2015,93448670796
12/23/2015,93448670796
12/24/2015,93448670796
12/25/2015,93448670796
12/26/2015,93448670796
12/27/2015,93448670796
12/28/2015,93448670796
12/29/2015,93448670796
12/30/2015,93448670796
12/31/2015,93448670796
1/1/2016,1.0388E+11
1/2/2016,1.0388E+11
1/3/2016,1.0388E+11
1/4/2016,1.0388E+11
1/5/2016,1.0388E+11
1/6/2016,1.0388E+11
1/7/2016,1.0388E+11
1/8/2016,1.0388E+11
1/9/2016,1.0388E+11
1/10/2016,1.0388E+11
1/11/2016,1.0388E+11
1/12/2016,1.0388E+11
1/13/2016,1.0388E+11
1/14/2016,1.13354E+11
1/15/2016,1.13354E+11
1/16/2016,1.13354E+11
1/17/2016,1.13354E+11
1/18/2016,1.13354E+11
1/19/2016,1.13354E+11
1/20/2016,1.13354E+11
1/21/2016,1.13354E+11
1/22/2016,1.13354E+11
1/23/2016,1.13354E+11
1/24/2016,1.13354E+11
1/25/2016,1.13354E+11
1/26/2016,1.13354E+11
1/27/2016,1.20033E+11
1/28/2016,1.20033E+11
1/29/2016,1.20033E+11
1/30/2016,1.20033E+11
1/31/2016,1.20033E+11
2/1/2016,1.20033E+11
2/2/2016,1.20033E+11
2/3/2016,1.20033E+11
2/4/2016,1.20033E+11
2/5/2016,1.20033E+11
2/6/2016,1.20033E+11
2/7/2016,1.20033E+11
2/8/2016,1.44116E+11
2/9/2016,1.44116E+11
2/10/2016,1.44116E+11
2/11/2016,1.44116E+11
2/12/2016,1.44116E+11
2/13/2016,1.44116E+11
2/14/2016,1.44116E+11
2/15/2016,1.44116E+11
2/16/2016,1.44116E+11
2/17/2016,1.44116E+11
2/18/2016,1.44116E+11
2/19/2016,1.44116E+11
2/20/2016,1.63492E+11
2/21/2016,1.63492E+11
2/22/2016,1.63492E+11
2/23/2016,1.63492E+11
2/24/2016,1.63492E+11
2/25/2016,1.63492E+11
2/26/2016,1.63492E+11
2/27/2016,1.63492E+11
2/28/2016,1.63492E+11
2/29/2016,1.63492E+11
3/1/2016,1.63492E+11
3/2/2016,1.63492E+11
3/3/2016,1.63492E+11
3/4/2016,1.63492E+11
3/5/2016,1.58427E+11
3/6/2016,1.58427E+11
3/7/2016,1.58427E+11
3/8/2016,1.58427E+11
3/9/2016,1.58427E+11
3/10/2016,1.58427E+11
3/11/2016,1.58427E+11
3/12/2016,1.58427E+11
3/13/2016,1.58427E+11
3/14/2016,1.58427E+11
3/15/2016,1.58427E+11
3/16/2016,1.58427E+11
3/17/2016,1.58427E+11
3/18/2016,1.58427E+11
3/19/2016,1.65497E+11
3/20/2016,1.65497E+11
3/21/2016,1.65497E+11
3/22/2016,1.65497E+11
3/23/2016,1.65497E+11
3/24/2016,1.65497E+11
3/25/2016,1.65497E+11
3/26/2016,1.65497E+11
3/27/2016,1.65497E+11
3/28/2016,1.65497E+11
3/29/2016,1.65497E+11
3/30/2016,1.65497E+11
3/31/2016,1.65497E+11
4/1/2016,1.65497E+11
4/2/2016,1.66852E+11
4/3/2016,1.66852E+11
4/4/2016,1.66852E+11
4/5/2016,1.66852E+11
4/6/2016,1.66852E+11
4/7/2016,1.66852E+11
4/8/2016,1.66852E+11
4/9/2016,1.66852E+11
4/10/2016,1.66852E+11
4/11/2016,1.66852E+11
4/12/2016,1.66852E+11
4/13/2016,1.66852E+11
4/14/2016,1.66852E+11
4/15/2016,1.78678E+11
4/16/2016,1.78678E+11
4/17/2016,1.78678E+11
4/18/2016,1.78678E+11
4/19/2016,1.78678E+11
4/20/2016,1.78678E+11
4/21/2016,1.78678E+11
4/22/2016,1.78678E+11
4/23/2016,1.78678E+11
4/24/2016,1.78678E+11
4/25/2016,1.78678E+11
4/26/2016,1.78678E+11
4/27/2016,1.78678E+11
4/28/2016,1.78678E+11
4/29/2016,1.78659E+11
4/30/2016,1.78659E+11
5/1/2016,1.78659E+11
5/2/2016,1.78659E+11
5/3/2016,1.78659E+11
5/4/2016,1.78659E+11
5/5/2016,1.78659E+11
5/6/2016,1.78659E+11
5/7/2016,1.78659E+11
5/8/2016,1.78659E+11
5/9/2016,1.78659E+11
5/10/2016,1.78659E+11
5/11/2016,1.78659E+11
5/12/2016,1.94255E+11
5/13/2016,1.94255E+11
5/14/2016,1.94255E+11
5/15/2016,1.94255E+11
5/16/2016,1.94255E+11
5/17/2016,1.94255E+11
5/18/2016,1.94255E+11
5/19/2016,1.94255E+11
5/20/2016,1.94255E+11
5/21/2016,1.94255E+11
5/22/2016,1.94255E+11
5/23/2016,1.94255E+11
5/24/2016,1.94255E+11
5/25/2016,1.99312E+11
5/26/2016,1.99312E+11
5/27/2016,1.99312E+11
5/28/2016,1.99312E+11
5/29/2016,1.99312E+11
5/30/2016,1.99312E+11
5/31/2016,1.99312E+11
6/1/2016,1.99312E+11
6/2/2016,1.99312E+11
6/3/2016,1.99312E+11
6/4/2016,1.99312E+11
6/5/2016,1.99312E+11
6/6/2016,1.99312E+11
6/7/2016,1.99312E+11
6/8/2016,1.99312E+11
6/9/2016,1.96061E+11
6/10/2016,1.96061E+11
6/11/2016,1.96061E+11
6/12/2016,1.96061E+11
6/13/2016,1.96061E+11
6/14/2016,1.96061E+11
6/15/2016,1.96061E+11
6/16/2016,1.96061E+11
6/17/2016,1.96061E+11
6/18/2016,1.96061E+11
6/19/2016,1.96061E+11
6/20/2016,1.96061E+11
6/21/2016,1.96061E+11
6/22/2016,2.09453E+11
6/23/2016,2.09453E+11
6/24/2016,2.09453E+11
6/25/2016,2.09453E+11
6/26/2016,2.09453E+11
6/27/2016,2.09453E+11
6/28/2016,2.09453E+11
6/29/2016,2.09453E+11
6/30/2016,2.09453E+11
7/1/2016,2.09453E+11
7/2/2016,2.09453E+11
7/3/2016,2.09453E+11
7/4/2016,2.09453E+11
7/5/2016,2.13399E+11
7/6/2016,2.13399E+11
7/7/2016,2.13399E+11
7/8/2016,2.13399E+11
7/9/2016,2.13399E+11
7/10/2016,2.13399E+11
7/11/2016,2.13399E+11
7/12/2016,2.13399E+11
7/13/2016,2.13399E+11
7/14/2016,2.13399E+11
7/15/2016,2.13399E+11
7/16/2016,2.13399E+11
7/17/2016,2.13399E+11
7/18/2016,2.13399E+11
7/19/2016,2.13493E+11
7/20/2016,2.13493E+11
7/21/2016,2.13493E+11
7/22/2016,2.13493E+11
7/23/2016,2.13493E+11
7/24/2016,2.13493E+11
7/25/2016,2.13493E+11
7/26/2016,2.13493E+11
7/27/2016,2.13493E+11
7/28/2016,2.13493E+11
7/29/2016,2.13493E+11
7/30/2016,2.13493E+11
7/31/2016,2.13493E+11
8/1/2016,2.13493E+11
8/2/2016,2.13493E+11
8/3/2016,2.01893E+11
8/4/2016,2.01893E+11
8/5/2016,2.01893E+11
8/6/2016,2.01893E+11
8/7/2016,2.01893E+11
8/8/2016,2.01893E+11
8/9/2016,2.01893E+11
8/10/2016,2.01893E+11
8/11/2016,2.01893E+11
8/12/2016,2.01893E+11
8/13/2016,2.01893E+11
8/14/2016,2.01893E+11
8/15/2016,2.01893E+11
8/16/2016,2.17375E+11
8/17/2016,2.17375E+11
8/18/2016,2.17375E+11
8/19/2016,2.17375E+11
8/20/2016,2.17375E+11
8/21/2016,2.17375E+11
8/22/2016,2.17375E+11
8/23/2016,2.17375E+11
8/24/2016,2.17375E+11
8/25/2016,2.17375E+11
8/26/2016,2.17375E+11
8/27/2016,2.17375E+11
8/28/2016,2.17375E+11
8/29/2016,2.17375E+11
8/30/2016,2.20756E+11
8/31/2016,2.20756E+11
9/1/2016,2.20756E+11
9/2/2016,2.20756E+11
9/3/2016,2.20756E+11
9/4/2016,2.20756E+11
9/5/2016,2.20756E+11
9/6/2016,2.20756E+11
9/7/2016,2.20756E+11
9/8/2016,2.20756E+11
9/9/2016,2.20756E+11
9/10/2016,2.20756E+11
9/11/2016,2.20756E+11
9/12/2016,2.20756E+11
9/13/2016,2.25833E+11
9/14/2016,2.25833E+11
9/15/2016,2.25833E+11
9/16/2016,2.25833E+11
9/17/2016,2.25833E+11
9/18/2016,2.25833E+11
9/19/2016,2.25833E+11
9/20/2016,2.25833E+11
9/21/2016,2.25833E+11
9/22/2016,2.25833E+11
9/23/2016,2.25833E+11
9/24/2016,2.25833E+11
9/25/2016,2.25833E+11
9/26/2016,2.41227E+11
9/27/2016,2.41227E+11
9/28/2016,2.41227E+11
9/29/2016,2.41227E+11
9/30/2016,2.41227E+11
10/1/2016,2.41227E+11
10/2/2016,2.41227E+11
10/3/2016,2.41227E+11
10/4/2016,2.41227E+11
10/5/2016,2.41227E+11
10/6/2016,2.41227E+11
10/7/2016,2.41227E+11
10/8/2016,2.41227E+11
10/9/2016,2.58523E+11
10/10/2016,2.58523E+11
10/11/2016,2.58523E+11
10/12/2016,2.58523E+11
10/13/2016,2.58523E+11
10/14/2016,2.58523E+11
10/15/2016,2.58523E+11
10/16/2016,2.58523E+11
10/17/2016,2.58523E+11
10/18/2016,2.58523E+11
10/19/2016,2.58523E+11
10/20/2016,2.58523E+11
10/21/2016,2.58523E+11
10/22/2016,2.58523E+11
10/23/2016,2.53618E+11
10/24/2016,2.53618E+11
10/25/2016,2.53618E+11
10/26/2016,2.53618E+11
10/27/2016,2.53618E+11
10/28/2016,2.53618E+11
10/29/2016,2.53618E+11
10/30/2016,2.53618E+11
10/31/2016,2.53618E+11
11/1/2016,2.53618E+11
11/2/2016,2.53618E+11
11/3/2016,2.53618E+11
11/4/2016,2.53618E+11
11/5/2016,2.53618E+11
11/6/2016,2.5462E+11
11/7/2016,2.5462E+11
11/8/2016,2.5462E+11
11/9/2016,2.5462E+11
11/10/2016,2.5462E+11
11/11/2016,2.5462E+11
11/12/2016,2.5462E+11
11/13/2016,2.5462E+11
11/14/2016,2.5462E+11
11/15/2016,2.5462E+11
11/16/2016,2.5462E+11
11/17/2016,2.5462E+11
11/18/2016,2.5462E+11
11/19/2016,2.81801E+11
11/20/2016,2.81801E+11
11/21/2016,2.81801E+11
11/22/2016,2.81801E+11
11/23/2016,2.81801E+11
11/24/2016,2.81801E+11
11/25/2016,2.81801E+11
11/26/2016,2.81801E+11
11/27/2016,2.81801E+11
11/28/2016,2.81801E+11
11/29/2016,2.81801E+11
11/30/2016,2.81801E+11
12/1/2016,2.81801E+11
12/2/2016,2.81801E+11
12/3/2016,2.86766E+11
12/4/2016,2.86766E+11
12/5/2016,2.86766E+11
12/6/2016,2.86766E+11
12/7/2016,2.86766E+11
12/8/2016,2.86766E+11
12/9/2016,2.86766E+11
12/10/2016,2.86766E+11
12/11/2016,2.86766E+11
12/12/2016,2.86766E+11
12/13/2016,2.86766E+11
12/14/2016,2.86766E+11
12/15/2016,2.86766E+11
12/16/2016,3.10154E+11
12/17/2016,3.10154E+11
12/18/2016,3.10154E+11
12/19/2016,3.10154E+11
12/20/2016,3.10154E+11
12/21/2016,3.10154E+11
12/22/2016,3.10154E+11
12/23/2016,3.10154E+11
12/24/2016,3.10154E+11
12/25/2016,3.10154E+11
12/26/2016,3.10154E+11
12/27/2016,3.10154E+11
12/28/2016,3.10154E+11
12/29/2016,3.17688E+11
12/30/2016,3.17688E+11
12/31/2016,3.17688E+11
1/1/2017,3.17688E+11
1/2/2017,3.17688E+11
1/3/2017,3.17688E+11
1/4/2017,3.17688E+11
1/5/2017,3.17688E+11
1/6/2017,3.17688E+11
1/7/2017,3.17688E+11
1/8/2017,3.17688E+11
1/9/2017,3.17688E+11
1/10/2017,3.17688E+11
1/11/2017,3.369E+11
1/12/2017,3.369E+11
1/13/2017,3.369E+11
1/14/2017,3.369E+11
1/15/2017,3.369E+11
1/16/2017,3.369E+11
1/17/2017,3.369E+11
1/18/2017,3.369E+11
1/19/2017,3.369E+11
1/20/2017,3.369E+11
1/21/2017,3.369E+11
1/22/2017,3.369E+11
1/23/2017,3.92963E+11
1/24/2017,3.92963E+11
1/25/2017,3.92963E+11
1/26/2017,3.92963E+11
1/27/2017,3.92963E+11
1/28/2017,3.92963E+11
1/29/2017,3.92963E+11
1/30/2017,3.92963E+11
1/31/2017,3.92963E+11
2/1/2017,3.92963E+11
2/2/2017,3.92963E+11
2/3/2017,3.92963E+11
2/4/2017,3.92963E+11
2/5/2017,4.22171E+11
2/6/2017,4.22171E+11
2/7/2017,4.22171E+11
2/8/2017,4.22171E+11
2/9/2017,4.22171E+11
2/10/2017,4.22171E+11
2/11/2017,4.22171E+11
2/12/2017,4.22171E+11
2/13/2017,4.22171E+11
2/14/2017,4.22171E+11
2/15/2017,4.22171E+11
2/16/2017,4.22171E+11
2/17/2017,4.22171E+11
2/18/2017,4.22171E+11
2/19/2017,4.4078E+11
2/20/2017,4.4078E+11
2/21/2017,4.4078E+11
2/22/2017,4.4078E+11
2/23/2017,4.4078E+11
2/24/2017,4.4078E+11
2/25/2017,4.4078E+11
2/26/2017,4.4078E+11
2/27/2017,4.4078E+11
2/28/2017,4.4078E+11
3/1/2017,4.4078E+11
3/2/2017,4.4078E+11
3/3/2017,4.4078E+11
3/4/2017,4.60769E+11
3/5/2017,4.60769E+11
3/6/2017,4.60769E+11
3/7/2017,4.60769E+11
3/8/2017,4.60769E+11
3/9/2017,4.60769E+11
3/10/2017,4.60769E+11
3/11/2017,4.60769E+11
3/12/2017,4.60769E+11
3/13/2017,4.60769E+11
3/14/2017,4.60769E+11
3/15/2017,4.60769E+11
3/16/2017,4.60769E+11
3/17/2017,4.60769E+11
3/18/2017,4.75705E+11
3/19/2017,4.75705E+11
3/20/2017,4.75705E+11
3/21/2017,4.75705E+11
3/22/2017,4.75705E+11
3/23/2017,4.75705E+11
3/24/2017,4.75705E+11
3/25/2017,4.75705E+11
3/26/2017,4.75705E+11
3/27/2017,4.75705E+11
3/28/2017,4.75705E+11
3/29/2017,4.75705E+11
3/30/2017,4.75705E+11
3/31/2017,4.99636E+11
4/1/2017,4.99636E+11
4/2/2017,4.99636E+11
4/3/2017,4.99636E+11
4/4/2017,4.99636E+11
4/5/2017,4.99636E+11
4/6/2017,4.99636E+11
4/7/2017,4.99636E+11
4/8/2017,4.99636E+11
4/9/2017,4.99636E+11
4/10/2017,4.99636E+11
4/11/2017,4.99636E+11
4/12/2017,4.99636E+11
4/13/2017,4.99636E+11
4/14/2017,5.20809E+11
4/15/2017,5.20809E+11
4/16/2017,5.20809E+11
4/17/2017,5.20809E+11
4/18/2017,5.20809E+11
4/19/2017,5.20809E+11
4/20/2017,5.20809E+11
4/21/2017,5.20809E+11
4/22/2017,5.20809E+11
4/23/2017,5.20809E+11
4/24/2017,5.20809E+11
4/25/2017,5.20809E+11
4/26/2017,5.20809E+11
4/27/2017,5.20809E+11
4/28/2017,5.21975E+11
4/29/2017,5.21975E+11
4/30/2017,5.21975E+11
5/1/2017,5.21975E+11
5/2/2017,5.21975E+11
5/3/2017,5.21975E+11
5/4/2017,5.21975E+11
5/5/2017,5.21975E+11
5/6/2017,5.21975E+11
5/7/2017,5.21975E+11
5/8/2017,5.21975E+11
5/9/2017,5.21975E+11
5/10/2017,5.21975E+11
5/11/2017,5.59971E+11
5/12/2017,5.59971E+11
5/13/2017,5.59971E+11
5/14/2017,5.59971E+11
5/15/2017,5.59971E+11
5/16/2017,5.59971E+11
5/17/2017,5.59971E+11
5/18/2017,5.59971E+11
5/19/2017,5.59971E+11
5/20/2017,5.59971E+11
5/21/2017,5.59971E+11
5/22/2017,5.59971E+11
5/23/2017,5.59971E+11
5/24/2017,5.95922E+11
5/25/2017,5.95922E+11
5/26/2017,5.95922E+11
5/27/2017,5.95922E+11
5/28/2017,5.95922E+11
5/29/2017,5.95922E+11
5/30/2017,5.95922E+11
5/31/2017,5.95922E+11
6/1/2017,5.95922E+11
6/2/2017,5.95922E+11
6/3/2017,5.95922E+11
6/4/2017,5.95922E+11
6/5/2017,6.7876E+11
6/6/2017,6.7876E+11
6/7/2017,6.7876E+11
6/8/2017,6.7876E+11
6/9/2017,6.7876E+11
6/10/2017,6.7876E+11
6/11/2017,6.7876E+11
6/12/2017,6.7876E+11
6/13/2017,6.7876E+11
6/14/2017,6.7876E+11
6/15/2017,6.7876E+11
6/16/2017,6.7876E+11
6/17/2017,6.7876E+11
6/18/2017,7.11697E+11
6/19/2017,7.11697E+11
6/20/2017,7.11697E+11
6/21/2017,7.11697E+11
6/22/2017,7.11697E+11
6/23/2017,7.11697E+11
6/24/2017,7.11697E+11
6/25/2017,7.11697E+11
6/26/2017,7.11697E+11
6/27/2017,7.11697E+11
6/28/2017,7.11697E+11
6/29/2017,7.11697E+11
6/30/2017,7.11697E+11
7/1/2017,7.11697E+11
7/2/2017,7.08659E+11
7/3/2017,7.08659E+11
7/4/2017,7.08659E+11
7/5/2017,7.08659E+11
7/6/2017,7.08659E+11
7/7/2017,7.08659E+11
7/8/2017,7.08659E+11
7/9/2017,7.08659E+11
7/10/2017,7.08659E+11
7/11/2017,7.08659E+11
7/12/2017,7.08659E+11
7/13/2017,7.08659E+11
7/14/2017,7.08659E+11
7/15/2017,8.04525E+11
7/16/2017,8.04525E+11
7/17/2017,8.04525E+11
7/18/2017,8.04525E+11
7/19/2017,8.04525E+11
7/20/2017,8.04525E+11
7/21/2017,8.04525E+11
7/22/2017,8.04525E+11
7/23/2017,8.04525E+11
7/24/2017,8.04525E+11
7/25/2017,8.04525E+11
7/26/2017,8.04525E+11
7/27/2017,8.04525E+11
7/28/2017,8.60222E+11
7/29/2017,8.60222E+11
7/30/2017,8.60222E+11
7/31/2017,8.60222E+11
8/1/2017,8.60222E+11
8/2/2017,8.60222E+11
8/3/2017,8.60222E+11
8/4/2017,8.60222E+11
8/5/2017,8.60222E+11
8/6/2017,8.60222E+11
8/7/2017,8.60222E+11
8/8/2017,8.60222E+11
8/9/2017,8.60222E+11
8/10/2017,9.23233E+11
8/11/2017,9.23233E+11
8/12/2017,9.23233E+11
8/13/2017,9.23233E+11
8/14/2017,9.23233E+11
8/15/2017,9.23233E+11
8/16/2017,9.23233E+11
8/17/2017,9.23233E+11
8/18/2017,9.23233E+11
8/19/2017,9.23233E+11
8/20/2017,9.23233E+11
8/21/2017,9.23233E+11
8/22/2017,9.23233E+11
8/23/2017,9.23233E+11
8/24/2017,9.23233E+11
8/25/2017,8.88172E+11
8/26/2017,8.88172E+11
8/27/2017,8.88172E+11
8/28/2017,8.88172E+11
8/29/2017,8.88172E+11
8/30/2017,8.88172E+11
8/31/2017,8.88172E+11
9/1/2017,8.88172E+11
9/2/2017,8.88172E+11
9/3/2017,8.88172E+11
9/4/2017,8.88172E+11
9/5/2017,8.88172E+11
9/6/2017,8.88172E+11
9/7/2017,9.22725E+11
9/8/2017,9.22725E+11
9/9/2017,9.22725E+11
9/10/2017,9.22725E+11
9/11/2017,9.22725E+11
9/12/2017,9.22725E+11
9/13/2017,9.22725E+11
9/14/2017,9.22725E+11
9/15/2017,9.22725E+11
9/16/2017,9.22725E+11
9/17/2017,9.22725E+11
9/18/2017,9.22725E+11
9/19/2017,1.1034E+12
9/20/2017,1.1034E+12
9/21/2017,1.1034E+12
9/22/2017,1.1034E+12
9/23/2017,1.1034E+12
9/24/2017,1.1034E+12
9/25/2017,1.1034E+12
9/26/2017,1.1034E+12
9/27/2017,1.1034E+12
9/28/2017,1.1034E+12
9/29/2017,1.1034E+12
9/30/2017,1.1034E+12
10/1/2017,1.1034E+12
10/2/2017,1.12386E+12
10/3/2017,1.12386E+12
10/4/2017,1.12386E+12
10/5/2017,1.12386E+12
10/6/2017,1.12386E+12
10/7/2017,1.12386E+12
10/8/2017,1.12386E+12
10/9/2017,1.12386E+12
10/10/2017,1.12386E+12
10/11/2017,1.12386E+12
10/12/2017,1.12386E+12
10/13/2017,1.12386E+12
10/14/2017,1.12386E+12
10/15/2017,1.12386E+12
10/16/2017,1.19679E+12
10/17/2017,1.19679E+12
10/18/2017,1.19679E+12
10/19/2017,1.19679E+12
10/20/2017,1.19679E+12
10/21/2017,1.19679E+12
10/22/2017,1.19679E+12
10/23/2017,1.19679E+12
10/24/2017,1.19679E+12
10/25/2017,1.19679E+12
10/26/2017,1.19679E+12
10/27/2017,1.45284E+12
10/28/2017,1.45284E+12
10/29/2017,1.45284E+12
10/30/2017,1.45284E+12
10/31/2017,1.45284E+12
11/1/2017,1.45284E+12
11/2/2017,1.45284E+12
11/3/2017,1.45284E+12
11/4/2017,1.45284E+12
11/5/2017,1.45284E+12
11/6/2017,1.45284E+12
11/7/2017,1.45284E+12
11/8/2017,1.45284E+12
11/9/2017,1.45284E+12
11/10/2017,1.45284E+12
11/11/2017,1.36442E+12
11/12/2017,1.36442E+12
11/13/2017,1.36442E+12
11/14/2017,1.36442E+12
11/15/2017,1.36442E+12
11/16/2017,1.36442E+12
11/17/2017,1.36442E+12
11/18/2017,1.36442E+12
11/19/2017,1.36442E+12
11/20/2017,1.36442E+12
11/21/2017,1.36442E+12
11/22/2017,1.36442E+12
11/23/2017,1.36442E+12
11/24/2017,1.36442E+12
11/25/2017,1.347E+12
11/26/2017,1.347E+12
11/27/2017,1.347E+12
11/28/2017,1.347E+12
11/29/2017,1.347E+12
11/30/2017,1.347E+12
12/1/2017,1.347E+12
12/2/2017,1.347E+12
12/3/2017,1.347E+12
12/4/2017,1.347E+12
12/5/2017,1.347E+12
12/6/2017,1.347E+12
12/7/2017,1.5909E+12
12/8/2017,1.5909E+12
12/9/2017,1.5909E+12
12/10/2017,1.5909E+12
12/11/2017,1.5909E+12
12/12/2017,1.5909E+12
12/13/2017,1.5909E+12
12/14/2017,1.5909E+12
12/15/2017,1.5909E+12
12/16/2017,1.5909E+12
12/17/2017,1.5909E+12
12/18/2017,1.5909E+12
12/19/2017,1.87311E+12
12/20/2017,1.87311E+12
12/21/2017,1.87311E+12
12/22/2017,1.87311E+12
12/23/2017,1.87311E+12
12/24/2017,1.87311E+12
12/25/2017,1.87311E+12
12/26/2017,1.87311E+12
12/27/2017,1.87311E+12
12/28/2017,1.87311E+12
12/29/2017,1.87311E+12
12/30/2017,1.87311E+12
12/31/2017,1.87311E+12
1/1/2018,1.87311E+12
1/2/2018,1.93114E+12
1/3/2018,1.93114E+12
1/4/2018,1.93114E+12
1/5/2018,1.93114E+12
1/6/2018,1.93114E+12
1/7/2018,1.93114E+12
1/8/2018,1.93114E+12
1/9/2018,1.93114E+12
1/10/2018,1.93114E+12
1/11/2018,1.93114E+12
1/12/2018,1.93114E+12
1/13/2018,1.93114E+12
1/14/2018,2.22785E+12
1/15/2018,2.22785E+12
1/16/2018,2.22785E+12
1/17/2018,2.22785E+12
1/18/2018,2.22785E+12
1/19/2018,2.22785E+12
1/20/2018,2.22785E+12
1/21/2018,2.22785E+12
1/22/2018,2.22785E+12
1/23/2018,2.22785E+12
1/24/2018,2.22785E+12
1/25/2018,2.22785E+12
1/26/2018,2.60308E+12
1/27/2018,2.60308E+12
1/28/2018,2.60308E+12
1/29/2018,2.60308E+12
1/30/2018,2.60308E+12
1/31/2018,2.60308E+12
2/1/2018,2.60308E+12
2/2/2018,2.60308E+12
2/3/2018,2.60308E+12
2/4/2018,2.60308E+12
2/5/2018,2.60308E+12
2/6/2018,2.60308E+12
2/7/2018,2.87467E+12
2/8/2018,2.87467E+12
2/9/2018,2.87467E+12
2/10/2018,2.87467E+12
2/11/2018,2.87467E+12
2/12/2018,2.87467E+12
2/13/2018,2.87467E+12
2/14/2018,2.87467E+12
2/15/2018,2.87467E+12
2/16/2018,2.87467E+12
2/17/2018,2.87467E+12
2/18/2018,2.87467E+12
2/19/2018,2.87467E+12
2/20/2018,2.87467E+12
2/21/2018,3.00738E+12
2/22/2018,3.00738E+12
2/23/2018,3.00738E+12
2/24/2018,3.00738E+12
2/25/2018,3.00738E+12
2/26/2018,3.00738E+12
2/27/2018,3.00738E+12
2/28/2018,3.00738E+12
3/1/2018,3.00738E+12
3/2/2018,3.00738E+12
3/3/2018,3.00738E+12
3/4/2018,3.00738E+12
3/5/2018,3.00738E+12
3/6/2018,3.29061E+12
3/7/2018,3.29061E+12
3/8/2018,3.29061E+12
3/9/2018,3.29061E+12
3/10/2018,3.29061E+12
3/11/2018,3.29061E+12
3/12/2018,3.29061E+12
3/13/2018,3.29061E+12
3/14/2018,3.29061E+12
3/15/2018,3.29061E+12
3/16/2018,3.29061E+12
3/17/2018,3.29061E+12
3/18/2018,3.29061E+12
3/19/2018,3.46254E+12
3/20/2018,3.46254E+12
3/21/2018,3.46254E+12
3/22/2018,3.46254E+12
3/23/2018,3.46254E+12
3/24/2018,3.46254E+12
3/25/2018,3.46254E+12
3/26/2018,3.46254E+12
3/27/2018,3.46254E+12
3/28/2018,3.46254E+12
3/29/2018,3.46254E+12
3/30/2018,3.46254E+12
3/31/2018,3.46254E+12
4/1/2018,3.46254E+12
4/2/2018,3.51106E+12
4/3/2018,3.51106E+12
4/4/2018,3.51106E+12
4/5/2018,3.51106E+12
4/6/2018,3.51106E+12
4/7/2018,3.51106E+12
4/8/2018,3.51106E+12
4/9/2018,3.51106E+12
4/10/2018,3.51106E+12
4/11/2018,3.51106E+12
4/12/2018,3.51106E+12
4/13/2018,3.51106E+12
4/14/2018,3.51106E+12
4/15/2018,3.83932E+12
4/16/2018,3.83932E+12
4/17/2018,3.83932E+12
4/18/2018,3.83932E+12
4/19/2018,3.83932E+12
4/20/2018,3.83932E+12
4/21/2018,3.83932E+12
4/22/2018,3.83932E+12
4/23/2018,3.83932E+12
4/24/2018,3.83932E+12
4/25/2018,3.83932E+12
4/26/2018,3.83932E+12
4/27/2018,3.83932E+12
4/28/2018,4.02206E+12
4/29/2018,4.02206E+12
4/30/2018,4.02206E+12
5/1/2018,4.02206E+12
5/2/2018,4.02206E+12
5/3/2018,4.02206E+12
5/4/2018,4.02206E+12
5/5/2018,4.02206E+12
5/6/2018,4.02206E+12
5/7/2018,4.02206E+12
5/8/2018,4.02206E+12
5/9/2018,4.02206E+12
5/10/2018,4.02206E+12
5/11/2018,4.02206E+12
5/12/2018,4.14388E+12
5/13/2018,4.14388E+12
5/14/2018,4.14388E+12
5/15/2018,4.14388E+12
5/16/2018,4.14388E+12
5/17/2018,4.14388E+12
5/18/2018,4.14388E+12
5/19/2018,4.14388E+12
5/20/2018,4.14388E+12
5/21/2018,4.14388E+12
5/22/2018,4.14388E+12
5/23/2018,4.14388E+12
5/24/2018,4.14388E+12
5/25/2018,4.30695E+12
5/26/2018,4.30695E+12
5/27/2018,4.30695E+12
5/28/2018,4.30695E+12
5/29/2018,4.30695E+12
5/30/2018,4.30695E+12
5/31/2018,4.30695E+12
6/1/2018,4.30695E+12
6/2/2018,4.30695E+12
6/3/2018,4.30695E+12
6/4/2018,4.30695E+12
6/5/2018,4.30695E+12
6/6/2018,4.9407E+12
6/7/2018,4.9407E+12
6/8/2018,4.9407E+12
6/9/2018,4.9407E+12
6/10/2018,4.9407E+12
6/11/2018,4.9407E+12
6/12/2018,4.9407E+12
6/13/2018,4.9407E+12
6/14/2018,4.9407E+12
6/15/2018,4.9407E+12
6/16/2018,4.9407E+12
6/17/2018,4.9407E+12
6/18/2018,4.9407E+12
6/19/2018,4.9407E+12
6/20/2018,5.0775E+12
6/21/2018,5.0775E+12
6/22/2018,5.0775E+12
6/23/2018,5.0775E+12
6/24/2018,5.0775E+12
6/25/2018,5.0775E+12
6/26/2018,5.0775E+12
6/27/2018,5.0775E+12
6/28/2018,5.0775E+12
6/29/2018,5.0775E+12
6/30/2018,5.0775E+12
7/1/2018,5.0775E+12
7/2/2018,5.0775E+12
7/3/2018,5.36368E+12
7/4/2018,5.36368E+12
7/5/2018,5.36368E+12
7/6/2018,5.36368E+12
7/7/2018,5.36368E+12
7/8/2018,5.36368E+12
7/9/2018,5.36368E+12
7/10/2018,5.36368E+12
7/11/2018,5.36368E+12
7/12/2018,5.36368E+12
7/13/2018,5.36368E+12
7/14/2018,5.36368E+12
7/15/2018,5.36368E+12
7/16/2018,5.36368E+12
7/17/2018,5.36368E+12
7/18/2018,5.17867E+12
7/19/2018,5.17867E+12
7/20/2018,5.17867E+12
7/21/2018,5.17867E+12
7/22/2018,5.17867E+12
7/23/2018,5.17867E+12
7/24/2018,5.17867E+12
7/25/2018,5.17867E+12
7/26/2018,5.17867E+12
7/27/2018,5.17867E+12
7/28/2018,5.17867E+12
7/29/2018,5.17867E+12
7/30/2018,5.94944E+12
7/31/2018,5.94944E+12
8/1/2018,5.94944E+12
8/2/2018,5.94944E+12
8/3/2018,5.94944E+12
8/4/2018,5.94944E+12
8/5/2018,5.94944E+12
8/6/2018,5.94944E+12
8/7/2018,5.94944E+12
8/8/2018,5.94944E+12
8/9/2018,5.94944E+12
8/10/2018,5.94944E+12
8/11/2018,5.94944E+12
8/12/2018,6.38932E+12
8/13/2018,6.38932E+12
8/14/2018,6.38932E+12
8/15/2018,6.38932E+12
8/16/2018,6.38932E+12
8/17/2018,6.38932E+12
8/18/2018,6.38932E+12
8/19/2018,6.38932E+12
8/20/2018,6.38932E+12
8/21/2018,6.38932E+12
8/22/2018,6.38932E+12
8/23/2018,6.38932E+12
8/24/2018,6.38932E+12
8/25/2018,6.72723E+12
8/26/2018,6.72723E+12
8/27/2018,6.72723E+12
8/28/2018,6.72723E+12
8/29/2018,6.72723E+12
8/30/2018,6.72723E+12
8/31/2018,6.72723E+12
9/1/2018,6.72723E+12
9/2/2018,6.72723E+12
9/3/2018,6.72723E+12
9/4/2018,6.72723E+12
9/5/2018,6.72723E+12
9/6/2018,6.72723E+12
9/7/2018,6.72723E+12
9/8/2018,7.0192E+12
9/9/2018,7.0192E+12
9/10/2018,7.0192E+12
9/11/2018,7.0192E+12
9/12/2018,7.0192E+12
9/13/2018,7.0192E+12
9/14/2018,7.0192E+12
9/15/2018,7.0192E+12
9/16/2018,7.0192E+12
9/17/2018,7.0192E+12
9/18/2018,7.0192E+12
9/19/2018,7.0192E+12
9/20/2018,7.0192E+12
9/21/2018,7.15263E+12
9/22/2018,7.15263E+12
9/23/2018,7.15263E+12
9/24/2018,7.15263E+12
9/25/2018,7.15263E+12
9/26/2018,7.15263E+12
9/27/2018,7.15263E+12
9/28/2018,7.15263E+12
9/29/2018,7.15263E+12
9/30/2018,7.15263E+12
10/1/2018,7.15263E+12
10/2/2018,7.15263E+12
10/3/2018,7.15263E+12
10/4/2018,7.15263E+12
10/5/2018,7.45497E+12
10/6/2018,7.45497E+12
10/7/2018,7.45497E+12
10/8/2018,7.45497E+12
10/9/2018,7.45497E+12
10/10/2018,7.45497E+12
10/11/2018,7.45497E+12
10/12/2018,7.45497E+12
10/13/2018,7.45497E+12
10/14/2018,7.45497E+12
10/15/2018,7.45497E+12
10/16/2018,7.45497E+12
10/17/2018,7.45497E+12
10/18/2018,7.45497E+12
10/19/2018,7.18285E+12
10/20/2018,7.18285E+12
10/21/2018,7.18285E+12
10/22/2018,7.18285E+12
10/23/2018,7.18285E+12
10/24/2018,7.18285E+12
10/25/2018,7.18285E+12
10/26/2018,7.18285E+12
10/27/2018,7.18285E+12
10/28/2018,7.18285E+12
10/29/2018,7.18285E+12
10/30/2018,7.18285E+12
10/31/2018,7.18285E+12
11/1/2018,7.18285E+12
11/2/2018,7.1844E+12
11/3/2018,7.1844E+12
11/4/2018,7.1844E+12
11/5/2018,7.1844E+12
11/6/2018,7.1844E+12
11/7/2018,7.1844E+12
11/8/2018,7.1844E+12
11/9/2018,7.1844E+12
11/10/2018,7.1844E+12
11/11/2018,7.1844E+12
11/12/2018,7.1844E+12
11/13/2018,7.1844E+12
11/14/2018,7.1844E+12
11/15/2018,7.1844E+12
11/16/2018,7.1844E+12
11/17/2018,6.6533E+12
11/18/2018,6.6533E+12
11/19/2018,6.6533E+12
11/20/2018,6.6533E+12
11/21/2018,6.6533E+12
11/22/2018,6.6533E+12
11/23/2018,6.6533E+12
11/24/2018,6.6533E+12
11/25/2018,6.6533E+12
11/26/2018,6.6533E+12
11/27/2018,6.6533E+12
11/28/2018,6.6533E+12
11/29/2018,6.6533E+12
11/30/2018,6.6533E+12
12/1/2018,6.6533E+12
12/2/2018,6.6533E+12
12/3/2018,6.6533E+12
12/4/2018,5.6464E+12
12/5/2018,5.6464E+12
12/6/2018,5.6464E+12
12/7/2018,5.6464E+12
12/8/2018,5.6464E+12
12/9/2018,5.6464E+12
12/10/2018,5.6464E+12
12/11/2018,5.6464E+12
12/12/2018,5.6464E+12
12/13/2018,5.6464E+12
12/14/2018,5.6464E+12
12/15/2018,5.6464E+12
12/16/2018,5.6464E+12
12/17/2018,5.6464E+12
12/18/2018,5.6464E+12
12/19/2018,5.10642E+12
12/20/2018,5.10642E+12
12/21/2018,5.10642E+12
12/22/2018,5.10642E+12
12/23/2018,5.10642E+12
12/24/2018,5.10642E+12
12/25/2018,5.10642E+12
12/26/2018,5.10642E+12
12/27/2018,5.10642E+12
12/28/2018,5.10642E+12
12/29/2018,5.10642E+12
12/30/2018,5.10642E+12
12/31/2018,5.10642E+12
1/1/2019,5.6186E+12
1/2/2019,5.6186E+12
1/3/2019,5.6186E+12
1/4/2019,5.6186E+12
1/5/2019,5.6186E+12
1/6/2019,5.6186E+12
1/7/2019,5.6186E+12
1/8/2019,5.6186E+12
1/9/2019,5.6186E+12
1/10/2019,5.6186E+12
1/11/2019,5.6186E+12
1/12/2019,5.6186E+12
1/13/2019,5.6186E+12
1/14/2019,5.6186E+12
1/15/2019,5.88399E+12
1/16/2019,5.88399E+12
1/17/2019,5.88399E+12
1/18/2019,5.88399E+12
1/19/2019,5.88399E+12
1/20/2019,5.88399E+12
1/21/2019,5.88399E+12
1/22/2019,5.88399E+12
1/23/2019,5.88399E+12
1/24/2019,5.88399E+12
1/25/2019,5.88399E+12
1/26/2019,5.88399E+12
1/27/2019,5.88399E+12
1/28/2019,5.88399E+12
1/29/2019,5.81466E+12
1/30/2019,5.81466E+12
1/31/2019,5.81466E+12
2/1/2019,5.81466E+12
2/2/2019,5.81466E+12
2/3/2019,5.81466E+12
2/4/2019,5.81466E+12
2/5/2019,5.81466E+12
2/6/2019,5.81466E+12
2/7/2019,5.81466E+12
2/8/2019,5.81466E+12
2/9/2019,5.81466E+12
2/10/2019,5.81466E+12
2/11/2019,6.06152E+12
2/12/2019,6.06152E+12
2/13/2019,6.06152E+12
2/14/2019,6.06152E+12
2/15/2019,6.06152E+12
2/16/2019,6.06152E+12
2/17/2019,6.06152E+12
2/18/2019,6.06152E+12
2/19/2019,6.06152E+12
2/20/2019,6.06152E+12
2/21/2019,6.06152E+12
2/22/2019,6.06152E+12
2/23/2019,6.06152E+12
2/24/2019,6.06152E+12
2/25/2019,6.07185E+12
2/26/2019,6.07185E+12
2/27/2019,6.07185E+12
2/28/2019,6.07185E+12
3/1/2019,6.07185E+12
3/2/2019,6.07185E+12
3/3/2019,6.07185E+12
3/4/2019,6.07185E+12
3/5/2019,6.07185E+12
3/6/2019,6.07185E+12
3/7/2019,6.07185E+12
3/8/2019,6.07185E+12
3/9/2019,6.07185E+12
3/10/2019,6.07185E+12
3/11/2019,6.06889E+12
3/12/2019,6.06889E+12
3/13/2019,6.06889E+12
3/14/2019,6.06889E+12
3/15/2019,6.06889E+12
3/16/2019,6.06889E+12
3/17/2019,6.06889E+12
3/18/2019,6.06889E+12
3/19/2019,6.06889E+12
3/20/2019,6.06889E+12
3/21/2019,6.06889E+12
3/22/2019,6.06889E+12
3/23/2019,6.06889E+12
3/24/2019,6.06889E+12
3/25/2019,6.37927E+12
3/26/2019,6.37927E+12
3/27/2019,6.37927E+12
3/28/2019,6.37927E+12
3/29/2019,6.37927E+12
3/30/2019,6.37927E+12
3/31/2019,6.37927E+12
4/1/2019,6.37927E+12
4/2/2019,6.37927E+12
4/3/2019,6.37927E+12
4/4/2019,6.37927E+12
4/5/2019,6.37927E+12
4/6/2019,6.37927E+12
4/7/2019,6.39302E+12
4/8/2019,6.39302E+12
4/9/2019,6.39302E+12
4/10/2019,6.39302E+12
4/11/2019,6.39302E+12
4/12/2019,6.39302E+12
4/13/2019,6.39302E+12
4/14/2019,6.39302E+12
4/15/2019,6.39302E+12
4/16/2019,6.39302E+12
4/17/2019,6.39302E+12
4/18/2019,6.39302E+12
4/19/2019,6.39302E+12
4/20/2019,6.39302E+12
4/21/2019,6.39302E+12
4/22/2019,6.35303E+12
4/23/2019,6.35303E+12
4/24/2019,6.35303E+12
4/25/2019,6.35303E+12
4/26/2019,6.35303E+12
4/27/2019,6.35303E+12
4/28/2019,6.35303E+12
4/29/2019,6.35303E+12
4/30/2019,6.35303E+12
5/1/2019,6.35303E+12
5/2/2019,6.35303E+12
5/3/2019,6.35303E+12
5/4/2019,6.35303E+12
5/5/2019,6.70217E+12
5/6/2019,6.70217E+12
5/7/2019,6.70217E+12
5/8/2019,6.70217E+12
5/9/2019,6.70217E+12
5/10/2019,6.70217E+12
5/11/2019,6.70217E+12
5/12/2019,6.70217E+12
5/13/2019,6.70217E+12
5/14/2019,6.70217E+12
5/15/2019,6.70217E+12
5/16/2019,6.70217E+12
5/17/2019,6.70217E+12
5/18/2019,6.70217E+12
5/19/2019,6.70463E+12
5/20/2019,6.70463E+12
5/21/2019,6.70463E+12
5/22/2019,6.70463E+12
5/23/2019,6.70463E+12
5/24/2019,6.70463E+12
5/25/2019,6.70463E+12
5/26/2019,6.70463E+12
5/27/2019,6.70463E+12
5/28/2019,6.70463E+12
5/29/2019,6.70463E+12
5/30/2019,6.70463E+12
5/31/2019,7.45968E+12
6/1/2019,7.45968E+12
6/2/2019,7.45968E+12
6/3/2019,7.45968E+12
6/4/2019,7.45968E+12
6/5/2019,7.45968E+12
6/6/2019,7.45968E+12
6/7/2019,7.45968E+12
6/8/2019,7.45968E+12
6/9/2019,7.45968E+12
6/10/2019,7.45968E+12
6/11/2019,7.45968E+12
6/12/2019,7.45968E+12
6/13/2019,7.45968E+12
6/14/2019,7.45968E+12
6/15/2019,7.4094E+12
6/16/2019,7.4094E+12
6/17/2019,7.4094E+12
6/18/2019,7.4094E+12
6/19/2019,7.4094E+12
6/20/2019,7.4094E+12
6/21/2019,7.4094E+12
6/22/2019,7.4094E+12
6/23/2019,7.4094E+12
6/24/2019,7.4094E+12
6/25/2019,7.4094E+12
6/26/2019,7.4094E+12
6/27/2019,7.4094E+12
6/28/2019,7.93471E+12
6/29/2019,7.93471E+12
6/30/2019,7.93471E+12
7/1/2019,7.93471E+12
7/2/2019,7.93471E+12
7/3/2019,7.93471E+12
7/4/2019,7.93471E+12
7/5/2019,7.93471E+12
7/6/2019,7.93471E+12
7/7/2019,7.93471E+12
7/8/2019,7.93471E+12
7/9/2019,7.93471E+12
7/10/2019,9.06416E+12
7/11/2019,9.06416E+12
7/12/2019,9.06416E+12
7/13/2019,9.06416E+12
7/14/2019,9.06416E+12
7/15/2019,9.06416E+12
7/16/2019,9.06416E+12
7/17/2019,9.06416E+12
7/18/2019,9.06416E+12
7/19/2019,9.06416E+12
7/20/2019,9.06416E+12
7/21/2019,9.06416E+12
7/22/2019,9.06416E+12
7/23/2019,9.06416E+12
7/24/2019,9.01379E+12
7/25/2019,9.01379E+12
7/26/2019,9.01379E+12
7/27/2019,9.01379E+12
7/28/2019,9.01379E+12
7/29/2019,9.01379E+12
7/30/2019,9.01379E+12
7/31/2019,9.01379E+12
8/1/2019,9.01379E+12
8/2/2019,9.01379E+12
8/3/2019,9.01379E+12
8/4/2019,9.01379E+12
8/5/2019,9.01379E+12
8/6/2019,9.98535E+12
8/7/2019,9.98535E+12
8/8/2019,9.98535E+12
8/9/2019,9.98535E+12
8/10/2019,9.98535E+12
8/11/2019,9.98535E+12
8/12/2019,9.98535E+12
8/13/2019,9.98535E+12
8/14/2019,9.98535E+12
8/15/2019,9.98535E+12
8/16/2019,9.98535E+12
8/17/2019,9.98535E+12
8/18/2019,9.98535E+12
8/19/2019,1.01835E+13
8/20/2019,1.01835E+13
8/21/2019,1.01835E+13
8/22/2019,1.01835E+13
8/23/2019,1.01835E+13
8/24/2019,1.01835E+13
8/25/2019,1.01835E+13
8/26/2019,1.01835E+13
8/27/2019,1.01835E+13
8/28/2019,1.01835E+13
8/29/2019,1.01835E+13
8/30/2019,1.01835E+13
8/31/2019,1.01835E+13
9/1/2019,1.01835E+13
9/2/2019,1.0772E+13
9/3/2019,1.0772E+13
9/4/2019,1.0772E+13
9/5/2019,1.0772E+13
9/6/2019,1.0772E+13
9/7/2019,1.0772E+13
9/8/2019,1.0772E+13
9/9/2019,1.0772E+13
9/10/2019,1.0772E+13
9/11/2019,1.0772E+13
9/12/2019,1.0772E+13
9/13/2019,1.0772E+13
9/14/2019,1.18906E+13
9/15/2019,1.18906E+13
9/16/2019,1.18906E+13
9/17/2019,1.18906E+13
9/18/2019,1.18906E+13
9/19/2019,1.18906E+13
9/20/2019,1.18906E+13
9/21/2019,1.18906E+13
9/22/2019,1.18906E+13
9/23/2019,1.18906E+13
9/24/2019,1.18906E+13
9/25/2019,1.18906E+13
9/26/2019,1.18906E+13
9/27/2019,1.27598E+13
9/28/2019,1.27598E+13
9/29/2019,1.27598E+13
9/30/2019,1.27598E+13
10/1/2019,1.27598E+13
10/2/2019,1.27598E+13
10/3/2019,1.27598E+13
10/4/2019,1.27598E+13
10/5/2019,1.27598E+13
10/6/2019,1.27598E+13
10/7/2019,1.27598E+13
10/8/2019,1.27598E+13
10/9/2019,1.27598E+13
10/10/2019,1.27598E+13
10/11/2019,1.30081E+13
10/12/2019,1.30081E+13
10/13/2019,1.30081E+13
10/14/2019,1.30081E+13
10/15/2019,1.30081E+13
10/16/2019,1.30081E+13
10/17/2019,1.30081E+13
10/18/2019,1.30081E+13
10/19/2019,1.30081E+13
10/20/2019,1.30081E+13
10/21/2019,1.30081E+13
10/22/2019,1.30081E+13
10/23/2019,1.30081E+13
10/24/2019,1.36915E+13
10/25/2019,1.36915E+13
10/26/2019,1.36915E+13
10/27/2019,1.36915E+13
10/28/2019,1.36915E+13
10/29/2019,1.36915E+13
10/30/2019,1.36915E+13
10/31/2019,1.36915E+13
11/1/2019,1.36915E+13
11/2/2019,1.36915E+13
11/3/2019,1.36915E+13
11/4/2019,1.36915E+13
11/5/2019,1.36915E+13
11/6/2019,1.36915E+13
11/7/2019,1.36915E+13
11/8/2019,1.272E+13
11/9/2019,1.272E+13
11/10/2019,1.272E+13
11/11/2019,1.272E+13
11/12/2019,1.272E+13
11/13/2019,1.272E+13
11/14/2019,1.272E+13
11/15/2019,1.272E+13
11/16/2019,1.272E+13
11/17/2019,1.272E+13
11/18/2019,1.272E+13
11/19/2019,1.272E+13
11/20/2019,1.272E+13
11/21/2019,1.272E+13
11/22/2019,1.29732E+13
11/23/2019,1.29732E+13
11/24/2019,1.29732E+13
11/25/2019,1.29732E+13
11/26/2019,1.29732E+13
11/27/2019,1.29732E+13
11/28/2019,1.29732E+13
11/29/2019,1.29732E+13
11/30/2019,1.29732E+13
12/1/2019,1.29732E+13
12/2/2019,1.29732E+13
12/3/2019,1.29732E+13
12/4/2019,1.29732E+13
12/5/2019,1.29732E+13
12/6/2019,1.28768E+13
12/7/2019,1.28768E+13
12/8/2019,1.28768E+13
12/9/2019,1.28768E+13
12/10/2019,1.28768E+13
12/11/2019,1.28768E+13
12/12/2019,1.28768E+13
12/13/2019,1.28768E+13
12/14/2019,1.28768E+13
12/15/2019,1.28768E+13
12/16/2019,1.28768E+13
12/17/2019,1.28768E+13
12/18/2019,1.28768E+13
12/19/2019,1.28768E+13
12/20/2019,1.29486E+13
12/21/2019,1.29486E+13
12/22/2019,1.29486E+13
12/23/2019,1.29486E+13
12/24/2019,1.29486E+13
12/25/2019,1.29486E+13
12/26/2019,1.29486E+13
12/27/2019,1.29486E+13
12/28/2019,1.29486E+13
12/29/2019,1.29486E+13
12/30/2019,1.29486E+13
12/31/2019,1.29486E+13
1/1/2020,1.29486E+13
1/2/2020,1.37988E+13
1/3/2020,1.37988E+13
1/4/2020,1.37988E+13
1/5/2020,1.37988E+13
1/6/2020,1.37988E+13
1/7/2020,1.37988E+13
1/8/2020,1.37988E+13
1/9/2020,1.37988E+13
1/10/2020,1.37988E+13
1/11/2020,1.37988E+13
1/12/2020,1.37988E+13
1/13/2020,1.37988E+13
1/14/2020,1.37988E+13
1/15/2020,1.47764E+13
1/16/2020,1.47764E+13
1/17/2020,1.47764E+13
1/18/2020,1.47764E+13
1/19/2020,1.47764E+13
1/20/2020,1.47764E+13
1/21/2020,1.47764E+13
1/22/2020,1.47764E+13
1/23/2020,1.47764E+13
1/24/2020,1.47764E+13
1/25/2020,1.47764E+13
1/26/2020,1.47764E+13
1/27/2020,1.47764E+13
1/28/2020,1.47764E+13
1/29/2020,1.54661E+13
1/30/2020,1.54661E+13
1/31/2020,1.54661E+13
2/1/2020,1.54661E+13
2/2/2020,1.54661E+13
2/3/2020,1.54661E+13
2/4/2020,1.54661E+13
2/5/2020,1.54661E+13
2/6/2020,1.54661E+13
2/7/2020,1.54661E+13
2/8/2020,1.54661E+13
2/9/2020,1.54661E+13
2/10/2020,1.54661E+13
