Date,TotalTransactions
1/10/2009,19
1/11/2009,80
1/12/2009,174
1/13/2009,274
1/14/2009,397
1/15/2009,527
1/16/2009,661
1/17/2009,771
1/18/2009,880
1/19/2009,988
1/20/2009,1105
1/21/2009,1220
1/22/2009,1324
1/23/2009,1416
1/24/2009,1501
1/25/2009,1703
1/26/2009,1895
1/27/2009,1992
1/28/2009,2090
1/29/2009,2202
1/30/2009,2324
1/31/2009,2441
2/1/2009,2580
2/2/2009,2694
2/3/2009,2823
2/4/2009,2978
2/5/2009,3097
2/6/2009,3223
2/7/2009,3345
2/8/2009,3478
2/9/2009,3611
2/10/2009,3746
2/11/2009,3866
2/12/2009,4001
2/13/2009,4120
2/14/2009,4244
2/15/2009,4380
2/16/2009,4511
2/17/2009,4634
2/18/2009,4751
2/19/2009,4869
2/20/2009,4994
2/21/2009,5116
2/22/2009,5230
2/23/2009,5355
2/24/2009,5463
2/25/2009,5569
2/26/2009,5674
2/27/2009,5781
2/28/2009,5897
3/1/2009,5997
3/2/2009,6102
3/3/2009,6210
3/4/2009,6317
3/5/2009,6423
3/6/2009,6536
3/7/2009,6653
3/8/2009,6762
3/9/2009,6880
3/10/2009,6988
3/11/2009,7095
3/12/2009,7209
3/13/2009,7328
3/14/2009,7442
3/15/2009,7552
3/16/2009,7675
3/17/2009,7797
3/18/2009,7911
3/19/2009,8027
3/20/2009,8149
3/21/2009,8268
3/22/2009,8318
3/23/2009,8439
3/24/2009,8569
3/25/2009,8674
3/26/2009,8791
3/27/2009,8909
3/28/2009,9015
3/29/2009,9137
3/30/2009,9253
3/31/2009,9373
4/1/2009,9484
4/2/2009,9598
4/3/2009,9713
4/4/2009,9829
4/5/2009,9942
4/6/2009,10074
4/7/2009,10183
4/8/2009,10283
4/9/2009,10388
4/10/2009,10487
4/11/2009,10595
4/12/2009,10716
4/13/2009,10836
4/14/2009,10952
4/15/2009,11076
4/16/2009,11189
4/17/2009,11312
4/18/2009,11424
4/19/2009,11554
4/20/2009,11674
4/21/2009,11795
4/22/2009,11919
4/23/2009,12040
4/24/2009,12115
4/25/2009,12230
4/26/2009,12348
4/27/2009,12462
4/28/2009,12566
4/29/2009,12683
4/30/2009,12812
5/1/2009,12943
5/2/2009,13064
5/3/2009,13192
5/4/2009,13301
5/5/2009,13430
5/6/2009,13566
5/7/2009,13701
5/8/2009,13823
5/9/2009,13930
5/10/2009,14008
5/11/2009,14093
5/12/2009,14214
5/13/2009,14344
5/14/2009,14460
5/15/2009,14602
5/16/2009,14739
5/17/2009,14858
5/18/2009,14985
5/19/2009,15103
5/20/2009,15189
5/21/2009,15309
5/22/2009,15391
5/23/2009,15452
5/24/2009,15484
5/25/2009,15584
5/26/2009,15693
5/27/2009,15818
5/28/2009,15937
5/29/2009,16032
5/30/2009,16139
5/31/2009,16248
6/1/2009,16344
6/2/2009,16416
6/3/2009,16527
6/4/2009,16598
6/5/2009,16664
6/6/2009,16694
6/7/2009,16722
6/8/2009,16738
6/9/2009,16820
6/10/2009,16911
6/11/2009,16993
6/12/2009,17082
6/13/2009,17168
6/14/2009,17246
6/15/2009,17318
6/16/2009,17402
6/17/2009,17473
6/18/2009,17552
6/19/2009,17632
6/20/2009,17719
6/21/2009,17797
6/22/2009,17878
6/23/2009,17955
6/24/2009,18031
6/25/2009,18128
6/26/2009,18197
6/27/2009,18287
6/28/2009,18371
6/29/2009,18418
6/30/2009,18503
7/1/2009,18588
7/2/2009,18663
7/3/2009,18747
7/4/2009,18829
7/5/2009,18918
7/6/2009,18997
7/7/2009,19081
7/8/2009,19150
7/9/2009,19224
7/10/2009,19310
7/11/2009,19391
7/12/2009,19474
7/13/2009,19551
7/14/2009,19629
7/15/2009,19698
7/16/2009,19743
7/17/2009,19814
7/18/2009,19861
7/19/2009,19865
7/20/2009,19935
7/21/2009,20006
7/22/2009,20088
7/23/2009,20148
7/24/2009,20224
7/25/2009,20297
7/26/2009,20329
7/27/2009,20350
7/28/2009,20424
7/29/2009,20465
7/30/2009,20485
7/31/2009,20501
8/1/2009,20518
8/2/2009,20546
8/3/2009,20569
8/4/2009,20581
8/5/2009,20662
8/6/2009,20749
8/7/2009,20839
8/8/2009,20920
8/9/2009,21000
8/10/2009,21101
8/11/2009,21176
8/12/2009,21246
8/13/2009,21309
8/14/2009,21394
8/15/2009,21457
8/16/2009,21483
8/17/2009,21502
8/18/2009,21519
8/19/2009,21529
8/20/2009,21547
8/21/2009,21569
8/22/2009,21583
8/23/2009,21590
8/24/2009,21605
8/25/2009,21620
8/26/2009,21670
8/27/2009,21721
8/28/2009,21750
8/29/2009,21825
8/30/2009,21904
8/31/2009,22001
9/1/2009,22088
9/2/2009,22166
9/3/2009,22232
9/4/2009,22294
9/5/2009,22358
9/6/2009,22434
9/7/2009,22502
9/8/2009,22581
9/9/2009,22650
9/10/2009,22704
9/11/2009,22771
9/12/2009,22838
9/13/2009,22907
9/14/2009,22982
9/15/2009,23056
9/16/2009,23100
9/17/2009,23173
9/18/2009,23258
9/19/2009,23336
9/20/2009,23410
9/21/2009,23488
9/22/2009,23558
9/23/2009,23584
9/24/2009,23620
9/25/2009,23717
9/26/2009,23810
9/27/2009,23911
9/28/2009,23998
9/29/2009,24083
9/30/2009,24173
10/1/2009,24258
10/2/2009,24340
10/3/2009,24413
10/4/2009,24471
10/5/2009,24524
10/6/2009,24579
10/7/2009,24624
10/8/2009,24684
10/9/2009,24754
10/10/2009,24833
10/11/2009,24910
10/12/2009,24984
10/13/2009,25043
10/14/2009,25100
10/15/2009,25169
10/16/2009,25240
10/17/2009,25301
10/18/2009,25358
10/19/2009,25433
10/20/2009,25545
10/21/2009,25641
10/22/2009,25722
10/23/2009,25813
10/24/2009,25902
10/25/2009,25965
10/26/2009,26041
10/27/2009,26112
10/28/2009,26177
10/29/2009,26243
10/30/2009,26291
10/31/2009,26351
11/1/2009,26397
11/2/2009,26422
11/3/2009,26455
11/4/2009,26517
11/5/2009,26581
11/6/2009,26638
11/7/2009,26700
11/8/2009,26769
11/9/2009,26842
11/10/2009,26906
11/11/2009,26987
11/12/2009,27057
11/13/2009,27125
11/14/2009,27206
11/15/2009,27285
11/16/2009,27381
11/17/2009,27478
11/18/2009,27570
11/19/2009,27649
11/20/2009,27721
11/21/2009,27807
11/22/2009,27880
11/23/2009,27986
11/24/2009,28082
11/25/2009,28175
11/26/2009,28265
11/27/2009,28349
11/28/2009,28423
11/29/2009,28494
11/30/2009,28554
12/1/2009,28629
12/2/2009,28703
12/3/2009,28797
12/4/2009,28885
12/5/2009,28921
12/6/2009,28986
12/7/2009,29091
12/8/2009,29204
12/9/2009,29310
12/10/2009,29419
12/11/2009,29523
12/12/2009,29637
12/13/2009,29747
12/14/2009,29861
12/15/2009,29968
12/16/2009,30081
12/17/2009,30217
12/18/2009,30389
12/19/2009,30614
12/20/2009,30813
12/21/2009,30989
12/22/2009,31164
12/23/2009,31326
12/24/2009,31480
12/25/2009,31634
12/26/2009,31784
12/27/2009,31958
12/28/2009,32126
12/29/2009,32263
12/30/2009,32434
12/31/2009,32575
1/1/2010,32713
1/2/2010,32847
1/3/2010,32973
1/4/2010,33159
1/5/2010,33342
1/6/2010,33540
1/7/2010,33703
1/8/2010,33857
1/9/2010,34010
1/10/2010,34161
1/11/2010,34351
1/12/2010,34510
1/13/2010,34671
1/14/2010,34837
1/15/2010,34982
1/16/2010,35124
1/17/2010,35250
1/18/2010,35381
1/19/2010,35507
1/20/2010,35631
1/21/2010,35789
1/22/2010,35973
1/23/2010,36109
1/24/2010,36271
1/25/2010,36426
1/26/2010,36641
1/27/2010,36842
1/28/2010,37008
1/29/2010,37187
1/30/2010,37388
1/31/2010,37602
2/1/2010,37769
2/2/2010,37962
2/3/2010,38108
2/4/2010,38380
2/5/2010,38614
2/6/2010,38841
2/7/2010,39047
2/8/2010,39269
2/9/2010,39477
2/10/2010,39687
2/11/2010,39860
2/12/2010,40034
2/13/2010,40222
2/14/2010,40457
2/15/2010,40676
2/16/2010,40861
2/17/2010,41062
2/18/2010,41312
2/19/2010,41527
2/20/2010,41722
2/21/2010,41932
2/22/2010,42159
2/23/2010,42424
2/24/2010,42675
2/25/2010,42852
2/26/2010,43010
2/27/2010,43186
2/28/2010,43361
3/1/2010,43520
3/2/2010,43719
3/3/2010,43912
3/4/2010,44070
3/5/2010,44258
3/6/2010,44431
3/7/2010,44614
3/8/2010,44797
3/9/2010,44927
3/10/2010,45075
3/11/2010,45244
3/12/2010,45380
3/13/2010,45503
3/14/2010,45657
3/15/2010,45784
3/16/2010,45924
3/17/2010,46053
3/18/2010,46192
3/19/2010,46342
3/20/2010,46503
3/21/2010,46707
3/22/2010,46898
3/23/2010,47083
3/24/2010,47303
3/25/2010,47485
3/26/2010,47687
3/27/2010,47900
3/28/2010,48085
3/29/2010,48276
3/30/2010,48483
3/31/2010,48704
4/1/2010,48920
4/2/2010,49097
4/3/2010,49258
4/4/2010,49424
4/5/2010,49607
4/6/2010,49788
4/7/2010,49962
4/8/2010,50166
4/9/2010,50364
4/10/2010,50585
4/11/2010,50886
4/12/2010,51148
4/13/2010,51396
4/14/2010,51606
4/15/2010,51861
4/16/2010,52118
4/17/2010,52351
4/18/2010,52602
4/19/2010,55956
4/20/2010,56229
4/21/2010,56472
4/22/2010,56725
4/23/2010,56923
4/24/2010,57123
4/25/2010,57325
4/26/2010,57528
4/27/2010,57741
4/28/2010,57973
4/29/2010,58201
4/30/2010,58380
5/1/2010,58549
5/2/2010,58760
5/3/2010,58942
5/4/2010,59128
5/5/2010,59304
5/6/2010,59467
5/7/2010,59646
5/8/2010,59804
5/9/2010,59983
5/10/2010,60168
5/11/2010,60323
5/12/2010,60453
5/13/2010,60613
5/14/2010,60779
5/15/2010,60933
5/16/2010,61045
5/17/2010,61178
5/18/2010,61356
5/19/2010,61580
5/20/2010,61786
5/21/2010,62024
5/22/2010,62258
5/23/2010,62485
5/24/2010,62794
5/25/2010,63043
5/26/2010,63298
5/27/2010,63585
5/28/2010,63852
5/29/2010,64128
5/30/2010,64372
5/31/2010,64573
6/1/2010,64762
6/2/2010,64945
6/3/2010,65139
6/4/2010,65377
6/5/2010,65546
6/6/2010,65741
6/7/2010,65939
6/8/2010,66147
6/9/2010,66369
6/10/2010,66588
6/11/2010,66807
6/12/2010,67055
6/13/2010,67268
6/14/2010,67512
6/15/2010,67761
6/16/2010,68034
6/17/2010,68224
6/18/2010,68427
6/19/2010,68619
6/20/2010,68836
6/21/2010,69061
6/22/2010,69306
6/23/2010,69535
6/24/2010,69789
6/25/2010,70031
6/26/2010,70238
6/27/2010,70441
6/28/2010,70677
6/29/2010,70904
6/30/2010,71171
7/1/2010,71440
7/2/2010,71727
7/3/2010,71974
7/4/2010,72252
7/5/2010,72476
7/6/2010,72726
7/7/2010,72935
7/8/2010,73157
7/9/2010,73376
7/10/2010,73643
7/11/2010,73883
7/12/2010,74300
7/13/2010,76540
7/14/2010,78028
7/15/2010,84154
7/16/2010,85489
7/17/2010,86669
7/18/2010,87090
7/19/2010,87510
7/20/2010,88018
7/21/2010,88622
7/22/2010,89076
7/23/2010,89473
7/24/2010,89887
7/25/2010,90776
7/26/2010,92598
7/27/2010,93068
7/28/2010,93493
7/29/2010,96512
7/30/2010,97311
7/31/2010,97634
8/1/2010,97931
8/2/2010,98294
8/3/2010,98691
8/4/2010,99342
8/5/2010,99778
8/6/2010,100297
8/7/2010,100657
8/8/2010,100925
8/9/2010,101315
8/10/2010,101740
8/11/2010,102082
8/12/2010,102499
8/13/2010,102936
8/14/2010,103398
8/15/2010,103835
8/16/2010,104172
8/17/2010,104617
8/18/2010,104934
8/19/2010,105298
8/20/2010,105623
8/21/2010,106046
8/22/2010,106387
8/23/2010,106752
8/24/2010,107122
8/25/2010,107503
8/26/2010,107868
8/27/2010,108236
8/28/2010,108528
8/29/2010,108868
8/30/2010,109141
8/31/2010,109465
9/1/2010,109903
9/2/2010,110295
9/3/2010,110597
9/4/2010,110916
9/5/2010,111193
9/6/2010,111501
9/7/2010,111784
9/8/2010,112064
9/9/2010,112403
9/10/2010,112742
9/11/2010,113090
9/12/2010,113391
9/13/2010,113767
9/14/2010,114205
9/15/2010,114635
9/16/2010,115065
9/17/2010,115495
9/18/2010,115858
9/19/2010,116260
9/20/2010,116618
9/21/2010,117096
9/22/2010,117899
9/23/2010,118593
9/24/2010,119226
9/25/2010,119722
9/26/2010,120261
9/27/2010,120672
9/28/2010,121251
9/29/2010,121747
9/30/2010,122723
10/1/2010,123084
10/2/2010,123683
10/3/2010,124187
10/4/2010,124544
10/5/2010,124955
10/6/2010,125325
10/7/2010,125727
10/8/2010,126071
10/9/2010,126432
10/10/2010,126835
10/11/2010,127199
10/12/2010,127542
10/13/2010,127892
10/14/2010,128255
10/15/2010,128619
10/16/2010,128948
10/17/2010,129391
10/18/2010,129847
10/19/2010,130424
10/20/2010,131351
10/21/2010,132090
10/22/2010,132626
10/23/2010,133219
10/24/2010,133735
10/25/2010,134284
10/26/2010,134696
10/27/2010,135217
10/28/2010,135783
10/29/2010,136278
10/30/2010,136735
10/31/2010,137161
11/1/2010,137469
11/2/2010,137826
11/3/2010,138103
11/4/2010,138450
11/5/2010,138808
11/6/2010,139248
11/7/2010,139631
11/8/2010,140082
11/9/2010,140598
11/10/2010,141008
11/11/2010,141407
11/12/2010,141798
11/13/2010,142084
11/14/2010,142425
11/15/2010,142845
11/16/2010,148502
11/17/2010,156820
11/18/2010,157253
11/19/2010,159356
11/20/2010,168819
11/21/2010,178162
11/22/2010,188159
11/23/2010,188521
11/24/2010,188845
11/25/2010,192866
11/26/2010,197792
11/27/2010,199075
11/28/2010,199520
11/29/2010,199973
11/30/2010,200429
12/1/2010,200892
12/2/2010,201404
12/3/2010,201851
12/4/2010,202238
12/5/2010,202657
12/6/2010,203088
12/7/2010,203557
12/8/2010,204126
12/9/2010,204646
12/10/2010,205142
12/11/2010,205518
12/12/2010,206060
12/13/2010,206713
12/14/2010,207364
12/15/2010,208005
12/16/2010,208644
12/17/2010,209175
12/18/2010,209635
12/19/2010,210144
12/20/2010,210699
12/21/2010,211627
12/22/2010,212256
12/23/2010,212929
12/24/2010,213436
12/25/2010,213963
12/26/2010,214596
12/27/2010,215180
12/28/2010,215724
12/29/2010,216366
12/30/2010,216914
12/31/2010,217479
1/1/2011,218023
1/2/2011,218677
1/3/2011,219270
1/4/2011,220423
1/5/2011,221406
1/6/2011,222721
1/7/2011,223381
1/8/2011,224432
1/9/2011,225821
1/10/2011,227049
1/11/2011,228378
1/12/2011,229738
1/13/2011,230893
1/14/2011,232183
1/15/2011,233444
1/16/2011,234400
1/17/2011,235305
1/18/2011,236141
1/19/2011,236990
1/20/2011,237889
1/21/2011,238824
1/22/2011,239981
1/23/2011,241395
1/24/2011,242479
1/25/2011,243823
1/26/2011,244693
1/27/2011,245700
1/28/2011,246543
1/29/2011,247662
1/30/2011,248979
1/31/2011,251747
2/1/2011,252972
2/2/2011,253990
2/3/2011,254875
2/4/2011,255676
2/5/2011,256584
2/6/2011,257460
2/7/2011,258321
2/8/2011,259209
2/9/2011,260088
2/10/2011,261334
2/11/2011,263372
2/12/2011,265721
2/13/2011,267652
2/14/2011,269455
2/15/2011,271475
2/16/2011,273656
2/17/2011,275760
2/18/2011,278033
2/19/2011,280060
2/20/2011,281657
2/21/2011,283608
2/22/2011,285606
2/23/2011,287761
2/24/2011,290046
2/25/2011,292139
2/26/2011,294211
2/27/2011,296126
2/28/2011,298428
3/1/2011,300127
3/2/2011,302954
3/3/2011,304880
3/4/2011,308077
3/5/2011,310065
3/6/2011,312080
3/7/2011,314129
3/8/2011,316059
3/9/2011,318516
3/10/2011,320329
3/11/2011,322035
3/12/2011,323883
3/13/2011,326895
3/14/2011,329561
3/15/2011,332216
3/16/2011,335053
3/17/2011,338391
3/18/2011,341605
3/19/2011,344356
3/20/2011,347372
3/21/2011,351237
3/22/2011,357168
3/23/2011,359507
3/24/2011,363889
3/25/2011,366077
3/26/2011,368079
3/27/2011,371409
3/28/2011,373895
3/29/2011,377040
3/30/2011,379576
3/31/2011,381269
4/1/2011,383355
4/2/2011,384918
4/3/2011,386720
4/4/2011,388512
4/5/2011,390880
4/6/2011,392955
4/7/2011,394816
4/8/2011,396488
4/9/2011,398271
4/10/2011,399983
4/11/2011,401728
4/12/2011,403693
4/13/2011,405745
4/14/2011,408159
4/15/2011,411232
4/16/2011,413242
4/17/2011,415158
4/18/2011,417447
4/19/2011,420542
4/20/2011,424095
4/21/2011,427048
4/22/2011,428954
4/23/2011,431037
4/24/2011,433354
4/25/2011,435807
4/26/2011,438341
4/27/2011,441739
4/28/2011,446316
4/29/2011,449299
4/30/2011,452931
5/1/2011,457328
5/2/2011,461242
5/3/2011,464333
5/4/2011,467305
5/5/2011,470076
5/6/2011,473568
5/7/2011,476898
5/8/2011,480710
5/9/2011,483701
5/10/2011,487180
5/11/2011,490283
5/12/2011,493394
5/13/2011,496759
5/14/2011,500827
5/15/2011,505272
5/16/2011,509092
5/17/2011,513379
5/18/2011,517818
5/19/2011,523474
5/20/2011,528067
5/21/2011,532906
5/22/2011,537815
5/23/2011,543125
5/24/2011,548891
5/25/2011,554722
5/26/2011,561123
5/27/2011,567962
5/28/2011,572828
5/29/2011,577814
5/30/2011,582669
5/31/2011,587972
6/1/2011,594049
6/2/2011,600590
6/3/2011,607695
6/4/2011,616065
6/5/2011,625006
6/6/2011,633506
6/7/2011,643272
6/8/2011,652431
6/9/2011,664084
6/10/2011,676424
6/11/2011,687763
6/12/2011,698640
6/13/2011,711203
6/14/2011,722152
6/15/2011,736370
6/16/2011,749011
6/17/2011,761669
6/18/2011,773125
6/19/2011,784535
6/20/2011,796177
6/21/2011,807124
6/22/2011,817004
6/23/2011,828485
6/24/2011,838839
6/25/2011,849889
6/26/2011,859612
6/27/2011,869915
6/28/2011,881444
6/29/2011,892119
6/30/2011,902056
7/1/2011,911595
7/2/2011,922337
7/3/2011,930226
7/4/2011,938606
7/5/2011,948377
7/6/2011,957454
7/7/2011,967860
7/8/2011,976892
7/9/2011,985429
7/10/2011,993165
7/11/2011,1001843
7/12/2011,1012166
7/13/2011,1020462
7/14/2011,1029527
7/15/2011,1038318
7/16/2011,1046562
7/17/2011,1055267
7/18/2011,1063616
7/19/2011,1072498
7/20/2011,1081671
7/21/2011,1090502
7/22/2011,1098615
7/23/2011,1107686
7/24/2011,1115026
7/25/2011,1123530
7/26/2011,1132850
7/27/2011,1141070
7/28/2011,1149095
7/29/2011,1157272
7/30/2011,1164547
7/31/2011,1170647
8/1/2011,1178934
8/2/2011,1187395
8/3/2011,1195885
8/4/2011,1203698
8/5/2011,1212022
8/6/2011,1219719
8/7/2011,1226107
8/8/2011,1232851
8/9/2011,1240241
8/10/2011,1249407
8/11/2011,1257609
8/12/2011,1265222
8/13/2011,1272469
8/14/2011,1280063
8/15/2011,1287457
8/16/2011,1295614
8/17/2011,1305300
8/18/2011,1313015
8/19/2011,1320656
8/20/2011,1328156
8/21/2011,1335252
8/22/2011,1342824
8/23/2011,1350736
8/24/2011,1357945
8/25/2011,1365446
8/26/2011,1372616
8/27/2011,1380076
8/28/2011,1386487
8/29/2011,1391979
8/30/2011,1400263
8/31/2011,1407946
9/1/2011,1415244
9/2/2011,1422299
9/3/2011,1429492
9/4/2011,1435375
9/5/2011,1442622
9/6/2011,1449619
9/7/2011,1457622
9/8/2011,1464572
9/9/2011,1471108
9/10/2011,1478358
9/11/2011,1484424
9/12/2011,1491012
9/13/2011,1497299
9/14/2011,1503875
9/15/2011,1510186
9/16/2011,1516582
9/17/2011,1522843
9/18/2011,1528241
9/19/2011,1534261
9/20/2011,1541064
9/21/2011,1549094
9/22/2011,1556910
9/23/2011,1562993
9/24/2011,1569265
9/25/2011,1575015
9/26/2011,1580806
9/27/2011,1586399
9/28/2011,1592511
9/29/2011,1598543
9/30/2011,1603931
10/1/2011,1609888
10/2/2011,1615347
10/3/2011,1620425
10/4/2011,1626977
10/5/2011,1632531
10/6/2011,1638320
10/7/2011,1644240
10/8/2011,1649982
10/9/2011,1655341
10/10/2011,1660898
10/11/2011,1666750
10/12/2011,1672822
10/13/2011,1678634
10/14/2011,1683549
10/15/2011,1689661
10/16/2011,1695238
10/17/2011,1700196
10/18/2011,1706015
10/19/2011,1711054
10/20/2011,1716019
10/21/2011,1720666
10/22/2011,1725877
10/23/2011,1731308
10/24/2011,1736896
10/25/2011,1742553
10/26/2011,1747760
10/27/2011,1753153
10/28/2011,1757897
10/29/2011,1762756
10/30/2011,1768554
10/31/2011,1773292
11/1/2011,1778529
11/2/2011,1784383
11/3/2011,1790427
11/4/2011,1796818
11/5/2011,1803145
11/6/2011,1808937
11/7/2011,1813972
11/8/2011,1819606
11/9/2011,1825574
11/10/2011,1832278
11/11/2011,1838633
11/12/2011,1843822
11/13/2011,1848642
11/14/2011,1854363
11/15/2011,1859913
11/16/2011,1866317
11/17/2011,1872330
11/18/2011,1877351
11/19/2011,1882425
11/20/2011,1887135
11/21/2011,1892171
11/22/2011,1897145
11/23/2011,1902552
11/24/2011,1908072
11/25/2011,1913119
11/26/2011,1918534
11/27/2011,1923224
11/28/2011,1928317
11/29/2011,1934245
11/30/2011,1940795
12/1/2011,1947560
12/2/2011,1954072
12/3/2011,1960108
12/4/2011,1965967
12/5/2011,1971188
12/6/2011,1977522
12/7/2011,1985498
12/8/2011,1991733
12/9/2011,1997485
12/10/2011,2003058
12/11/2011,2008757
12/12/2011,2013956
12/13/2011,2018981
12/14/2011,2024193
12/15/2011,2029899
12/16/2011,2035041
12/17/2011,2040102
12/18/2011,2044843
12/19/2011,2049587
12/20/2011,2055352
12/21/2011,2061778
12/22/2011,2067320
12/23/2011,2073191
12/24/2011,2078689
12/25/2011,2083357
12/26/2011,2088669
12/27/2011,2094384
12/28/2011,2099518
12/29/2011,2104640
12/30/2011,2109746
12/31/2011,2114780
1/1/2012,2119958
1/2/2012,2124942
1/3/2012,2130483
1/4/2012,2136159
1/5/2012,2142086
1/6/2012,2148950
1/7/2012,2155483
1/8/2012,2161622
1/9/2012,2167901
1/10/2012,2174081
1/11/2012,2180531
1/12/2012,2187769
1/13/2012,2194586
1/14/2012,2201280
1/15/2012,2208224
1/16/2012,2214380
1/17/2012,2221367
1/18/2012,2228353
1/19/2012,2234880
1/20/2012,2241750
1/21/2012,2248481
1/22/2012,2254799
1/23/2012,2260173
1/24/2012,2266435
1/25/2012,2273792
1/26/2012,2281806
1/27/2012,2288125
1/28/2012,2294388
1/29/2012,2300432
1/30/2012,2306802
1/31/2012,2312855
2/1/2012,2319938
2/2/2012,2326457
2/3/2012,2333486
2/4/2012,2340650
2/5/2012,2347880
2/6/2012,2354587
2/7/2012,2360807
2/8/2012,2367737
2/9/2012,2374866
2/10/2012,2382269
2/11/2012,2390903
2/12/2012,2398500
2/13/2012,2405448
2/14/2012,2413613
2/15/2012,2423227
2/16/2012,2432753
2/17/2012,2441931
2/18/2012,2448615
2/19/2012,2455069
2/20/2012,2460991
2/21/2012,2467561
2/22/2012,2473781
2/23/2012,2480932
2/24/2012,2489142
2/25/2012,2496035
2/26/2012,2502229
2/27/2012,2507979
2/28/2012,2514885
2/29/2012,2521518
3/1/2012,2528329
3/2/2012,2535141
3/3/2012,2542776
3/4/2012,2548112
3/5/2012,2554451
3/6/2012,2561453
3/7/2012,2567889
3/8/2012,2574509
3/9/2012,2581051
3/10/2012,2587638
3/11/2012,2593011
3/12/2012,2598042
3/13/2012,2604488
3/14/2012,2611818
3/15/2012,2618697
3/16/2012,2625006
3/17/2012,2631790
3/18/2012,2638832
3/19/2012,2644880
3/20/2012,2651643
3/21/2012,2658187
3/22/2012,2665163
3/23/2012,2671784
3/24/2012,2677923
3/25/2012,2684283
3/26/2012,2690495
3/27/2012,2697306
3/28/2012,2703872
3/29/2012,2710917
3/30/2012,2718696
3/31/2012,2725482
4/1/2012,2731699
4/2/2012,2737265
4/3/2012,2743777
4/4/2012,2751458
4/5/2012,2758671
4/6/2012,2765685
4/7/2012,2772414
4/8/2012,2778371
4/9/2012,2784218
4/10/2012,2790897
4/11/2012,2799389
4/12/2012,2807524
4/13/2012,2815491
4/14/2012,2822800
4/15/2012,2830824
4/16/2012,2838013
4/17/2012,2846534
4/18/2012,2854445
4/19/2012,2862971
4/20/2012,2870767
4/21/2012,2879016
4/22/2012,2886350
4/23/2012,2892570
4/24/2012,2899923
4/25/2012,2907516
4/26/2012,2915009
4/27/2012,2925213
4/28/2012,2932221
4/29/2012,2939676
4/30/2012,2947516
5/1/2012,2956833
5/2/2012,2967214
5/3/2012,2977141
5/4/2012,2991084
5/5/2012,3005680
5/6/2012,3018240
5/7/2012,3029433
5/8/2012,3047912
5/9/2012,3065368
5/10/2012,3082921
5/11/2012,3096386
5/12/2012,3113512
5/13/2012,3131784
5/14/2012,3147109
5/15/2012,3175620
5/16/2012,3198726
5/17/2012,3215547
5/18/2012,3233221
5/19/2012,3257612
5/20/2012,3294599
5/21/2012,3323758
5/22/2012,3355588
5/23/2012,3379540
5/24/2012,3406160
5/25/2012,3433311
5/26/2012,3462362
5/27/2012,3485076
5/28/2012,3511824
5/29/2012,3541696
5/30/2012,3571985
5/31/2012,3597502
6/1/2012,3617965
6/2/2012,3644807
6/3/2012,3657905
6/4/2012,3692726
6/5/2012,3738675
6/6/2012,3781281
6/7/2012,3798620
6/8/2012,3831526
6/9/2012,3855598
6/10/2012,3888850
6/11/2012,3928771
6/12/2012,3961537
6/13/2012,3981597
6/14/2012,4036699
6/15/2012,4098705
6/16/2012,4154566
6/17/2012,4197151
6/18/2012,4240792
6/19/2012,4279002
6/20/2012,4315947
6/21/2012,4348482
6/22/2012,4375157
6/23/2012,4397598
6/24/2012,4420050
6/25/2012,4442326
6/26/2012,4471233
6/27/2012,4501706
6/28/2012,4532022
6/29/2012,4559139
6/30/2012,4582361
7/1/2012,4604509
7/2/2012,4624031
7/3/2012,4649480
7/4/2012,4671123
7/5/2012,4694269
7/6/2012,4716434
7/7/2012,4740864
7/8/2012,4766254
7/9/2012,4786731
7/10/2012,4812479
7/11/2012,4847554
7/12/2012,4878366
7/13/2012,4902917
7/14/2012,4927496
7/15/2012,4949751
7/16/2012,4976311
7/17/2012,5007666
7/18/2012,5042928
7/19/2012,5075442
7/20/2012,5106951
7/21/2012,5143365
7/22/2012,5178307
7/23/2012,5214757
7/24/2012,5245729
7/25/2012,5274852
7/26/2012,5300983
7/27/2012,5331504
7/28/2012,5358835
7/29/2012,5394249
7/30/2012,5428417
7/31/2012,5462861
8/1/2012,5505325
8/2/2012,5535584
8/3/2012,5568449
8/4/2012,5595772
8/5/2012,5625426
8/6/2012,5659226
8/7/2012,5694622
8/8/2012,5723677
8/9/2012,5763053
8/10/2012,5793945
8/11/2012,5821905
8/12/2012,5854940
8/13/2012,5890534
8/14/2012,5939021
8/15/2012,5973942
8/16/2012,6027399
8/17/2012,6072824
8/18/2012,6113899
8/19/2012,6150662
8/20/2012,6187321
8/21/2012,6223619
8/22/2012,6267743
8/23/2012,6303708
8/24/2012,6335220
8/25/2012,6367142
8/26/2012,6400525
8/27/2012,6430238
8/28/2012,6463822
8/29/2012,6493853
8/30/2012,6527660
8/31/2012,6561705
9/1/2012,6602900
9/2/2012,6642891
9/3/2012,6676214
9/4/2012,6715582
9/5/2012,6754399
9/6/2012,6795746
9/7/2012,6838551
9/8/2012,6872131
9/9/2012,6903401
9/10/2012,6935037
9/11/2012,6968514
9/12/2012,7007222
9/13/2012,7034502
9/14/2012,7063613
9/15/2012,7100124
9/16/2012,7127579
9/17/2012,7155147
9/18/2012,7180342
9/19/2012,7212345
9/20/2012,7244575
9/21/2012,7276290
9/22/2012,7306274
9/23/2012,7328352
9/24/2012,7356290
9/25/2012,7385222
9/26/2012,7411416
9/27/2012,7442440
9/28/2012,7470191
9/29/2012,7504905
9/30/2012,7527388
10/1/2012,7548504
10/2/2012,7573129
10/3/2012,7605953
10/4/2012,7632918
10/5/2012,7666485
10/6/2012,7701413
10/7/2012,7735485
10/8/2012,7769095
10/9/2012,7807824
10/10/2012,7843009
10/11/2012,7874739
10/12/2012,7901359
10/13/2012,7929988
10/14/2012,7963438
10/15/2012,7990871
10/16/2012,8022239
10/17/2012,8055947
10/18/2012,8088389
10/19/2012,8116258
10/20/2012,8142144
10/21/2012,8172074
10/22/2012,8213343
10/23/2012,8256497
10/24/2012,8288068
10/25/2012,8321173
10/26/2012,8347188
10/27/2012,8368971
10/28/2012,8385320
10/29/2012,8403325
10/30/2012,8425402
10/31/2012,8456498
11/1/2012,8483091
11/2/2012,8507138
11/3/2012,8536149
11/4/2012,8560595
11/5/2012,8584397
11/6/2012,8616861
11/7/2012,8649437
11/8/2012,8685327
11/9/2012,8717580
11/10/2012,8742555
11/11/2012,8769379
11/12/2012,8793121
11/13/2012,8817283
11/14/2012,8843591
11/15/2012,8874762
11/16/2012,8912023
11/17/2012,8952185
11/18/2012,8983951
11/19/2012,9018936
11/20/2012,9055222
11/21/2012,9093104
11/22/2012,9131357
11/23/2012,9162977
11/24/2012,9194984
11/25/2012,9224170
11/26/2012,9260096
11/27/2012,9297549
11/28/2012,9324649
11/29/2012,9362612
11/30/2012,9399157
12/1/2012,9429949
12/2/2012,9462540
12/3/2012,9482809
12/4/2012,9505154
12/5/2012,9538433
12/6/2012,9572451
12/7/2012,9608124
12/8/2012,9640977
12/9/2012,9673327
12/10/2012,9705212
12/11/2012,9741735
12/12/2012,9778760
12/13/2012,9815756
12/14/2012,9857514
12/15/2012,9896241
12/16/2012,9929404
12/17/2012,9965643
12/18/2012,10006433
12/19/2012,10056237
12/20/2012,10102270
12/21/2012,10137279
12/22/2012,10181557
12/23/2012,10231842
12/24/2012,10269999
12/25/2012,10304998
12/26/2012,10334978
12/27/2012,10371253
12/28/2012,10414929
12/29/2012,10462078
12/30/2012,10500851
12/31/2012,10543880
1/1/2013,10574923
1/2/2013,10607977
1/3/2013,10645749
1/4/2013,10689444
1/5/2013,10736967
1/6/2013,10776919
1/7/2013,10809992
1/8/2013,10850581
1/9/2013,10889554
1/10/2013,10932348
1/11/2013,10985079
1/12/2013,11037730
1/13/2013,11084053
1/14/2013,11133971
1/15/2013,11177577
1/16/2013,11223805
1/17/2013,11275736
1/18/2013,11324748
1/19/2013,11374254
1/20/2013,11429595
1/21/2013,11470967
1/22/2013,11511741
1/23/2013,11554282
1/24/2013,11601767
1/25/2013,11647539
1/26/2013,11697182
1/27/2013,11750047
1/28/2013,11803931
1/29/2013,11856814
1/30/2013,11907424
1/31/2013,11948514
2/1/2013,12001174
2/2/2013,12058839
2/3/2013,12113515
2/4/2013,12174180
2/5/2013,12230103
2/6/2013,12284113
2/7/2013,12326149
2/8/2013,12389473
2/9/2013,12449436
2/10/2013,12507043
2/11/2013,12563302
2/12/2013,12621212
2/13/2013,12679870
2/14/2013,12738236
2/15/2013,12789852
2/16/2013,12844461
2/17/2013,12897001
2/18/2013,12946648
2/19/2013,12996905
2/20/2013,13050488
2/21/2013,13110924
2/22/2013,13167455
2/23/2013,13229224
2/24/2013,13287089
2/25/2013,13343889
2/26/2013,13412268
2/27/2013,13474740
2/28/2013,13535903
3/1/2013,13598834
3/2/2013,13663445
3/3/2013,13719394
3/4/2013,13772663
3/5/2013,13836824
3/6/2013,13893110
3/7/2013,13956499
3/8/2013,14023868
3/9/2013,14079216
3/10/2013,14135024
3/11/2013,14208133
3/12/2013,14266851
3/13/2013,14316803
3/14/2013,14373169
3/15/2013,14431750
3/16/2013,14494802
3/17/2013,14527964
3/18/2013,14563421
3/19/2013,14606935
3/20/2013,14652922
3/21/2013,14699235
3/22/2013,14755235
3/23/2013,14815723
3/24/2013,14868113
3/25/2013,14920113
3/26/2013,14967871
3/27/2013,15018090
3/28/2013,15070440
3/29/2013,15132212
3/30/2013,15193467
3/31/2013,15254299
4/1/2013,15297902
4/2/2013,15350645
4/3/2013,15413337
4/4/2013,15478894
4/5/2013,15544561
4/6/2013,15605535
4/7/2013,15657432
4/8/2013,15720811
4/9/2013,15783181
4/10/2013,15851234
4/11/2013,15914172
4/12/2013,15982159
4/13/2013,16040808
4/14/2013,16094101
4/15/2013,16150926
4/16/2013,16204700
4/17/2013,16272140
4/18/2013,16328800
4/19/2013,16377849
4/20/2013,16435511
4/21/2013,16482847
4/22/2013,16527267
4/23/2013,16574391
4/24/2013,16636371
4/25/2013,16702041
4/26/2013,16763420
4/27/2013,16818992
4/28/2013,16862126
4/29/2013,16904991
4/30/2013,16957087
5/1/2013,17003811
5/2/2013,17060676
5/3/2013,17115150
5/4/2013,17166278
5/5/2013,17217025
5/6/2013,17267052
5/7/2013,17320003
5/8/2013,17377525
5/9/2013,17428143
5/10/2013,17495329
5/11/2013,17563010
5/12/2013,17636602
5/13/2013,17701484
5/14/2013,17762224
5/15/2013,17829398
5/16/2013,17892373
5/17/2013,17953673
5/18/2013,18013034
5/19/2013,18065249
5/20/2013,18112406
5/21/2013,18161187
5/22/2013,18215291
5/23/2013,18267343
5/24/2013,18327164
5/25/2013,18381992
5/26/2013,18432920
5/27/2013,18473806
5/28/2013,18527140
5/29/2013,18585520
5/30/2013,18639856
5/31/2013,18696372
6/1/2013,18750853
6/2/2013,18804679
6/3/2013,18854845
6/4/2013,18911479
6/5/2013,18968119
6/6/2013,19025395
6/7/2013,19079857
6/8/2013,19132077
6/9/2013,19179588
6/10/2013,19224500
6/11/2013,19269817
6/12/2013,19318712
6/13/2013,19364831
6/14/2013,19408703
6/15/2013,19457866
6/16/2013,19493884
6/17/2013,19537219
6/18/2013,19583875
6/19/2013,19628991
6/20/2013,19676123
6/21/2013,19729922
6/22/2013,19775885
6/23/2013,19820439
6/24/2013,19858679
6/25/2013,19903350
6/26/2013,19947494
6/27/2013,19994588
6/28/2013,20039632
6/29/2013,20089797
6/30/2013,20126014
7/1/2013,20156291
7/2/2013,20195359
7/3/2013,20235054
7/4/2013,20270292
7/5/2013,20305777
7/6/2013,20342663
7/7/2013,20375577
7/8/2013,20406506
7/9/2013,20445873
7/10/2013,20486722
7/11/2013,20526427
7/12/2013,20570050
7/13/2013,20619435
7/14/2013,20656789
7/15/2013,20690399
7/16/2013,20727952
7/17/2013,20768115
7/18/2013,20807881
7/19/2013,20848986
7/20/2013,20885640
7/21/2013,20919929
7/22/2013,20954874
7/23/2013,20994783
7/24/2013,21033297
7/25/2013,21076174
7/26/2013,21117800
7/27/2013,21155715
7/28/2013,21191837
7/29/2013,21230643
7/30/2013,21271213
7/31/2013,21315021
8/1/2013,21363780
8/2/2013,21414941
8/3/2013,21467145
8/4/2013,21511443
8/5/2013,21555457
8/6/2013,21605448
8/7/2013,21660224
8/8/2013,21718265
8/9/2013,21775362
8/10/2013,21825982
8/11/2013,21876559
8/12/2013,21915245
8/13/2013,21965501
8/14/2013,22019554
8/15/2013,22070588
8/16/2013,22127928
8/17/2013,22199224
8/18/2013,22257108
8/19/2013,22313877
8/20/2013,22384112
8/21/2013,22446879
8/22/2013,22509027
8/23/2013,22574543
8/24/2013,22629577
8/25/2013,22681696
8/26/2013,22726987
8/27/2013,22782269
8/28/2013,22844276
8/29/2013,22909978
8/30/2013,22968800
8/31/2013,23030744
9/1/2013,23077433
9/2/2013,23124245
9/3/2013,23176392
9/4/2013,23228838
9/5/2013,23280617
9/6/2013,23341870
9/7/2013,23404354
9/8/2013,23454968
9/9/2013,23500691
9/10/2013,23559190
9/11/2013,23611975
9/12/2013,23660611
9/13/2013,23714158
9/14/2013,23758981
9/15/2013,23801417
9/16/2013,23855615
9/17/2013,23909007
9/18/2013,23977226
9/19/2013,24036034
9/20/2013,24096566
9/21/2013,24154304
9/22/2013,24206791
9/23/2013,24258317
9/24/2013,24323668
9/25/2013,24386007
9/26/2013,24441697
9/27/2013,24498716
9/28/2013,24545065
9/29/2013,24587885
9/30/2013,24628315
10/1/2013,24675350
10/2/2013,24733873
10/3/2013,24794525
10/4/2013,24854698
10/5/2013,24905813
10/6/2013,24951132
10/7/2013,24994546
10/8/2013,25040424
10/9/2013,25084585
10/10/2013,25135957
10/11/2013,25192822
10/12/2013,25244071
10/13/2013,25293601
10/14/2013,25344485
10/15/2013,25401959
10/16/2013,25458329
10/17/2013,25508453
10/18/2013,25556817
10/19/2013,25615143
10/20/2013,25672174
10/21/2013,25720144
10/22/2013,25780740
10/23/2013,25845690
10/24/2013,25901649
10/25/2013,25964772
10/26/2013,26022313
10/27/2013,26069832
10/28/2013,26113692
10/29/2013,26164782
10/30/2013,26214977
10/31/2013,26264072
11/1/2013,26320894
11/2/2013,26365993
11/3/2013,26405872
11/4/2013,26440851
11/5/2013,26487515
11/6/2013,26539802
11/7/2013,26595563
11/8/2013,26655030
11/9/2013,26714951
11/10/2013,26770087
11/11/2013,26826681
11/12/2013,26883665
11/13/2013,26941978
11/14/2013,27007967
11/15/2013,27077177
11/16/2013,27137550
11/17/2013,27184145
11/18/2013,27236692
11/19/2013,27319034
11/20/2013,27409802
11/21/2013,27485379
11/22/2013,27558620
11/23/2013,27635949
11/24/2013,27706910
11/25/2013,27767714
11/26/2013,27839343
11/27/2013,27926889
11/28/2013,28019674
11/29/2013,28118687
11/30/2013,28208498
12/1/2013,28282590
12/2/2013,28354872
12/3/2013,28431204
12/4/2013,28508089
12/5/2013,28588953
12/6/2013,28673205
12/7/2013,28743635
12/8/2013,28809793
12/9/2013,28857723
12/10/2013,28921451
12/11/2013,28990656
12/12/2013,29057543
12/13/2013,29114386
12/14/2013,29175565
12/15/2013,29228777
12/16/2013,29281668
12/17/2013,29351824
12/18/2013,29418355
12/19/2013,29499769
12/20/2013,29570017
12/21/2013,29637616
12/22/2013,29692643
12/23/2013,29745048
12/24/2013,29798831
12/25/2013,29854951
12/26/2013,29909507
12/27/2013,29961849
12/28/2013,30015529
12/29/2013,30062371
12/30/2013,30113698
12/31/2013,30168823
1/1/2014,30217541
1/2/2014,30260129
1/3/2014,30315459
1/4/2014,30376955
1/5/2014,30428997
1/6/2014,30486677
1/7/2014,30555346
1/8/2014,30617706
1/9/2014,30678764
1/10/2014,30738018
1/11/2014,30792917
1/12/2014,30849053
1/13/2014,30898518
1/14/2014,30953191
1/15/2014,31009222
1/16/2014,31072157
1/17/2014,31127944
1/18/2014,31187242
1/19/2014,31238601
1/20/2014,31286194
1/21/2014,31349901
1/22/2014,31423137
1/23/2014,31488125
1/24/2014,31550957
1/25/2014,31617712
1/26/2014,31670790
1/27/2014,31724232
1/28/2014,31788761
1/29/2014,31854928
1/30/2014,31914601
1/31/2014,31975717
2/1/2014,32034828
2/2/2014,32090732
2/3/2014,32142037
2/4/2014,32201635
2/5/2014,32269873
2/6/2014,32337421
2/7/2014,32407325
2/8/2014,32479904
2/9/2014,32543249
2/10/2014,32600951
2/11/2014,32666962
2/12/2014,32734348
2/13/2014,32795359
2/14/2014,32864703
2/15/2014,32938591
2/16/2014,33000235
2/17/2014,33057865
2/18/2014,33119456
2/19/2014,33183780
2/20/2014,33256475
2/21/2014,33325256
2/22/2014,33395981
2/23/2014,33453705
2/24/2014,33513214
2/25/2014,33587814
2/26/2014,33667421
2/27/2014,33739761
2/28/2014,33812289
3/1/2014,33883680
3/2/2014,33945774
3/3/2014,34003559
3/4/2014,34084997
3/5/2014,34168313
3/6/2014,34241048
3/7/2014,34310487
3/8/2014,34382898
3/9/2014,34447860
3/10/2014,34509380
3/11/2014,34581118
3/12/2014,34658218
3/13/2014,34734143
3/14/2014,34807416
3/15/2014,34876883
3/16/2014,34937402
3/17/2014,34997115
3/18/2014,35061923
3/19/2014,35117771
3/20/2014,35190756
3/21/2014,35263615
3/22/2014,35334407
3/23/2014,35401967
3/24/2014,35460575
3/25/2014,35529823
3/26/2014,35603033
3/27/2014,35670315
3/28/2014,35744169
3/29/2014,35808380
3/30/2014,35863211
3/31/2014,35918182
4/1/2014,35984150
4/2/2014,36049323
4/3/2014,36114602
4/4/2014,36182694
4/5/2014,36247845
4/6/2014,36302879
4/7/2014,36353927
4/8/2014,36420568
4/9/2014,36487697
4/10/2014,36552231
4/11/2014,36621642
4/12/2014,36685934
4/13/2014,36733846
4/14/2014,36784661
4/15/2014,36854744
4/16/2014,36928702
4/17/2014,36997037
4/18/2014,37063252
4/19/2014,37119407
4/20/2014,37172567
4/21/2014,37220973
4/22/2014,37282108
4/23/2014,37358098
4/24/2014,37433978
4/25/2014,37504268
4/26/2014,37577937
4/27/2014,37628599
4/28/2014,37681599
4/29/2014,37746737
4/30/2014,37811445
5/1/2014,37875577
5/2/2014,37935340
5/3/2014,37995897
5/4/2014,38049854
5/5/2014,38104067
5/6/2014,38168906
5/7/2014,38245214
5/8/2014,38315431
5/9/2014,38384094
5/10/2014,38450712
5/11/2014,38507348
5/12/2014,38561456
5/13/2014,38635385
5/14/2014,38703364
5/15/2014,38772853
5/16/2014,38848326
5/17/2014,38913451
5/18/2014,38967413
5/19/2014,39018674
5/20/2014,39080514
5/21/2014,39152543
5/22/2014,39222516
5/23/2014,39295099
5/24/2014,39369569
5/25/2014,39421271
5/26/2014,39479058
5/27/2014,39544509
5/28/2014,39614598
5/29/2014,39686935
5/30/2014,39750894
5/31/2014,39816873
6/1/2014,39868159
6/2/2014,39924055
6/3/2014,39989078
6/4/2014,40057690
6/5/2014,40124399
6/6/2014,40190374
6/7/2014,40252244
6/8/2014,40305392
6/9/2014,40352592
6/10/2014,40410961
6/11/2014,40476190
6/12/2014,40538513
6/13/2014,40602114
6/14/2014,40667230
6/15/2014,40720894
6/16/2014,40775823
6/17/2014,40843814
6/18/2014,40913329
6/19/2014,40976515
6/20/2014,41039156
6/21/2014,41096477
6/22/2014,41147746
6/23/2014,41198523
6/24/2014,41258814
6/25/2014,41323077
6/26/2014,41387320
6/27/2014,41448570
6/28/2014,41511491
6/29/2014,41566393
6/30/2014,41616724
7/1/2014,41686658
7/2/2014,41756539
7/3/2014,41822526
7/4/2014,41884503
7/5/2014,41944377
7/6/2014,41993410
7/7/2014,42046016
7/8/2014,42111999
7/9/2014,42181492
7/10/2014,42251311
7/11/2014,42314283
7/12/2014,42373070
7/13/2014,42427043
7/14/2014,42478955
7/15/2014,42543037
7/16/2014,42614404
7/17/2014,42680481
7/18/2014,42746270
7/19/2014,42810235
7/20/2014,42868882
7/21/2014,42922579
7/22/2014,42986101
7/23/2014,43053507
7/24/2014,43119493
7/25/2014,43185495
7/26/2014,43247861
7/27/2014,43304864
7/28/2014,43356267
7/29/2014,43421320
7/30/2014,43484010
7/31/2014,43549677
8/1/2014,43619481
8/2/2014,43685685
8/3/2014,43741056
8/4/2014,43795504
8/5/2014,43863481
8/6/2014,43938253
8/7/2014,44015618
8/8/2014,44085083
8/9/2014,44153038
8/10/2014,44214335
8/11/2014,44273436
8/12/2014,44346746
8/13/2014,44425758
8/14/2014,44500985
8/15/2014,44582081
8/16/2014,44655776
8/17/2014,44721241
8/18/2014,44781454
8/19/2014,44854007
8/20/2014,44929053
8/21/2014,45002131
8/22/2014,45075386
8/23/2014,45142303
8/24/2014,45200212
8/25/2014,45257424
8/26/2014,45327095
8/27/2014,45399610
8/28/2014,45475282
8/29/2014,45543288
8/30/2014,45611233
8/31/2014,45672619
9/1/2014,45731293
9/2/2014,45800780
9/3/2014,45874205
9/4/2014,45943804
9/5/2014,46015272
9/6/2014,46085928
9/7/2014,46146332
9/8/2014,46206738
9/9/2014,46283528
9/10/2014,46364813
9/11/2014,46439989
9/12/2014,46504447
9/13/2014,46571882
9/14/2014,46632537
9/15/2014,46700905
9/16/2014,46778981
9/17/2014,46868696
9/18/2014,46947408
9/19/2014,47023944
9/20/2014,47094208
9/21/2014,47158552
9/22/2014,47216594
9/23/2014,47290261
9/24/2014,47367334
9/25/2014,47442792
9/26/2014,47521660
9/27/2014,47594411
9/28/2014,47655564
9/29/2014,47719112
9/30/2014,47798407
10/1/2014,47875785
10/2/2014,47955067
10/3/2014,48028352
10/4/2014,48102575
10/5/2014,48169549
10/6/2014,48235836
10/7/2014,48314944
10/8/2014,48392250
10/9/2014,48471396
10/10/2014,48554155
10/11/2014,48633769
10/12/2014,48699498
10/13/2014,48764642
10/14/2014,48842283
10/15/2014,48925357
10/16/2014,49000209
10/17/2014,49076056
10/18/2014,49144352
10/19/2014,49211379
10/20/2014,49276770
10/21/2014,49359158
10/22/2014,49440064
10/23/2014,49519347
10/24/2014,49599908
10/25/2014,49681480
10/26/2014,49750557
10/27/2014,49821250
10/28/2014,49906498
10/29/2014,49994611
10/30/2014,50089124
10/31/2014,50180909
11/1/2014,50265615
11/2/2014,50335134
11/3/2014,50411814
11/4/2014,50502267
11/5/2014,50592905
11/6/2014,50682151
11/7/2014,50773125
11/8/2014,50857173
11/9/2014,50932025
11/10/2014,51005089
11/11/2014,51094561
11/12/2014,51179260
11/13/2014,51277157
11/14/2014,51367809
11/15/2014,51453441
11/16/2014,51526224
11/17/2014,51601907
11/18/2014,51690105
11/19/2014,51777793
11/20/2014,51867042
11/21/2014,51953364
11/22/2014,52034162
11/23/2014,52109893
11/24/2014,52188209
11/25/2014,52274408
11/26/2014,52357590
11/27/2014,52445055
11/28/2014,52529058
11/29/2014,52614028
11/30/2014,52694215
12/1/2014,52778784
12/2/2014,52879477
12/3/2014,52979455
12/4/2014,53075415
12/5/2014,53174957
12/6/2014,53265222
12/7/2014,53345072
12/8/2014,53419667
12/9/2014,53510881
12/10/2014,53601936
12/11/2014,53691309
12/12/2014,53775453
12/13/2014,53855096
12/14/2014,53930367
12/15/2014,54012112
12/16/2014,54109231
12/17/2014,54208611
12/18/2014,54306012
12/19/2014,54401041
12/20/2014,54495711
12/21/2014,54582149
12/22/2014,54661833
12/23/2014,54758519
12/24/2014,54858753
12/25/2014,54939291
12/26/2014,55007175
12/27/2014,55084581
12/28/2014,55162747
12/29/2014,55235518
12/30/2014,55321545
12/31/2014,55404718
1/1/2015,55480699
1/2/2015,55541041
1/3/2015,55624256
1/4/2015,55705822
1/5/2015,55788763
1/6/2015,55884640
1/7/2015,55973646
1/8/2015,56066355
1/9/2015,56172113
1/10/2015,56272650
1/11/2015,56379139
1/12/2015,56469045
1/13/2015,56569938
1/14/2015,56668305
1/15/2015,56775443
1/16/2015,56895255
1/17/2015,57000136
1/18/2015,57088690
1/19/2015,57172608
1/20/2015,57271760
1/21/2015,57372060
1/22/2015,57465477
1/23/2015,57561100
1/24/2015,57655302
1/25/2015,57736061
1/26/2015,57822015
1/27/2015,57930037
1/28/2015,58029451
1/29/2015,58114702
1/30/2015,58207150
1/31/2015,58287024
2/1/2015,58373821
2/2/2015,58452133
2/3/2015,58539482
2/4/2015,58630987
2/5/2015,58720036
2/6/2015,58807743
2/7/2015,58892629
2/8/2015,58978556
2/9/2015,59061995
2/10/2015,59167051
2/11/2015,59269297
2/12/2015,59368015
2/13/2015,59456392
2/14/2015,59570327
2/15/2015,59670966
2/16/2015,59753206
2/17/2015,59856815
2/18/2015,59961038
2/19/2015,60065162
2/20/2015,60159043
2/21/2015,60258429
2/22/2015,60346749
2/23/2015,60431528
2/24/2015,60536182
2/25/2015,60639464
2/26/2015,60742878
2/27/2015,60844250
2/28/2015,60947987
3/1/2015,61036100
3/2/2015,61124180
3/3/2015,61231362
3/4/2015,61342008
3/5/2015,61440970
3/6/2015,61538626
3/7/2015,61632435
3/8/2015,61723709
3/9/2015,61813899
3/10/2015,61920835
3/11/2015,62022974
3/12/2015,62126433
3/13/2015,62220045
3/14/2015,62317271
3/15/2015,62408612
3/16/2015,62492015
3/17/2015,62597744
3/18/2015,62697572
3/19/2015,62796033
3/20/2015,62902942
3/21/2015,63005275
3/22/2015,63101625
3/23/2015,63191776
3/24/2015,63294253
3/25/2015,63387068
3/26/2015,63485462
3/27/2015,63587048
3/28/2015,63685582
3/29/2015,63774673
3/30/2015,63866721
3/31/2015,63970994
4/1/2015,64085821
4/2/2015,64206701
4/3/2015,64316623
4/4/2015,64422727
4/5/2015,64510485
4/6/2015,64607154
4/7/2015,64712557
4/8/2015,64825924
4/9/2015,64935397
4/10/2015,65051994
4/11/2015,65161783
4/12/2015,65262119
4/13/2015,65348850
4/14/2015,65465296
4/15/2015,65574196
4/16/2015,65682295
4/17/2015,65781960
4/18/2015,65883074
4/19/2015,65980800
4/20/2015,66074362
4/21/2015,66190992
4/22/2015,66301402
4/23/2015,66414890
4/24/2015,66524954
4/25/2015,66630679
4/26/2015,66731440
4/27/2015,66825106
4/28/2015,66938608
4/29/2015,67052303
4/30/2015,67169984
5/1/2015,67280797
5/2/2015,67382397
5/3/2015,67475453
5/4/2015,67559449
5/5/2015,67664088
5/6/2015,67780031
5/7/2015,67891444
5/8/2015,68001970
5/9/2015,68112270
5/10/2015,68208416
5/11/2015,68295836
5/12/2015,68406141
5/13/2015,68515898
5/14/2015,68626622
5/15/2015,68728833
5/16/2015,68833507
5/17/2015,68922939
5/18/2015,69012194
5/19/2015,69109296
5/20/2015,69218389
5/21/2015,69323350
5/22/2015,69421502
5/23/2015,69524678
5/24/2015,69611987
5/25/2015,69703261
5/26/2015,69810899
5/27/2015,69922002
5/28/2015,70028378
5/29/2015,70139036
5/30/2015,70269495
5/31/2015,70391853
6/1/2015,70489357
6/2/2015,70622157
6/3/2015,70748024
6/4/2015,70877564
6/5/2015,70992390
6/6/2015,71101421
6/7/2015,71195190
6/8/2015,71277841
6/9/2015,71389668
6/10/2015,71510956
6/11/2015,71640741
6/12/2015,71761516
6/13/2015,71887060
6/14/2015,71992449
6/15/2015,72097977
6/16/2015,72226690
6/17/2015,72347180
6/18/2015,72479344
6/19/2015,72605330
6/20/2015,72731491
6/21/2015,72832170
6/22/2015,72929063
6/23/2015,73048113
6/24/2015,73174929
6/25/2015,73288434
6/26/2015,73397779
6/27/2015,73515651
6/28/2015,73619569
6/29/2015,73720351
6/30/2015,73845270
7/1/2015,74001163
7/2/2015,74144007
7/3/2015,74287115
7/4/2015,74416620
7/5/2015,74520490
7/6/2015,74635358
7/7/2015,74816421
7/8/2015,75007465
7/9/2015,75203208
7/10/2015,75398330
7/11/2015,75588615
7/12/2015,75775721
7/13/2015,75984484
7/14/2015,76143092
7/15/2015,76268098
7/16/2015,76380414
7/17/2015,76496608
7/18/2015,76611607
7/19/2015,76745798
7/20/2015,76863610
7/21/2015,76989036
7/22/2015,77123363
7/23/2015,77252499
7/24/2015,77363146
7/25/2015,77471441
7/26/2015,77572162
7/27/2015,77665853
7/28/2015,77780213
7/29/2015,77902229
7/30/2015,78042883
7/31/2015,78167555
8/1/2015,78313149
8/2/2015,78461758
8/3/2015,78565881
8/4/2015,78685435
8/5/2015,78818557
8/6/2015,78950004
8/7/2015,79084958
8/8/2015,79200479
8/9/2015,79301590
8/10/2015,79389876
8/11/2015,79505971
8/12/2015,79622114
8/13/2015,79739210
8/14/2015,79855165
8/15/2015,79965825
8/16/2015,80062369
8/17/2015,80151124
8/18/2015,80271902
8/19/2015,80389719
8/20/2015,80506316
8/21/2015,80625913
8/22/2015,80738889
8/23/2015,80843392
8/24/2015,80937563
8/25/2015,81064125
8/26/2015,81187224
8/27/2015,81311164
8/28/2015,81428359
8/29/2015,81548533
8/30/2015,81657737
8/31/2015,81754663
9/1/2015,81883902
9/2/2015,82015236
9/3/2015,82166399
9/4/2015,82291818
9/5/2015,82394108
9/6/2015,82521777
9/7/2015,82627845
9/8/2015,82752385
9/9/2015,82880327
9/10/2015,83004481
9/11/2015,83127882
9/12/2015,83310100
9/13/2015,83447001
9/14/2015,83591781
9/15/2015,83760933
9/16/2015,83922837
9/17/2015,84092098
9/18/2015,84349222
9/19/2015,84511514
9/20/2015,84625958
9/21/2015,84733828
9/22/2015,84866975
9/23/2015,85002346
9/24/2015,85135106
9/25/2015,85261019
9/26/2015,85387660
9/27/2015,85503903
9/28/2015,85612888
9/29/2015,85749096
9/30/2015,85890489
10/1/2015,86031193
10/2/2015,86167621
10/3/2015,86308505
10/4/2015,86423991
10/5/2015,86526194
10/6/2015,86655792
10/7/2015,86800600
10/8/2015,86936500
10/9/2015,87070713
10/10/2015,87190684
10/11/2015,87314557
10/12/2015,87419531
10/13/2015,87554845
10/14/2015,87689725
10/15/2015,87833194
10/16/2015,87984961
10/17/2015,88128863
10/18/2015,88269783
10/19/2015,88383236
10/20/2015,88530075
10/21/2015,88677752
10/22/2015,88823135
10/23/2015,88975327
10/24/2015,89113830
10/25/2015,89257771
10/26/2015,89388446
10/27/2015,89504427
10/28/2015,89658113
10/29/2015,89819277
10/30/2015,89979908
10/31/2015,90143782
11/1/2015,90299780
11/2/2015,90452943
11/3/2015,90627181
11/4/2015,90812454
11/5/2015,91018066
11/6/2015,91199942
11/7/2015,91366705
11/8/2015,91517720
11/9/2015,91653220
11/10/2015,91809518
11/11/2015,91970126
11/12/2015,92132237
11/13/2015,92292314
11/14/2015,92445648
11/15/2015,92594931
11/16/2015,92735094
11/17/2015,92895773
11/18/2015,93054499
11/19/2015,93221145
11/20/2015,93370097
11/21/2015,93528039
11/22/2015,93676965
11/23/2015,93806993
11/24/2015,93954032
11/25/2015,94106475
11/26/2015,94259539
11/27/2015,94422996
11/28/2015,94584969
11/29/2015,94748989
11/30/2015,94879620
12/1/2015,95064756
12/2/2015,95241650
12/3/2015,95424676
12/4/2015,95588640
12/5/2015,95760172
12/6/2015,95949106
12/7/2015,96126123
12/8/2015,96320091
12/9/2015,96518960
12/10/2015,96736803
12/11/2015,96949115
12/12/2015,97159916
12/13/2015,97364184
12/14/2015,97552386
12/15/2015,97784358
12/16/2015,98009253
12/17/2015,98232067
12/18/2015,98445574
12/19/2015,98663277
12/20/2015,98871475
12/21/2015,99068057
12/22/2015,99301424
12/23/2015,99519604
12/24/2015,99739704
12/25/2015,99953202
12/26/2015,100127232
12/27/2015,100306630
12/28/2015,100467361
12/29/2015,100642271
12/30/2015,100826877
12/31/2015,101004445
1/1/2016,101157937
1/2/2016,101282499
1/3/2016,101430508
1/4/2016,101575682
1/5/2016,101754439
1/6/2016,101938255
1/7/2016,102110204
1/8/2016,102301438
1/9/2016,102481214
1/10/2016,102666979
1/11/2016,102823113
1/12/2016,103016183
1/13/2016,103210790
1/14/2016,103403415
1/15/2016,103585385
1/16/2016,103764620
1/17/2016,103962186
1/18/2016,104158532
1/19/2016,104375364
1/20/2016,104563505
1/21/2016,104773295
1/22/2016,104990706
1/23/2016,105207006
1/24/2016,105395228
1/25/2016,105599783
1/26/2016,105824223
1/27/2016,106053182
1/28/2016,106283678
1/29/2016,106505395
1/30/2016,106728573
1/31/2016,106923866
2/1/2016,107101861
2/2/2016,107328458
2/3/2016,107566832
2/4/2016,107754422
2/5/2016,107956611
2/6/2016,108179454
2/7/2016,108408206
2/8/2016,108618919
2/9/2016,108847677
2/10/2016,109080810
2/11/2016,109310202
2/12/2016,109531519
2/13/2016,109733298
2/14/2016,109918187
2/15/2016,110108029
2/16/2016,110328800
2/17/2016,110545186
2/18/2016,110769440
2/19/2016,110983305
2/20/2016,111201523
2/21/2016,111417693
2/22/2016,111626325
2/23/2016,111862658
2/24/2016,112111798
2/25/2016,112331705
2/26/2016,112549482
2/27/2016,112753423
2/28/2016,112930449
2/29/2016,113170338
3/1/2016,113434533
3/2/2016,113710229
3/3/2016,113976023
3/4/2016,114204377
3/5/2016,114405262
3/6/2016,114641181
3/7/2016,114802416
3/8/2016,114989770
3/9/2016,115187429
3/10/2016,115374271
3/11/2016,115565087
3/12/2016,115760653
3/13/2016,115927265
3/14/2016,116075299
3/15/2016,116264559
3/16/2016,116468948
3/17/2016,116680938
3/18/2016,116887871
3/19/2016,117092316
3/20/2016,117273090
3/21/2016,117448022
3/22/2016,117647914
3/23/2016,117851245
3/24/2016,118041328
3/25/2016,118230567
3/26/2016,118401355
3/27/2016,118560925
3/28/2016,118719791
3/29/2016,118919302
3/30/2016,119120086
3/31/2016,119318727
4/1/2016,119528828
4/2/2016,119732545
4/3/2016,119922281
4/4/2016,120094260
4/5/2016,120303517
4/6/2016,120522798
4/7/2016,120742125
4/8/2016,120963379
4/9/2016,121173688
4/10/2016,121371384
4/11/2016,121557870
4/12/2016,121792076
4/13/2016,122025957
4/14/2016,122250981
4/15/2016,122479691
4/16/2016,122693017
4/17/2016,122873751
4/18/2016,123067160
4/19/2016,123289306
4/20/2016,123515109
4/21/2016,123727194
4/22/2016,123942772
4/23/2016,124152490
4/24/2016,124336634
4/25/2016,124519362
4/26/2016,124740916
4/27/2016,124991372
4/28/2016,125236363
4/29/2016,125482128
4/30/2016,125740802
5/1/2016,125958835
5/2/2016,126143934
5/3/2016,126368816
5/4/2016,126601151
5/5/2016,126840446
5/6/2016,127069318
5/7/2016,127308429
5/8/2016,127504700
5/9/2016,127689557
5/10/2016,127918721
5/11/2016,128165772
5/12/2016,128402339
5/13/2016,128629663
5/14/2016,128860749
5/15/2016,129069039
5/16/2016,129274467
5/17/2016,129509856
5/18/2016,129754448
5/19/2016,129989438
5/20/2016,130201749
5/21/2016,130414158
5/22/2016,130600448
5/23/2016,130786305
5/24/2016,131015441
5/25/2016,131256749
5/26/2016,131506411
5/27/2016,131728290
5/28/2016,131944180
5/29/2016,132132192
5/30/2016,132319325
5/31/2016,132525464
6/1/2016,132744572
6/2/2016,132974642
6/3/2016,133208840
6/4/2016,133438120
6/5/2016,133633832
6/6/2016,133823531
6/7/2016,134046197
6/8/2016,134283660
6/9/2016,134514667
6/10/2016,134745400
6/11/2016,134972783
6/12/2016,135186667
6/13/2016,135401055
6/14/2016,135653411
6/15/2016,135897361
6/16/2016,136158582
6/17/2016,136426741
6/18/2016,136676825
6/19/2016,136914476
6/20/2016,137128075
6/21/2016,137379113
6/22/2016,137630815
6/23/2016,137868377
6/24/2016,138102726
6/25/2016,138340415
6/26/2016,138549977
6/27/2016,138729332
6/28/2016,138948226
6/29/2016,139161320
6/30/2016,139386590
7/1/2016,139614445
7/2/2016,139824440
7/3/2016,140017860
7/4/2016,140198938
7/5/2016,140412857
7/6/2016,140627615
7/7/2016,140848560
7/8/2016,141058479
7/9/2016,141268846
7/10/2016,141451403
7/11/2016,141614063
7/12/2016,141834287
7/13/2016,142052445
7/14/2016,142269956
7/15/2016,142493564
7/16/2016,142704890
7/17/2016,142887158
7/18/2016,143057708
7/19/2016,143280325
7/20/2016,143502177
7/21/2016,143727717
7/22/2016,143950045
7/23/2016,144170634
7/24/2016,144367513
7/25/2016,144552041
7/26/2016,144790510
7/27/2016,145027670
7/28/2016,145257917
7/29/2016,145497859
7/30/2016,145727391
7/31/2016,145926954
8/1/2016,146119704
8/2/2016,146342915
8/3/2016,146593508
8/4/2016,146835519
8/5/2016,147067700
8/6/2016,147298012
8/7/2016,147493355
8/8/2016,147683977
8/9/2016,147918170
8/10/2016,148149385
8/11/2016,148399354
8/12/2016,148650821
8/13/2016,148884807
8/14/2016,149102586
8/15/2016,149297880
8/16/2016,149503100
8/17/2016,149758651
8/18/2016,149993959
8/19/2016,150231886
8/20/2016,150477667
8/21/2016,150693528
8/22/2016,150875803
8/23/2016,151099242
8/24/2016,151338357
8/25/2016,151578206
8/26/2016,151810385
8/27/2016,152035601
8/28/2016,152228252
8/29/2016,152401194
8/30/2016,152631883
8/31/2016,152880665
9/1/2016,153107150
9/2/2016,153340619
9/3/2016,153569674
9/4/2016,153749140
9/5/2016,153929176
9/6/2016,154164236
9/7/2016,154391706
9/8/2016,154645093
9/9/2016,154870767
9/10/2016,155088369
9/11/2016,155284580
9/12/2016,155464290
9/13/2016,155676865
9/14/2016,155915151
9/15/2016,156143013
9/16/2016,156377052
9/17/2016,156593771
9/18/2016,156806197
9/19/2016,156997517
9/20/2016,157222796
9/21/2016,157464277
9/22/2016,157702384
9/23/2016,157932152
9/24/2016,158162440
9/25/2016,158365702
9/26/2016,158562486
9/27/2016,158794321
9/28/2016,159038201
9/29/2016,159272439
9/30/2016,159513724
10/1/2016,159762007
10/2/2016,159978069
10/3/2016,160167660
10/4/2016,160430579
10/5/2016,160692534
10/6/2016,160962090
10/7/2016,161233810
10/8/2016,161501440
10/9/2016,161747807
10/10/2016,161962278
10/11/2016,162187152
10/12/2016,162449533
10/13/2016,162683394
10/14/2016,162914263
10/15/2016,163152232
10/16/2016,163362173
10/17/2016,163561553
10/18/2016,163799861
10/19/2016,164049751
10/20/2016,164243645
10/21/2016,164521526
10/22/2016,164781132
10/23/2016,164999689
10/24/2016,165192494
10/25/2016,165417291
10/26/2016,165655884
10/27/2016,165877796
10/28/2016,166210534
10/29/2016,166455378
10/30/2016,166687131
10/31/2016,166893019
11/1/2016,167138109
11/2/2016,167386833
11/3/2016,167653374
11/4/2016,167926928
11/5/2016,168173840
11/6/2016,168410430
11/7/2016,168634705
11/8/2016,168912711
11/9/2016,169206350
11/10/2016,169478802
11/11/2016,169744878
11/12/2016,170003666
11/13/2016,170235693
11/14/2016,170449805
11/15/2016,170723584
11/16/2016,171003653
11/17/2016,171295863
11/18/2016,171570331
11/19/2016,171845437
11/20/2016,172096531
11/21/2016,172341918
11/22/2016,172627512
11/23/2016,172912106
11/24/2016,173183008
11/25/2016,173517935
11/26/2016,173833017
11/27/2016,174105155
11/28/2016,174349261
11/29/2016,174646114
11/30/2016,174935623
12/1/2016,175227820
12/2/2016,175462468
12/3/2016,175782872
12/4/2016,176070298
12/5/2016,176315644
12/6/2016,176594595
12/7/2016,176916459
12/8/2016,177224849
12/9/2016,177510078
12/10/2016,177775855
12/11/2016,178022288
12/12/2016,178250238
12/13/2016,178522658
12/14/2016,178817590
12/15/2016,179105363
12/16/2016,179387172
12/17/2016,179666577
12/18/2016,179902625
12/19/2016,180140440
12/20/2016,180425285
12/21/2016,180720064
12/22/2016,181042961
12/23/2016,181359620
12/24/2016,181662473
12/25/2016,181902200
12/26/2016,182099117
12/27/2016,182348427
12/28/2016,182642681
12/29/2016,182948842
12/30/2016,183254713
12/31/2016,183540362
1/1/2017,183786754
1/2/2017,183964964
1/3/2017,184254828
1/4/2017,184564602
1/5/2017,184891161
1/6/2017,185182137
1/7/2017,185526652
1/8/2017,185808440
1/9/2017,186065354
1/10/2017,186340048
1/11/2017,186662071
1/12/2017,186967251
1/13/2017,187254425
1/14/2017,187533801
1/15/2017,187778162
1/16/2017,188006789
1/17/2017,188280675
1/18/2017,188568760
1/19/2017,188869531
1/20/2017,189170907
1/21/2017,189468891
1/22/2017,189728303
1/23/2017,189966616
1/24/2017,190198797
1/25/2017,190480409
1/26/2017,190788285
1/27/2017,191100125
1/28/2017,191361580
1/29/2017,191608757
1/30/2017,191849726
1/31/2017,192102690
2/1/2017,192413390
2/2/2017,192758545
2/3/2017,193016956
2/4/2017,193340272
2/5/2017,193625589
2/6/2017,193919708
2/7/2017,194147103
2/8/2017,194476397
2/9/2017,194785180
2/10/2017,195128191
2/11/2017,195432643
2/12/2017,195691926
2/13/2017,195925672
2/14/2017,196218740
2/15/2017,196534878
2/16/2017,196823134
2/17/2017,197114876
2/18/2017,197435163
2/19/2017,197718158
2/20/2017,197969927
2/21/2017,198252472
2/22/2017,198531772
2/23/2017,198811162
2/24/2017,199139814
2/25/2017,199483908
2/26/2017,199805684
2/27/2017,200077055
2/28/2017,200360399
3/1/2017,200688392
3/2/2017,201002264
3/3/2017,201333274
3/4/2017,201668590
3/5/2017,201936205
3/6/2017,202214818
3/7/2017,202501979
3/8/2017,202829639
3/9/2017,203128211
3/10/2017,203433161
3/11/2017,203741304
3/12/2017,204019824
3/13/2017,204241714
3/14/2017,204512832
3/15/2017,204826353
3/16/2017,205118212
3/17/2017,205442257
3/18/2017,205736819
3/19/2017,206000657
3/20/2017,206265921
3/21/2017,206547962
3/22/2017,206833148
3/23/2017,207149884
3/24/2017,207438485
3/25/2017,207726348
3/26/2017,207974507
3/27/2017,208186628
3/28/2017,208426226
3/29/2017,208720582
3/30/2017,209002148
3/31/2017,209288388
4/1/2017,209552877
4/2/2017,209808327
4/3/2017,210048253
4/4/2017,210339700
4/5/2017,210595015
4/6/2017,210913462
4/7/2017,211202065
4/8/2017,211498017
4/9/2017,211726374
4/10/2017,211962258
4/11/2017,212237591
4/12/2017,212546562
4/13/2017,212823157
4/14/2017,213052018
4/15/2017,213338865
4/16/2017,213607831
4/17/2017,213820337
4/18/2017,214069632
4/19/2017,214375873
4/20/2017,214685202
4/21/2017,214952307
4/22/2017,215276057
4/23/2017,215549084
4/24/2017,215790391
4/25/2017,216019260
4/26/2017,216343162
4/27/2017,216676843
4/28/2017,216975415
4/29/2017,217280690
4/30/2017,217623142
5/1/2017,217900373
5/2/2017,218199086
5/3/2017,218530939
5/4/2017,218826795
5/5/2017,219182272
5/6/2017,219450335
5/7/2017,219809961
5/8/2017,220128544
5/9/2017,220493037
5/10/2017,220826823
5/11/2017,221137388
5/12/2017,221433436
5/13/2017,221748128
5/14/2017,222078418
5/15/2017,222448044
5/16/2017,222777218
5/17/2017,223008392
5/18/2017,223328626
5/19/2017,223620755
5/20/2017,223937330
5/21/2017,224291988
5/22/2017,224612760
5/23/2017,224944592
5/24/2017,225313475
5/25/2017,225650775
5/26/2017,226001472
5/27/2017,226334718
5/28/2017,226665836
5/29/2017,226969646
5/30/2017,227296713
5/31/2017,227644995
6/1/2017,227965565
6/2/2017,228285083
6/3/2017,228549060
6/4/2017,228855461
6/5/2017,229127200
6/6/2017,229416633
6/7/2017,229716508
6/8/2017,230055094
6/9/2017,230362614
6/10/2017,230643755
6/11/2017,230896618
6/12/2017,231121782
6/13/2017,231392075
6/14/2017,231684072
6/15/2017,231970739
6/16/2017,232262767
6/17/2017,232533937
6/18/2017,232767637
6/19/2017,232977227
6/20/2017,233247856
6/21/2017,233518335
6/22/2017,233798137
6/23/2017,234065783
6/24/2017,234329341
6/25/2017,234549926
6/26/2017,234735482
6/27/2017,234996718
6/28/2017,235257962
6/29/2017,235535277
6/30/2017,235767519
7/1/2017,236034130
7/2/2017,236254561
7/3/2017,236451562
7/4/2017,236702294
7/5/2017,236959190
7/6/2017,237194373
7/7/2017,237423735
7/8/2017,237667436
7/9/2017,237885378
7/10/2017,238071130
7/11/2017,238325664
7/12/2017,238594894
7/13/2017,238850663
7/14/2017,239094725
7/15/2017,239326193
7/16/2017,239542596
7/17/2017,239748168
7/18/2017,239980457
7/19/2017,240240754
7/20/2017,240494505
7/21/2017,240725422
7/22/2017,240995244
7/23/2017,241210304
7/24/2017,241393596
7/25/2017,241637731
7/26/2017,241880239
7/27/2017,242116779
7/28/2017,242342421
7/29/2017,242591683
7/30/2017,242799637
7/31/2017,242993720
8/1/2017,243214833
8/2/2017,243346350
8/3/2017,243561137
8/4/2017,243773631
8/5/2017,244008066
8/6/2017,244243348
8/7/2017,244446573
8/8/2017,244697033
8/9/2017,244972691
8/10/2017,245230278
8/11/2017,245492825
8/12/2017,245771875
8/13/2017,246033662
8/14/2017,246297747
8/15/2017,246556327
8/16/2017,246865634
8/17/2017,247142284
8/18/2017,247490947
8/19/2017,247797581
8/20/2017,248062636
8/21/2017,248278574
8/22/2017,248516835
8/23/2017,248713370
8/24/2017,249027317
8/25/2017,249228829
8/26/2017,249441795
8/27/2017,249666562
8/28/2017,249923915
8/29/2017,250151647
8/30/2017,250428763
8/31/2017,250704662
9/1/2017,250986146
9/2/2017,251261587
9/3/2017,251502779
9/4/2017,251698056
9/5/2017,251968933
9/6/2017,252246469
9/7/2017,252523842
9/8/2017,252780643
9/9/2017,253052055
9/10/2017,253271044
9/11/2017,253470648
9/12/2017,253720554
9/13/2017,253974869
9/14/2017,254236867
9/15/2017,254511276
9/16/2017,254803295
9/17/2017,255027899
9/18/2017,255223965
9/19/2017,255448459
9/20/2017,255732389
9/21/2017,255966616
9/22/2017,256220271
9/23/2017,256444538
9/24/2017,256648458
9/25/2017,256838819
9/26/2017,257065275
9/27/2017,257323697
9/28/2017,257589286
9/29/2017,257859921
9/30/2017,258116009
10/1/2017,258328063
10/2/2017,258533199
10/3/2017,258822705
10/4/2017,259105968
10/5/2017,259345123
10/6/2017,259617292
10/7/2017,259902165
10/8/2017,260125952
10/9/2017,260369221
10/10/2017,260665505
10/11/2017,260970133
10/12/2017,261264923
10/13/2017,261559026
10/14/2017,261866468
10/15/2017,262158429
10/16/2017,262443889
10/17/2017,262756159
10/18/2017,263093428
10/19/2017,263423868
10/20/2017,263778317
10/21/2017,264091890
10/22/2017,264401630
10/23/2017,264692658
10/24/2017,265009152
10/25/2017,265355407
10/26/2017,265665714
10/27/2017,265938509
10/28/2017,266184829
10/29/2017,266393530
10/30/2017,266723877
10/31/2017,267040106
11/1/2017,267320563
11/2/2017,267672206
11/3/2017,268013964
11/4/2017,268291986
11/5/2017,268582951
11/6/2017,268834844
11/7/2017,269108048
11/8/2017,269440836
11/9/2017,269744362
11/10/2017,270084080
11/11/2017,270358318
11/12/2017,270550614
11/13/2017,270738482
11/14/2017,271047441
11/15/2017,271320010
11/16/2017,271639748
11/17/2017,271951027
11/18/2017,272256619
11/19/2017,272525657
11/20/2017,272792913
11/21/2017,273125909
11/22/2017,273499408
11/23/2017,273811391
11/24/2017,274164528
11/25/2017,274471971
11/26/2017,274804642
11/27/2017,275135731
11/28/2017,275517477
11/29/2017,275882786
11/30/2017,276281832
12/1/2017,276665940
12/2/2017,277078595
12/3/2017,277404052
12/4/2017,277751360
12/5/2017,278158828
12/6/2017,278563810
12/7/2017,279006895
12/8/2017,279381992
12/9/2017,279767641
12/10/2017,280169324
12/11/2017,280506049
12/12/2017,280882792
12/13/2017,281255547
12/14/2017,281673329
12/15/2017,282171656
12/16/2017,282572702
12/17/2017,282939811
12/18/2017,283329207
12/19/2017,283727437
12/20/2017,284106087
12/21/2017,284476597
12/22/2017,284811183
12/23/2017,285191350
12/24/2017,285498693
12/25/2017,285773234
12/26/2017,286002699
12/27/2017,286250257
12/28/2017,286562347
12/29/2017,286865528
12/30/2017,287222482
12/31/2017,287560674
1/1/2018,287853824
1/2/2018,288095605
1/3/2018,288439440
1/4/2018,288836539
1/5/2018,289261469
1/6/2018,289601053
1/7/2018,289957691
1/8/2018,290330419
1/9/2018,290676440
1/10/2018,291031478
1/11/2018,291379345
1/12/2018,291714119
1/13/2018,292019024
1/14/2018,292283477
1/15/2018,292519674
1/16/2018,292791963
1/17/2018,293098292
1/18/2018,293412701
1/19/2018,293720767
1/20/2018,293963593
1/21/2018,294200084
1/22/2018,294417746
1/23/2018,294667996
1/24/2018,294934255
1/25/2018,295186059
1/26/2018,295424676
1/27/2018,295643682
1/28/2018,295836234
1/29/2018,296050090
1/30/2018,296280251
1/31/2018,296519972
2/1/2018,296728449
2/2/2018,296981107
2/3/2018,297219014
2/4/2018,297410005
2/5/2018,297582804
2/6/2018,297804410
2/7/2018,298049615
2/8/2018,298257428
2/9/2018,298435028
2/10/2018,298614008
2/11/2018,298790456
2/12/2018,298938478
2/13/2018,299124293
2/14/2018,299312756
2/15/2018,299510670
2/16/2018,299706704
2/17/2018,299892034
2/18/2018,300064198
2/19/2018,300224685
2/20/2018,300416480
2/21/2018,300610626
2/22/2018,300819125
2/23/2018,301001986
2/24/2018,301182867
2/25/2018,301336133
2/26/2018,301480249
2/27/2018,301672389
2/28/2018,301887918
3/1/2018,302078254
3/2/2018,302315119
3/3/2018,302508162
3/4/2018,302688174
3/5/2018,302843169
3/6/2018,303049094
3/7/2018,303258028
3/8/2018,303471018
3/9/2018,303661059
3/10/2018,303863384
3/11/2018,304013029
3/12/2018,304170416
3/13/2018,304355807
3/14/2018,304555166
3/15/2018,304748399
3/16/2018,304949630
3/17/2018,305138042
3/18/2018,305289623
3/19/2018,305454285
3/20/2018,305647934
3/21/2018,305841283
3/22/2018,306040697
3/23/2018,306221261
3/24/2018,306398735
3/25/2018,306558292
3/26/2018,306696059
3/27/2018,306883686
3/28/2018,307069266
3/29/2018,307250436
3/30/2018,307440144
3/31/2018,307624253
4/1/2018,307773675
4/2/2018,307907738
4/3/2018,308075035
4/4/2018,308278798
4/5/2018,308462871
4/6/2018,308644434
4/7/2018,308814471
4/8/2018,308970516
4/9/2018,309110447
4/10/2018,309284709
4/11/2018,309473129
4/12/2018,309653245
4/13/2018,309869925
4/14/2018,310083401
4/15/2018,310248581
4/16/2018,310419421
4/17/2018,310613865
4/18/2018,310818121
4/19/2018,311018722
4/20/2018,311234182
4/21/2018,311444988
4/22/2018,311636268
4/23/2018,311805408
4/24/2018,312032938
4/25/2018,312287053
4/26/2018,312504860
4/27/2018,312722259
4/28/2018,312935048
4/29/2018,313130146
4/30/2018,313314116
5/1/2018,313529874
5/2/2018,313728199
5/3/2018,313939235
5/4/2018,314167340
5/5/2018,314392057
5/6/2018,314588183
5/7/2018,314760991
5/8/2018,314965957
5/9/2018,315185724
5/10/2018,315390594
5/11/2018,315606115
5/12/2018,315813295
5/13/2018,315994730
5/14/2018,316154408
5/15/2018,316365868
5/16/2018,316574211
5/17/2018,316788368
5/18/2018,316978927
5/19/2018,317195494
5/20/2018,317363150
5/21/2018,317523157
5/22/2018,317724499
5/23/2018,317931673
5/24/2018,318154381
5/25/2018,318357426
5/26/2018,318556376
5/27/2018,318712372
5/28/2018,318855920
5/29/2018,319049027
5/30/2018,319254081
5/31/2018,319459146
6/1/2018,319665580
6/2/2018,319867604
6/3/2018,320043569
6/4/2018,320210930
6/5/2018,320416637
6/6/2018,320631054
6/7/2018,320838362
6/8/2018,321045840
6/9/2018,321243666
6/10/2018,321419831
6/11/2018,321598030
6/12/2018,321811871
6/13/2018,322028739
6/14/2018,322241600
6/15/2018,322453868
6/16/2018,322655273
6/17/2018,322811297
6/18/2018,322956994
6/19/2018,323151555
6/20/2018,323344480
6/21/2018,323543923
6/22/2018,323744399
6/23/2018,323947004
6/24/2018,324107098
6/25/2018,324267987
6/26/2018,324470371
6/27/2018,324660105
6/28/2018,324849391
6/29/2018,325045294
6/30/2018,325240075
7/1/2018,325417925
7/2/2018,325571515
7/3/2018,325778358
7/4/2018,325995812
7/5/2018,326197881
7/6/2018,326400525
7/7/2018,326601170
7/8/2018,326765994
7/9/2018,326924062
7/10/2018,327131175
7/11/2018,327346757
7/12/2018,327548218
7/13/2018,327756199
7/14/2018,327962700
7/15/2018,328138157
7/16/2018,328296585
7/17/2018,328510554
7/18/2018,328743542
7/19/2018,328976965
7/20/2018,329202174
7/21/2018,329428798
7/22/2018,329615913
7/23/2018,329783590
7/24/2018,330012857
7/25/2018,330272538
7/26/2018,330521691
7/27/2018,330752062
7/28/2018,330984673
7/29/2018,331166514
7/30/2018,331339085
7/31/2018,331570279
8/1/2018,331813884
8/2/2018,332052138
8/3/2018,332274960
8/4/2018,332507591
8/5/2018,332700325
8/6/2018,332871718
8/7/2018,333090900
8/8/2018,333327564
8/9/2018,333557102
8/10/2018,333781342
8/11/2018,334006381
8/12/2018,334198764
8/13/2018,334367465
8/14/2018,334584963
8/15/2018,334837761
8/16/2018,335084214
8/17/2018,335315802
8/18/2018,335551581
8/19/2018,335741608
8/20/2018,335902561
8/21/2018,336122407
8/22/2018,336342107
8/23/2018,336566663
8/24/2018,336784446
8/25/2018,337228364
8/26/2018,337422712
8/27/2018,337593351
8/28/2018,337821456
8/29/2018,338058402
8/30/2018,338293671
8/31/2018,338527511
9/1/2018,338766253
9/2/2018,338977728
9/3/2018,339162277
9/4/2018,339387385
9/5/2018,339626564
9/6/2018,339866316
9/7/2018,340118412
9/8/2018,340348879
9/9/2018,340553724
9/10/2018,340743416
9/11/2018,340966312
9/12/2018,341201893
9/13/2018,341436838
9/14/2018,341675583
9/15/2018,341898376
9/16/2018,342106353
9/17/2018,342289610
9/18/2018,342524248
9/19/2018,342768236
9/20/2018,343023211
9/21/2018,343279606
9/22/2018,343551501
9/23/2018,343770814
9/24/2018,343978130
9/25/2018,344211049
9/26/2018,344463880
9/27/2018,344708219
9/28/2018,344959589
9/29/2018,345208709
9/30/2018,345431708
10/1/2018,345634477
10/2/2018,345881192
10/3/2018,346121708
10/4/2018,346365129
10/5/2018,346613636
10/6/2018,346855063
10/7/2018,347066219
10/8/2018,347294272
10/9/2018,347542811
10/10/2018,347770741
10/11/2018,348019336
10/12/2018,348282469
10/13/2018,348524476
10/14/2018,348728146
10/15/2018,348917528
10/16/2018,349192707
10/17/2018,349446399
10/18/2018,349702445
10/19/2018,349964542
10/20/2018,350216405
10/21/2018,350442446
10/22/2018,350647419
10/23/2018,350906089
10/24/2018,351165531
10/25/2018,351414757
10/26/2018,351673066
10/27/2018,351925644
10/28/2018,352160061
10/29/2018,352375703
10/30/2018,352644140
10/31/2018,352932058
11/1/2018,353215602
11/2/2018,353502882
11/3/2018,353793950
11/4/2018,354041623
11/5/2018,354269435
11/6/2018,354565556
11/7/2018,354853292
11/8/2018,355149715
11/9/2018,355426715
11/10/2018,355709884
11/11/2018,355957190
11/12/2018,356209508
11/13/2018,356508577
11/14/2018,356782498
11/15/2018,357080965
11/16/2018,357372382
11/17/2018,357653924
11/18/2018,357915580
11/19/2018,358153732
11/20/2018,358423401
11/21/2018,358712579
11/22/2018,358969227
11/23/2018,359234067
11/24/2018,359507230
11/25/2018,359759328
11/26/2018,360000957
11/27/2018,360256396
11/28/2018,360519004
11/29/2018,360781389
11/30/2018,361026865
12/1/2018,361275270
12/2/2018,361518139
12/3/2018,361739777
12/4/2018,361981676
12/5/2018,362249964
12/6/2018,362506830
12/7/2018,362787477
12/8/2018,363043737
12/9/2018,363275133
12/10/2018,363512332
12/11/2018,363765824
12/12/2018,364021708
12/13/2018,364280466
12/14/2018,364547299
12/15/2018,364826219
12/16/2018,365089485
12/17/2018,365314999
12/18/2018,365611454
12/19/2018,365881191
12/20/2018,366184303
12/21/2018,366467264
12/22/2018,366748083
12/23/2018,366999494
12/24/2018,367248702
12/25/2018,367527047
12/26/2018,367786787
12/27/2018,368068086
12/28/2018,368370358
12/29/2018,368682987
12/30/2018,368948526
12/31/2018,369208519
1/1/2019,369470675
1/2/2019,369706637
1/3/2019,369977891
1/4/2019,370265127
1/5/2019,370548766
1/6/2019,370818566
1/7/2019,371070192
1/8/2019,371358587
1/9/2019,371676422
1/10/2019,371997284
1/11/2019,372319805
1/12/2019,372628591
1/13/2019,372917701
1/14/2019,373191702
1/15/2019,373520049
1/16/2019,373823772
1/17/2019,374124075
1/18/2019,374425906
1/19/2019,374727115
1/20/2019,375005278
1/21/2019,375303588
1/22/2019,375621602
1/23/2019,375915469
1/24/2019,376210295
1/25/2019,376515395
1/26/2019,376816703
1/27/2019,377108321
1/28/2019,377378374
1/29/2019,377692519
1/30/2019,378015462
1/31/2019,378341926
2/1/2019,378697389
2/2/2019,379033847
2/3/2019,379360625
2/4/2019,379657318
2/5/2019,379990601
2/6/2019,380346338
2/7/2019,380695874
2/8/2019,381044726
2/9/2019,381383491
2/10/2019,381695535
2/11/2019,381996523
2/12/2019,382302817
2/13/2019,382583232
2/14/2019,382934995
2/15/2019,383290382
2/16/2019,383584381
2/17/2019,383912769
2/18/2019,384246111
2/19/2019,384586843
2/20/2019,384937652
2/21/2019,385252129
2/22/2019,385549975
2/23/2019,385895828
2/24/2019,386228212
2/25/2019,386547627
2/26/2019,386884534
2/27/2019,387251074
2/28/2019,387598066
3/1/2019,387961648
3/2/2019,388679646
3/3/2019,389013739
3/4/2019,389369118
3/5/2019,389668171
3/6/2019,389955294
3/7/2019,390232353
3/8/2019,390516696
3/9/2019,390798051
3/10/2019,391040199
3/11/2019,391253510
3/12/2019,391548857
3/13/2019,391832351
3/14/2019,392122097
3/15/2019,392418393
3/16/2019,392715436
3/17/2019,392973298
3/18/2019,393202843
3/19/2019,393498711
3/20/2019,393798881
3/21/2019,394108850
3/22/2019,394408103
3/23/2019,394709177
3/24/2019,394952875
3/25/2019,395178729
3/26/2019,395510705
3/27/2019,395875064
3/28/2019,396258051
3/29/2019,396649481
3/30/2019,397021691
3/31/2019,397402576
4/1/2019,397783593
4/2/2019,398152423
4/3/2019,398552211
4/4/2019,398911906
4/5/2019,399267096
4/6/2019,399656426
4/7/2019,400015120
4/8/2019,400365895
4/9/2019,400737252
4/10/2019,401084259
4/11/2019,401480814
4/12/2019,401883652
4/13/2019,402254455
4/14/2019,402627202
4/15/2019,402964955
4/16/2019,403343473
4/17/2019,403703675
4/18/2019,404054299
4/19/2019,404438220
4/20/2019,404799547
4/21/2019,405116545
4/22/2019,405508200
4/23/2019,405851978
4/24/2019,406160679
4/25/2019,406569167
4/26/2019,406950981
4/27/2019,407333297
4/28/2019,407694365
4/29/2019,408065099
4/30/2019,408440821
5/1/2019,408784351
5/2/2019,409225854
5/3/2019,409679384
5/4/2019,410059670
5/5/2019,410415490
5/6/2019,410745418
5/7/2019,411125095
5/8/2019,411456353
5/9/2019,411848936
5/10/2019,412211195
5/11/2019,412534012
5/12/2019,412876895
5/13/2019,413212884
5/14/2019,413608529
5/15/2019,413974380
5/16/2019,414342150
5/17/2019,414718554
5/18/2019,415079655
5/19/2019,415436143
5/20/2019,415785513
5/21/2019,416167859
5/22/2019,416549665
5/23/2019,416944090
5/24/2019,417330461
5/25/2019,417705712
5/26/2019,418042437
5/27/2019,418420607
5/28/2019,418817969
5/29/2019,419206132
5/30/2019,419611812
5/31/2019,419992248
6/1/2019,420289580
6/2/2019,420622263
6/3/2019,420919066
6/4/2019,421217639
6/5/2019,421592897
6/6/2019,421965847
6/7/2019,422330088
6/8/2019,422680925
6/9/2019,422970278
6/10/2019,423274273
6/11/2019,423627511
6/12/2019,423969992
6/13/2019,424297809
6/14/2019,424662141
6/15/2019,425028941
6/16/2019,425357885
6/17/2019,425648890
6/18/2019,425973997
6/19/2019,426369830
6/20/2019,426763506
6/21/2019,427099009
6/22/2019,427439279
6/23/2019,427788155
6/24/2019,428167953
6/25/2019,428557695
6/26/2019,428920468
6/27/2019,429320743
6/28/2019,429682479
6/29/2019,430084687
6/30/2019,430444095
7/1/2019,430775583
7/2/2019,431110651
7/3/2019,431483189
7/4/2019,431881011
7/5/2019,432248270
7/6/2019,432632395
7/7/2019,432976335
7/8/2019,433293909
7/9/2019,433676480
7/10/2019,434037392
7/11/2019,434357350
7/12/2019,434682332
7/13/2019,435041354
7/14/2019,435346271
7/15/2019,435649869
7/16/2019,435999067
7/17/2019,436363171
7/18/2019,436689197
7/19/2019,437005377
7/20/2019,437301198
7/21/2019,437618088
7/22/2019,437908403
7/23/2019,438228417
7/24/2019,438546944
7/25/2019,438844965
7/26/2019,439177786
7/27/2019,439499748
7/28/2019,439785051
7/29/2019,440055349
7/30/2019,440392151
7/31/2019,440717555
8/1/2019,441082920
8/2/2019,441416975
8/3/2019,441768887
8/4/2019,442090931
8/5/2019,442389839
8/6/2019,442729278
8/7/2019,443100478
8/8/2019,443471577
8/9/2019,443809258
8/10/2019,444150037
8/11/2019,444446197
8/12/2019,444720026
8/13/2019,445023455
8/14/2019,445395851
8/15/2019,445756143
8/16/2019,446103808
8/17/2019,446433420
8/18/2019,446722278
8/19/2019,446994948
8/20/2019,447328951
8/21/2019,447658984
8/22/2019,447969230
8/23/2019,448290872
8/24/2019,448632674
8/25/2019,448935540
8/26/2019,449224049
8/27/2019,449544656
8/28/2019,449869486
8/29/2019,450209532
8/30/2019,450556164
8/31/2019,450910250
9/1/2019,451245203
9/2/2019,451531493
9/3/2019,451863703
9/4/2019,452234863
9/5/2019,452559649
9/6/2019,452914213
9/7/2019,453275770
9/8/2019,453588970
9/9/2019,453877645
9/10/2019,454194421
9/11/2019,454533516
9/12/2019,454869004
9/13/2019,455208183
9/14/2019,455512937
9/15/2019,455819016
9/16/2019,456088910
9/17/2019,456438498
9/18/2019,456782976
9/19/2019,457143471
9/20/2019,457491154
9/21/2019,457837838
9/22/2019,458165707
9/23/2019,458486241
9/24/2019,458777511
9/25/2019,459132372
9/26/2019,459476853
9/27/2019,459828812
9/28/2019,460136884
9/29/2019,460451487
9/30/2019,460740228
10/1/2019,461050791
10/2/2019,461382392
10/3/2019,461712022
10/4/2019,462039575
10/5/2019,462376667
10/6/2019,462703989
10/7/2019,462975991
10/8/2019,463305576
10/9/2019,463638476
10/10/2019,463951732
10/11/2019,464301300
10/12/2019,464648451
10/13/2019,464942758
10/14/2019,465229486
10/15/2019,465533825
10/16/2019,465877421
10/17/2019,466211363
10/18/2019,466547194
10/19/2019,466883975
10/20/2019,467193953
10/21/2019,467475654
10/22/2019,467831829
10/23/2019,468175434
10/24/2019,468517830
10/25/2019,468826589
10/26/2019,469156343
10/27/2019,469460010
10/28/2019,469719960
10/29/2019,470026032
10/30/2019,470335703
10/31/2019,470644739
11/1/2019,470945503
11/2/2019,471261508
11/3/2019,471546000
11/4/2019,471834923
11/5/2019,472145384
11/6/2019,472481232
11/7/2019,472791465
11/8/2019,473122725
11/9/2019,473435693
11/10/2019,473731956
11/11/2019,474037775
11/12/2019,474365698
11/13/2019,474667196
11/14/2019,474984021
11/15/2019,475330734
11/16/2019,475659330
11/17/2019,475939802
11/18/2019,476207448
11/19/2019,476514370
11/20/2019,476839714
11/21/2019,477160682
11/22/2019,477486950
11/23/2019,477790770
11/24/2019,478103267
11/25/2019,478367817
11/26/2019,478651270
11/27/2019,478970853
11/28/2019,479283552
11/29/2019,479599715
11/30/2019,479904936
12/1/2019,480189974
12/2/2019,480458248
12/3/2019,480776994
12/4/2019,481111121
12/5/2019,481443492
12/6/2019,481762770
12/7/2019,482073984
12/8/2019,482356768
12/9/2019,482635679
12/10/2019,482952822
12/11/2019,483274436
12/12/2019,483562723
12/13/2019,483872928
12/14/2019,484202592
12/15/2019,484494022
12/16/2019,484752512
12/17/2019,485082795
12/18/2019,485397785
12/19/2019,485716119
12/20/2019,486035438
12/21/2019,486367701
12/22/2019,486672919
12/23/2019,486955221
12/24/2019,487269281
12/25/2019,487553156
12/26/2019,487794819
12/27/2019,488097811
12/28/2019,488423215
12/29/2019,488714640
12/30/2019,488996235
12/31/2019,489323027
1/1/2020,489613140
1/2/2020,489865181
1/3/2020,490157257
1/4/2020,490480579
1/5/2020,490763048
1/6/2020,491051423
1/7/2020,491349401
1/8/2020,491696789
1/9/2020,492015564
1/10/2020,492338559
1/11/2020,492671171
1/12/2020,492974889
1/13/2020,493253893
1/14/2020,493553822
1/15/2020,493900945
1/16/2020,494229929
1/17/2020,494556675
1/18/2020,494880718
1/19/2020,495171820
1/20/2020,495454075
1/21/2020,495767194
1/22/2020,496079182
1/23/2020,496405718
1/24/2020,496743157
1/25/2020,497055132
1/26/2020,497338588
1/27/2020,497595470
1/28/2020,497880999
1/29/2020,498220925
1/30/2020,498561160
1/31/2020,498893900
2/1/2020,499223413
2/2/2020,499528448
2/3/2020,499820974
2/4/2020,500157348
2/5/2020,500465296
2/6/2020,500828608
2/7/2020,501150671
2/8/2020,501484129
2/9/2020,501799794
2/10/2020,502118921
