Date,ClosingPrice,MarketCap,BlockSize,EstimatedTransactionValue,GldPrice,GtrendScore,HashRate,MempoolTransactionCount,MempoolSize,MinningDifficulty,TotalTransaction,TransactionPerDay
2018-01-01,13657.2,229119155396,1037654,nan,1308.7,45,15177350.2495,112829570,112829570,1873110000000,287853824,293150
2018-01-02,14982.1,251377913955,1043200,nan,1370.5,54,14975580.9597,120608745,120608745,1931140000000,288095605,241781
2018-01-03,15201,255080562912,1041680,nan,1374.2,54,16415540.6674,115056825,115056825,1931140000000,288439440,343835
2018-01-04,15599.2,261795321110,1064936,nan,1377.4,52,15071578.2735,113965234,113965234,1931140000000,288836539,397099
2018-01-05,17429.5,292544135538,1066160,nan,1378.4,50,16127548.7258,103032040,103032040,1931140000000,289261469,424930
2018-01-06,17527,294217423675,1069002,nan,1376.8,45,13727615.8797,109675967,109675967,1931140000000,289601053,339584
2018-01-07,16477.6,276634797271,1053001,nan,1376.8,44,16127548.7258,105498670,105498670,1931140000000,289957691,356638
2018-01-08,15170.1,254715263101,1048723,nan,1376.8,50,15551564.8428,115871116,115871116,1931140000000,290330419,372728
2018-01-09,14595.4,245095808695,1050963,nan,1370,49,15935554.0981,135162712,135162712,1931140000000,290676440,346021
2018-01-10,14973.3,251472635522,1057310,nan,1377,50,15743559.4704,136416014,136416014,1931140000000,291031478,355038
2018-01-11,13405.8,225178724050,1054956,nan,1380.1,55,15935554.0981,137385986,137385986,1931140000000,291379345,347867
2018-01-12,13980.6,234865160377,1057949,nan,1394.4,46,18527481.5719,136816732,136816732,1931140000000,291714119,334774
2018-01-13,14360.2,241268592240,1053732,nan,1337.4,40,17087521.8643,128975275,128975275,1931140000000,292019024,304905
2018-01-14,13772,231413491364,1014499,nan,1337.4,38,16501289.1138,125504223,125504223,2227850000000,292283477,264453
2018-01-15,13819.8,232242775485,1050907,nan,1341.8,37,17165770.5546,124893177,124893177,2227850000000,292519674,236197
2018-01-16,11490.5,193121120762,1059251,nan,1396.8,76,16612036.0206,74153761,74153761,2227850000000,292791963,272289
2018-01-17,11188.6,188070430523,1050755,nan,1399.7,100,17608758.1818,126866445,126866445,2227850000000,293098292,306329
2018-01-18,11474.9,192907550324,1061349,nan,1387.4,70,18494733.4362,113686441,113686441,2227850000000,293412701,314409
2018-01-19,11607.4,195158837709,1051139,nan,1394.3,51,19159214.877,105197580,105197580,2227850000000,293720767,308066
2018-01-20,12899.2,216907619830,1047523,nan,1394,42,18273239.6226,101244832,101244832,2227850000000,293963593,242826
2018-01-21,11600.1,195089460991,1116916,nan,1394,39,19712949.4111,117081287,117081287,2227850000000,294200084,236491
2018-01-22,10931.4,183866421285,1071050,nan,1394,45,20709671.5723,128425151,128425151,2227850000000,294417746,217662
2018-01-23,10868.4,182830257191,1078088,nan,1398.2,43,18494733.4362,134140416,134140416,2227850000000,294667996,250250
2018-01-24,11359.4,191115225673,1069566,nan,1419.1,40,19602202.5043,119615886,119615886,2227850000000,294934255,266259
2018-01-25,11259.4,189455303273,1074956,nan,1425.9,39,19491455.5975,113932976,113932976,2227850000000,295186059,251804
2018-01-26,11171.4,187995804677,1105547,nan,1416,39,20445148.5648,101977365,101977365,2603080000000,295424676,238617
2018-01-27,11440.7,192550550498,1044745,nan,1403.6,32,20056949.5414,89078958,89078958,2603080000000,295643682,219006
2018-01-28,11786.3,198389948175,1032040,nan,1403.6,31,20315748.8903,79344620,79344620,2603080000000,295836234,192552
2018-01-29,11296.4,190164444830,1025466,nan,1403.6,32,20445148.5648,53321100,53321100,2603080000000,296050090,213856
2018-01-30,10106.3,170151556678,1012350,nan,1398.5,35,19151151.8202,57197940,57197940,2603080000000,296280251,230161
2018-01-31,10221.1,172099559942,996176,nan,1401.7,38,21609745.6349,50926185,50926185,2603080000000,296519972,239721
2018-02-01,9170.54,154428564694,1051847,nan,1406.7,49,15139761.9119,47692671,47692671,2603080000000,296728449,208477
2018-02-02,8830.75,148725283812,1053140,nan,1396.2,65,20703947.9137,60685264,60685264,2603080000000,296981107,252658
2018-02-03,9174.91,154540000411,1022506,nan,1394.5,42,21739145.3094,37019643,37019643,2603080000000,297219014,237907
2018-02-04,8277.01,139433682759,995891,nan,1394.5,37,20445148.5648,41031050,41031050,2603080000000,297410005,190991
2018-02-05,6955.27,117184385122,988244,nan,1394.5,64,23033142.054,16003254,16003254,2603080000000,297582804,172799
2018-02-06,7754,130658094648,1106470,nan,1387,80,23938939.7752,25567753,25567753,2603080000000,297804410,221606
2018-02-07,7621.3,128435001186,1067332,nan,1372.3,52,24293141.3193,28695624,28695624,2874670000000,298049615,245205
2018-02-08,8265.59,139306699929,1070469,nan,1376.4,43,20149017.2119,23892454,23892454,2874670000000,298257428,207813
2018-02-09,8736.98,147266052809,1049296,nan,1372.3,38,18720008.899,31655746,31655746,2874670000000,298435028,177600
2018-02-10,8621.9,145341842785,1076082,nan,1383.1,31,19291612.2242,34120351,34120351,2874670000000,298614008,178980
2018-02-11,8129.97,137064586975,1033401,nan,1383.1,28,20434818.8745,28948400,28948400,2874670000000,298790456,176448
2018-02-12,8926.57,150513128412,1002464,nan,1383.1,31,21578025.5248,17677530,17677530,2874670000000,298938478,148022
2018-02-13,8598.31,144995984203,1042310,nan,1387,29,23721537.9942,27950172,27950172,2874670000000,299124293,185815
2018-02-14,9494.63,160131558835,1037702,148097.50308228,1415.1,29,23435736.3316,65294057,65294057,2874670000000,299312756,188463
2018-02-15,10166.4,171477807437,1015979,130151.06430121,1413.7,31,25579248.8009,11371184,11371184,2874670000000,299510670,197914
2018-02-16,10233.9,172637061144,1062490,106729.74900057,1415,28,18720008.899,16345690,16345690,2874670000000,299706704,196034
2018-02-17,11112.7,187482083882,989433,80893.89617716,1350.5,26,22435430.5125,38107542,38107542,2874670000000,299892034,185330
2018-02-18,10551.8,178040648022,966532,82943.41667937,1350.5,26,21292223.8622,33747431,33747431,2874670000000,300064198,172164
2018-02-19,11225.3,189426791571,973776,114330.2486842,1347.8,25,23149934.669,30883011,30883011,2874670000000,300224685,160487
2018-02-20,11403.7,192457815912,1011015,130404.45595898,1390.1,28,23149934.669,6479420,6479420,2874670000000,300416480,191795
2018-02-21,10690.4,180442459820,1008594,145459.85457672,1392.3,28,21079198.6661,29997351,29997351,3007380000000,300610626,194146
2018-02-22,10005,168892273935,988705,252887.92526631,1393.1,26,25265138.8267,5688404,5688404,3007380000000,300819125,208499
2018-02-23,10301.1,173909350860,918127,176293.62339995,1390.7,23,22275181.5691,26654330,26654330,3007380000000,301001986,182861
2018-02-24,9813.07,165687799108,1005774,167742.75814358,1394.8,20,22125683.7062,57086143,57086143,3007380000000,301182867,180881
2018-02-25,9664.73,163204062358,1014177,76897.66460255,1394.8,20,21677190.1176,813341,813341,3007380000000,301336133,153266
2018-02-26,10366.7,175076064010,699013,109418.40066947,1394.8,21,25564134.5525,76145586,76145586,3007380000000,301480249,144116
2018-02-27,10725.6,181158869820,1012542,139296.16827184,1381.3,22,21079198.6661,60231527,60231527,3007380000000,301672389,192140
2018-02-28,10397.9,175644310997,1009827,202928.40020459,1380.8,21,23919658.0608,48296629,48296629,3007380000000,301887918,215529
2018-03-01,10951,185009753075,1058861,190547.6522974,1367.6,20,23172168.7464,10132823,10132823,3007380000000,302078254,190336
2018-03-02,11086.4,187318996197,1070326,119411.41408502,1385.8,19,24667147.3752,19350440,19350440,3007380000000,302315119,236865
2018-03-03,11489.7,194159120569,859638,92233.68977254,1382.1,18,23321666.6093,37197879,37197879,3007380000000,302508162,193043
2018-03-04,11512.6,194567395376,977348,92256.7308983401,1382.1,17,26909615.3184,28643540,28643540,3007380000000,302688174,180012
2018-03-05,11573.3,195614809925,1001249,136451.97474105,1382.1,19,22125683.7062,32672054,32672054,3007380000000,302843169,154995
2018-03-06,10779.9,182225316082,1017820,118687.70420192,1397.5,19,24372959.7309,36122506,36122506,3290610000000,303049094,205925
2018-03-07,9965.57,168479670395,1018661,156219.65883794,1389.5,22,25517998.1076,23891867,23891867,3290610000000,303258028,208934
2018-03-08,9395.01,158852238332,1026472,144694.06871065,1384,21,25681575.0185,20262843,20262843,3290610000000,303471018,212990
2018-03-09,9337.55,157898203939,1017122,209952.82852803,1386.9,24,26499459.5732,16903775,16903775,3290610000000,303661059,190041
2018-03-10,8866,149939797150,1026402,108717.98334596,1383.7,18,23882228.9981,12482788,12482788,3290610000000,303863384,202325
2018-03-11,9578.63,162009710243,1016833,108693.48297902,1383.7,18,22900767.5324,6479332,6479332,3290610000000,304013029,149645
2018-03-12,9205.12,155710928717,1011055,118997.93037607,1383.7,20,25027267.3747,754189,754189,3290610000000,304170416,157387
2018-03-13,9194.85,155555594312,931086,155930.19963723,1390.3,19,26335882.6623,2776889,2776889,3290610000000,304355807,185391
2018-03-14,8269.81,139920843550,902700,150082.3606247,1388.6,22,25845151.9294,371614,371614,3290610000000,304555166,199359
2018-03-15,8300.86,140460819364,753239,148147.95039108,1380.6,24,23555075.1762,1641080,1641080,3290610000000,304748399,193233
2018-03-16,8338.35,141111773179,751658,114974.96978622,1375.2,20,23555075.1762,481305,481305,3290610000000,304949630,201231
2018-03-17,7916.88,133993486925,690361,87993.26009963,1380.6,19,25517998.1076,605540,605540,3290610000000,305138042,188412
2018-03-18,8223.68,139201713268,505991,106466.47999797,1380.6,22,24372959.7309,453766,453766,3290610000000,305289623,151581
2018-03-19,8630.65,146107514353,696159,134630.81618522,1380.6,21,25990711.2964,779474,779474,3462540000000,305454285,164662
2018-03-20,8913.47,150909503835,683404,115827.41989221,1375.1,19,26679206.9599,713530,713530,3462540000000,305647934,193649
2018-03-21,8929.28,151193917440,790160,116440.08659449,1385.5,19,21859737.3155,351830,351830,3462540000000,305841283,193349
2018-03-22,8728.47,147809220250,689349,112702.15145632,1391.1,18,26162835.2123,263952,263952,3462540000000,306040697,199414
2018-03-23,8879.62,150383574951,774840,110642.21472773,1413.9,17,24613719.9694,861003,861003,3462540000000,306221261,180564
2018-03-24,8668.12,146818882936,824847,70255.22054964,1419.9,14,22892480.8107,128044,128044,3462540000000,306398735,177474
2018-03-25,8495.78,143914265310,603132,105825.41526348,1419.9,15,26851330.8757,451234,451234,3462540000000,306558292,159557
2018-03-26,8209.4,139078211968,583194,124837.25443802,1419.9,20,23236728.6425,310822,310822,3462540000000,306696059,137767
2018-03-27,7833.04,132717053150,710986,118459.94509903,1406.7,19,25818587.3805,1555250,1555250,3462540000000,306883686,187627
2018-03-28,7954.48,134788265876,763153,107913.83021102,1387.8,17,26162835.2123,3030247,3030247,3462540000000,307069266,185580
2018-03-29,7165.7,121436043045,726814,150158.72822356,1384.9,20,23236728.6425,1995832,1995832,3462540000000,307250436,181170
2018-03-30,6890.52,116786562165,671348,177530.33853903,1404.7,23,26162835.2123,357205,357205,3462540000000,307440144,189708
2018-03-31,6973.53,118204645927,627189,79991.72072854,1404.7,17,27884074.371,476209,476209,3462540000000,307624253,184109
2018-04-01,6844.23,116026809075,670956,86133.1555443499,1404.7,18,22031861.2314,332160,332160,3462540000000,307773675,149422
2018-04-02,7083.8,120101932910,452283,110068.82873236,1404.7,100,28274794.2168,80375,80375,3511060000000,307907738,134063
2018-04-03,7456.11,126429245883,561178,133852.20395338,1395.4,91,27227579.6162,330329,330329,3511060000000,308075035,167297
2018-04-04,6853.84,116229557118,691802,110965.61120402,1398.6,88,28449329.9836,336377,336377,3511060000000,308278798,203763
2018-04-05,6811.47,115524404354,717797,112177.22907878,1387,93,25656757.7153,134433,134433,3511060000000,308462871,184073
2018-04-06,6636.32,112565173568,643346,108538.67894632,1394.8,95,27227579.6162,144318,144318,3511060000000,308644434,181563
2018-04-07,6911.09,117241368688,815549,94943.22492621,1398.5,77,24085935.8143,12098,12098,3511060000000,308814471,170037
2018-04-08,7023.52,119162880482,541365,80835.1504356099,1398.5,72,31416438.0187,150203,150203,3511060000000,308970516,156045
2018-04-09,6770.73,114886335694,442152,114599.80056914,1398.5,85,28100258.4501,494817,494817,3511060000000,309110447,139931
2018-04-10,6834.76,115978358964,734221,120032.31391682,1404.4,84,25656757.7153,34507,34507,3511060000000,309284709,174262
2018-04-11,6968.32,118267198080,680501,137653.17686588,1418.9,76,28623865.7504,94533,94533,3511060000000,309473129,188420
2018-04-12,7889.25,133912618634,629347,182577.60319632,1400.3,96,28100258.4501,710299,710299,3511060000000,309653245,180116
2018-04-13,7895.96,134043001354,842492,144308.29009319,1406.6,95,26878508.0827,335064,335064,3511060000000,309869925,216680
2018-04-14,7986.24,135589384440,711265,64658.99849488,1409.3,73,28798401.5171,28011187,28011187,3511060000000,310083401,213476
2018-04-15,8329.11,141427138383,817580,67923.73120369,1409.3,72,26146926.5195,566053,566053,3839320000000,310248581,165180
2018-04-16,8058.67,136849408643,847183,108195.60696197,1409.3,77,31109116.9538,112436,112436,3839320000000,310419421,170840
2018-04-17,7902.09,134206623206,946672,115918.26781873,1408,75,26910340.4324,356896,356896,3839320000000,310613865,194444
2018-04-18,8163.42,138661092884,735669,102568.57977623,1412.2,74,30918263.4756,293876,293876,3839320000000,310818121,204256
2018-04-19,8294.31,140902801023,672658,167636.84581575,1407.5,78,30536556.5191,1613882,1613882,3839320000000,311018722,200601
2018-04-20,8845.83,150287113368,635094,130982.91168306,1396.9,79,33971919.1275,7138655,7138655,3839320000000,311234182,215460
2018-04-21,8895.58,151150137128,835096,113075.41335848,1382.7,72,26146926.5195,1640281,1640281,3839320000000,311444988,210806
2018-04-22,8802.46,149585589886,744424,75772.24207642,1382.7,71,30345703.0408,693053,693053,3839320000000,311636268,191280
2018-04-23,8930.88,151784994312,554600,131451.15375978,1382.7,78,30536556.5191,484030,484030,3839320000000,311805408,169140
2018-04-24,9697.5,164833256250,762481,188947.24806828,1391.8,92,29200582.1714,694798,694798,3839320000000,312032938,227530
2018-04-25,8845.74,150369282696,970912,182321.10271922,1381.6,86,30345703.0408,6399534,6399534,3839320000000,312287053,254115
2018-04-26,9281.51,157793327246,1062137,153472.32939378,1376.7,73,23474977.8241,1452371,1452371,3839320000000,312504860,217807
2018-04-27,8987.05,152802874822,885745,137832.97239504,1382.3,73,26910340.4324,10735071,10735071,3839320000000,312722259,217399
2018-04-28,9348.48,158963068374,956030,181496.65283805,1377.8,63,28391145.8893,103058,103058,4022060000000,312935048,212789
2018-04-29,9419.08,160182287342,817050,111520.9811707,1377.8,63,25592018.8298,378586,378586,4022060000000,313130146,195098
2018-04-30,9240.55,157163847314,631320,111808.71123176,1377.8,67,31590148.243,1020954,1020954,4022060000000,313314116,183970
2018-05-01,9119.01,155114132125,751844,94831.04724597,1365.1,66,30990335.3017,2637028,2637028,4022060000000,313529874,215758
2018-05-02,9235.92,157119854754,673782,148772.59043457,1364,66,31590148.243,877244,877244,4022060000000,313728199,198325
2018-05-03,9743.86,165778380092,869631,137704.23928306,1371.1,69,27991270.5951,5040650,5040650,4022060000000,313939235,211036
2018-05-04,9700.76,165062796742,883674,147326.30019705,1373.4,68,30190584.7133,5325810,5325810,4022060000000,314167340,228105
2018-05-05,9858.15,167759953654,975988,105033.80093888,1372.9,67,27591395.3009,431995,431995,4022060000000,314392057,224717
2018-05-06,9654.8,164316605278,703962,102606.56203805,1372.9,63,32189961.1843,1348561,1348561,4022060000000,314588183,196126
2018-05-07,9373.01,159538115686,767873,139041.28363146,1372.9,70,27391457.6537,2324280,2324280,4022060000000,314760991,172808
2018-05-08,9234.82,157202142973,865620,141050.96343243,1372.5,68,29990647.0661,337979,337979,4022060000000,314965957,204966
2018-05-09,9325.18,158758858205,924526,134032.00105616,1371.7,64,27791332.948,127855,127855,4022060000000,315185724,219767
2018-05-10,9043.94,153988453198,721322,147010.54915426,1380.8,66,31990023.5372,1525897,1525897,4022060000000,315390594,204870
2018-05-11,8441.49,143743802092,754205,150246.76958199,1379.1,77,30790397.6546,595364,595364,4022060000000,315606115,215521
2018-05-12,8504.89,144841040789,1072544,108590.35837089,1376.6,62,26161151.1691,993346,993346,4143880000000,315813295,207180
2018-05-13,8723.94,148587777457,625552,72791.52752957,1376.6,57,33988897.1883,356553,356553,4143880000000,315994730,181435
2018-05-14,8716.79,148480275422,580283,218669.27317225,1376.6,69,30487010.8113,118700,118700,4143880000000,316154408,159678
2018-05-15,8510.38,144979744412,879085,127053.61452274,1348.5,64,27191117.7506,347257,347257,4143880000000,316365868,211460
2018-05-16,8368.83,142587497878,771175,163709.18621139,1350.1,63,30075024.1787,457746,457746,4143880000000,316574211,208343
2018-05-17,8094.32,137923772714,619517,239749.03587405,1347.9,62,36872803.6163,5071096,5071096,4143880000000,316788368,214157
2018-05-18,8250.97,140607667610,877620,217257.88853753,1349.2,59,27191117.7506,893399,893399,4143880000000,316978927,190559
2018-05-19,8247.18,140559162894,835033,69258.31272579,1349,51,30487010.8113,125297,125297,4143880000000,317195494,216567
2018-05-20,8513.25,145109512565,563281,60574.81708491,1349,51,31722970.709,1123467,1123467,4143880000000,317363150,167656
2018-05-21,8418.99,143518943480,574532,94655.0691273701,1349,57,29663037.5461,184291,184291,4143880000000,317523157,160007
2018-05-22,8041.78,137104106176,740171,109440.13169692,1350,59,32340950.6579,576319,576319,4143880000000,317724499,201342
2018-05-23,7557.82,128868479514,712320,137159.63824964,1347.4,73,31104990.7602,335914,335914,4143880000000,317931673,207174
2018-05-24,7587.34,129385391552,741021,132765.30943142,1362.4,70,33370917.2394,634556,634556,4143880000000,318154381,222708
2018-05-25,7480.14,127573690458,713274,105922.96589606,1361.4,60,30616246.3183,567538,567538,4306950000000,318357426,203045
2018-05-26,7355.88,125469061263,632232,57883.28354626,1298.3,51,37681533.9303,120881,120881,4306950000000,318556376,198950
2018-05-27,7368.22,125695017596,480069,55156.26843977,1298.3,52,34684139.1858,868118,868118,4306950000000,318712372,155996
2018-05-28,7135.99,121747389422,450204,142198.95375539,1297.6,59,35112338.435,296179,296179,4306950000000,318855920,143548
2018-05-29,7472.59,127502651064,730313,123808.71566001,1354.6,62,33399541.4382,143802,143802,4306950000000,319049027,193107
2018-05-30,7406.52,126391893474,820264,122565.28186151,1357.6,58,29759847.8199,1578337,1578337,4306950000000,319254081,205054
2018-05-31,7494.17,127902999390,628768,110610.19089246,1355.9,55,37253334.6811,408487,408487,4306950000000,319459146,205065
2018-06-01,7541.45,128725854692,700890,115082.96418138,1350.9,51,36396936.1826,75857,75857,4306950000000,319665580,206434
2018-06-02,7643.45,130481526036,710960,68084.92814719,1349.4,49,35540537.6842,109455,109455,4306950000000,319867604,202024
2018-06-03,7720.25,131808021256,626342,63586.47651149,1349.4,48,32543142.9398,49410978,49410978,4306950000000,320043569,175965
2018-06-04,7514.47,128312205314,796502,103191.06680438,1349.4,54,34898238.8104,438087,438087,4306950000000,320210930,167361
2018-06-05,7633.76,130365918088,1053916,100695.49782987,1354.1,52,39180231.3025,834699,834699,4306950000000,320416637,205707
2018-06-06,7653.98,130725095161,848463,102125.84032165,1353.5,52,42980660.1034,49054133,49054133,4940700000000,320631054,214417
2018-06-07,7678.24,131153169176,992415,104275.28480214,1354.4,52,36103754.4869,15518888,15518888,4940700000000,320838362,207308
2018-06-08,7624.92,130256218613,1082316,109203.30318025,1354.4,49,35121339.3988,766571,766571,4940700000000,321045840,207478
2018-06-09,7531.98,128682085689,869963,67150.24534698,1355.5,44,35612546.9429,926907,926907,4940700000000,321243666,197826
2018-06-10,6786.02,115948312827,646598,96374.39547151,1355.5,64,35121339.3988,158724,158724,4940700000000,321419831,176165
2018-06-11,6906.92,118025877189,753631,139263.30481878,1355.5,82,31191679.0465,1638356,1638356,4940700000000,321598030,178199
2018-06-12,6582.36,112491874164,793455,126796.26063644,1351.8,68,34384528.0828,135586,135586,4940700000000,321811871,213841
2018-06-13,6349.9,108530585830,1063113,162000.16368328,1353.5,76,35612546.9429,1098628,1098628,4940700000000,322028739,216868
2018-06-14,6675.35,114106009748,907442,128266.46471757,1360.6,66,35121339.3988,1350040,1350040,4940700000000,322241600,212861
2018-06-15,6456.58,110378702283,752277,125284.06637524,1329.3,56,37577377.119,1180492,1180492,4940700000000,322453868,212268
2018-06-16,6550.16,111992015616,785130,61035.98130678,1331.1,50,37577377.119,387717,387717,4940700000000,322655273,201405
2018-06-17,6499.27,111134754810,464916,66538.79284904,1331.1,49,40770226.1553,386600,386600,4940700000000,322811297,156024
2018-06-18,6734.82,115176197712,493966,102492.49229511,1331.1,57,38559792.2071,1597365,1597365,4940700000000,322956994,145697
2018-06-19,6769.94,115789919278,642536,106824.89484388,1329.2,55,40279018.6112,6878511,6878511,4940700000000,323151555,194561
2018-06-20,6776.55,115916357344,932943,96696.64608428,1325.3,55,39122596.1405,465817,465817,5077500000000,323344480,192925
2018-06-21,6729.74,115129700024,1074776,106868.49577031,1321,51,39122596.1405,61897,61897,5077500000000,323543923,199443
2018-06-22,6083.69,104088814967,610253,139066.27734528,1321.3,63,42908653.8316,484397,484397,5077500000000,323744399,200476
2018-06-23,6162.48,105449276520,789367,72223.57781248,1319.2,55,38112980.7563,722127,722127,5077500000000,323947004,202605
2018-06-24,6173.23,105646571668,525368,96575.55706309,1319.2,64,40384615.3709,458459,458459,5077500000000,324107098,160094
2018-06-25,6249.18,106958465208,492698,110438.13308687,1319.2,57,43161057.6776,6593252,6593252,5077500000000,324267987,160889
2018-06-26,6093.67,104307939200,932560,97662.61815475,1309.6,54,39627403.8327,13751388,13751388,5077500000000,324470371,202384
2018-06-27,6157.13,105403600614,1071069,129636.33921232,1305.7,52,36850961.5259,163365,163365,5077500000000,324660105,189734
2018-06-28,5903.44,101072353482,1089062,117832.15028735,1300.2,51,30540865.3742,942825,942825,5077500000000,324849391,189286
2018-06-29,6218.3,106474707240,690595,110801.81275775,1303.9,67,39627403.8327,231375,231375,5077500000000,325045294,195903
2018-06-30,6404,109665618200,747647,82832.66572052,1289.9,59,38112980.7563,180048,180048,5077500000000,325240075,194781
2018-07-01,6385.82,109366024632,975742,156527.31453502,1289.9,50,35588942.2956,2148452,2148452,5077500000000,325417925,177850
2018-07-02,6614.18,113288832522,690056,112986.14767016,1289.9,72,37103365.372,20460647,20460647,5077500000000,325571515,153590
2018-07-03,6529.59,111849428104,1017750,133468.22434974,1302.4,67,37594816.2563,3381205,3381205,5363680000000,325778358,206843
2018-07-04,6597.55,113024522547,1113473,100970.19836395,1258.1,66,30929068.6931,322917,322917,5363680000000,325995812,217454
2018-07-05,6639.14,113748385620,915858,99701.07869663,1307.6,67,35728406.9386,535273,535273,5363680000000,326197881,202069
2018-07-06,6673.5,114350502582,791188,123863.50938152,1304.8,61,36528296.6462,706111,706111,5363680000000,326400525,202644
2018-07-07,6856.93,117506606000,682980,56348.7283069,1309,53,42660784.4043,182016,182016,5363680000000,326601170,200645
2018-07-08,6773.88,116097021279,521839,84412.33099726,1309,57,41594264.7942,9635554,9635554,5363680000000,326765994,164824
2018-07-09,6741.75,115557889495,609901,95508.90090779,1309,61,42127524.5992,1623855,1623855,5363680000000,326924062,158068
2018-07-10,6329.95,108511009626,1063791,130092.79338628,1305.1,66,36261666.7437,1586515,1586515,5363680000000,327131175,207113
2018-07-11,6394.71,109631867446,971337,110950.30883423,1293.3,60,39727855.4765,36222644,36222644,5363680000000,327346757,215582
2018-07-12,6228.81,106798864820,1033117,109759.56466708,1295.4,65,35995036.8411,40444246,40444246,5363680000000,327548218,201461
2018-07-13,6238.05,106968440793,1154370,108183.08988126,1289.7,61,37594816.2563,42902796,42902796,5363680000000,327756199,207981
2018-07-14,6276.12,107631453835,1118409,54585.49956239,1288.2,55,38128076.0613,476931,476931,5363680000000,327962700,206501
2018-07-15,6359.64,109074579938,1151760,56376.2719242,1288.2,53,35461777.0361,878413,878413,5363680000000,328138157,175457
2018-07-16,6741.75,115638203962,753377,114418.44005346,1288.2,64,35461777.0361,1310816,1310816,5363680000000,328296585,158428
2018-07-17,7321.04,125588963706,967369,122040.02126665,1275.3,82,31995588.3032,533457,533457,5363680000000,328510554,213969
2018-07-18,7370.78,126458165406,904621,145957.88028447,1275.7,94,40931868.4915,384888,384888,5178670000000,328743542,232988
2018-07-19,7466.86,128122730711,1044845,134422.75978267,1271.1,79,44793365.519,686298,686298,5178670000000,328976965,233423
2018-07-20,7354.13,126202570251,715650,109510.71103217,1277.5,73,44021066.1135,965844,965844,5178670000000,329202174,225209
2018-07-21,7419.29,127333468174,819078,72037.49838477,1271.4,65,39644702.8157,687854,687854,5178670000000,329428798,226624
2018-07-22,7418.49,127336615249,719471,53147.20542212,1271.4,63,35268339.5178,1617044,1617044,5178670000000,329615913,187115
2018-07-23,7711.11,132375368459,452567,121830.82924959,1271.4,77,46852830.6003,69608,69608,5178670000000,329783590,167677
2018-07-24,8424.27,144634918474,903410,143048.84387971,1271.5,100,42733900.4377,1301248,1301248,5178670000000,330012857,229267
2018-07-25,8181.39,140482950401,917118,122048.88419943,1277.4,91,40931868.4915,156581,156581,5178670000000,330272538,259681
2018-07-26,7951.58,136553079708,950977,101634.50375445,1271.8,81,45565664.9245,3034929,3034929,5178670000000,330521691,249153
2018-07-27,8165.01,140235573607,774012,110689.70702294,1269.3,81,42476467.3025,3036064,3036064,5178670000000,330752062,230371
2018-07-28,8192.15,140716560550,894429,63140.85524892,1268,65,42991333.5728,1082176,1082176,5178670000000,330984673,232611
2018-07-29,8218.46,141185844808,732988,88720.62690695,1268,63,37327804.5992,818283,818283,5178670000000,331166514,181841
2018-07-30,8180.48,140547190784,548991,106625.90657694,1268,72,50277183.1008,2194376,2194376,5949440000000,331339085,172571
2018-07-31,7780.44,133688476220,914438,115565.8388714,1270.1,74,39630250.2089,1374656,1374656,5949440000000,331570279,231194
2018-08-01,7624.91,131030166771,965036,94246.95105974,1264.3,70,43474975.9754,1370020,1370020,5949440000000,331813884,243605
2018-08-02,7567.15,130052066760,983721,136730.89997241,1256.5,69,44362220.3831,5878484,5878484,5949440000000,332052138,238254
2018-08-03,7434.39,127785826655,786495,125025.88092394,1259.7,70,45249464.7908,257078,257078,5949440000000,332274960,222822
2018-08-04,7032.85,120899698889,841942,65849.13586153,1254.1,66,49094190.5573,811299,811299,5949440000000,332507591,232631
2018-08-05,7068.48,121526079384,580276,53460.26157189,1254.1,63,52051671.9162,6439862,6439862,5949440000000,332700325,192734
2018-08-06,6951.8,119531508535,580368,104968.69776034,1254.1,70,47319701.742,13460391,13460391,5949440000000,332871718,171393
2018-08-07,6753.12,116128339800,1056717,94874.79518835,1254.7,72,38743005.8012,234444,234444,5949440000000,333090900,219182
2018-08-08,6305.8,108448409560,1017125,121965.4515345,1257.3,89,44657968.519,817347,817347,5949440000000,333327564,236664
2018-08-09,6568.23,112973963230,793226,146500.59873039,1256.3,75,46432457.3343,2816364,2816364,5949440000000,333557102,229538
2018-08-10,6184.71,106390927598,810651,118704.23237602,1255.1,72,44066472.2472,1714031,1714031,5949440000000,333781342,224240
2018-08-11,6295.73,108314257212,792975,81985.52720055,1234.6,73,52051671.9162,146236,146236,5949440000000,334006381,225039
2018-08-12,6322.69,108790259014,606948,52911.9729427,1234.6,64,53994493.0548,2397320,2397320,6389320000000,334198764,192383
2018-08-13,6297.57,108369686635,594230,133117.74061006,1234.6,73,49230273.0794,2442953,2442953,6389320000000,334367465,168701
2018-08-14,6199.71,106696389129,895555,174756.67755621,1236.4,90,47642199.7543,478395,478395,6389320000000,334584963,217498
2018-08-15,6308.52,108581773101,1030744,139731.30593396,1220.2,83,43195594.4439,1449386,1449386,6389320000000,334837761,252798
2018-08-16,6334.73,109045250379,789528,108291.35438602,1219.2,71,51135961.0696,1710336,1710336,6389320000000,335084214,246453
2018-08-17,6580.63,113290724406,766616,121209.34691359,1219.3,68,50183117.0745,226500,226500,6389320000000,335315802,231588
2018-08-18,6423.76,110603014928,831162,58157.43305442,1229.6,58,48277429.0843,1859381,1859381,6389320000000,335551581,235779
2018-08-19,6506.07,112031838393,589781,42573.98299395,1229.6,57,50818346.4046,184083,184083,6389320000000,335741608,190027
2018-08-20,6308.53,108642191682,599147,100254.08704014,1229.6,65,46054126.4291,1084780,1084780,6389320000000,335902561,160953
2018-08-21,6488.76,111758100192,833750,136643.37322861,1234.9,68,47642199.7543,294269,294269,6389320000000,336122407,219846
2018-08-22,6376.71,109840902181,786610,155662.41564123,1238.2,73,47006970.4242,547750,547750,6389320000000,336342107,219700
2018-08-23,6534.88,112577436411,755554,137478.91672202,1228.4,66,50818346.4046,1853320,1853320,6389320000000,336566663,224556
2018-08-24,6719.96,115778358839,772460,101079.93408633,1248.2,62,47324585.0892,661623,661623,6389320000000,336784446,217783
2018-08-25,6763.19,116534497933,827815,76480.86699603,1251.2,56,48824180.026,574700,574700,6727230000000,337228364,221959
2018-08-26,6707.26,115585205491,754833,57884.26825733,1251.2,55,45145645.9145,4464654,4464654,6727230000000,337422712,194348
2018-08-27,6884.64,118657885712,562838,117539.09593461,1251.2,62,57853309.2089,8465698,8465698,6727230000000,337593351,170639
2018-08-28,7096.28,122319195736,714495,139981.86373915,1249.6,76,61866255.5125,1821746,1821746,6727230000000,337821456,228105
2018-08-29,7047.16,121484666374,893403,123431.91842179,1246.5,69,51165065.3698,797173,797173,6727230000000,338058402,236946
2018-08-30,6978.23,120309828156,879796,115317.20580681,1239.5,69,46483294.6823,1362543,1362543,6727230000000,338293671,235269
2018-08-31,7037.58,121346613238,823481,124281.24133195,1241.1,62,51499477.5617,1050628,1050628,6727230000000,338527511,233840
2018-09-01,7193.25,124044625438,815922,74829.35577503,1204.9,59,51833889.7537,307646,307646,6727230000000,338766253,238742
2018-09-02,7272.72,125427780027,763356,61620.4373048,1204.9,63,50496240.9858,513335,513335,6727230000000,338977728,211475
2018-09-03,7260.06,125222785390,644199,99809.2155674801,1206.3,64,48155355.6421,2645425,2645425,6727230000000,339162277,184549
2018-09-04,7361.66,126986882925,851842,115634.76453139,1233.6,68,48155355.6421,2116210,2116210,6727230000000,339387385,225108
2018-09-05,6792.83,117185657641,984015,133041.21616556,1236,83,42135936.1869,76892,76892,6727230000000,339626564,239179
2018-09-06,6529.17,112649565532,990600,168447.98857039,1239.1,92,44142409.3386,598214,598214,6727230000000,339866316,239752
2018-09-07,6467.07,111590424587,880257,115752.44482164,1235.5,72,50161828.7939,769856,769856,6727230000000,340118412,252096
2018-09-08,6225.98,107442122871,891570,57255.76266626,1235,61,53036795.5276,256524,256524,7019200000000,340348879,230467
2018-09-09,6300.86,108747090915,709052,74324.23464826,1235,60,52338942.9549,3736603,3736603,7019200000000,340553724,204845
2018-09-10,6329.7,109255603474,617594,112735.09928441,1235,66,56874984.6776,1803576,1803576,7019200000000,340743416,189692
2018-09-11,6321.2,109119948884,918094,117778.93706773,1237.6,67,47105048.6594,337078,337078,7019200000000,340966312,222896
2018-09-12,6351.8,109661521297,919239,106750.1765978,1246.6,73,49198606.3776,6890453,6890453,7019200000000,341201893,235581
2018-09-13,6517.31,112530970182,713591,193728.12236403,1243.8,70,58619616.1095,10422816,10422816,7019200000000,341436838,234945
2018-09-14,6512.71,112462453186,837780,113998.01673189,1236.6,63,51641090.3822,1740751,1740751,7019200000000,341675583,238745
2018-09-15,6543.2,113000324618,1062391,57528.2677257,1241.2,56,46058269.8003,795377,795377,7019200000000,341898376,222793
2018-09-16,6517.18,112562367224,766246,43827.29300977,1241.2,53,48849680.0912,2713975,2713975,7019200000000,342106353,207977
2018-09-17,6281.2,108497127334,640532,89722.98460494,1241.2,61,48500753.8049,780947,780947,7019200000000,342289610,183257
2018-09-18,6371.3,110064685348,886530,96970.36644241,1238.3,58,47105048.6594,4844679,4844679,7019200000000,342524248,234638
2018-09-19,6398.54,110547735544,940334,111850.02172733,1244.1,61,49547532.664,268011,268011,7019200000000,342768236,243988
2018-09-20,6519.67,112653130183,815944,106443.20546576,1247,61,54432500.6731,2804939,2804939,7019200000000,343023211,254975
2018-09-21,6734.95,116385068032,818866,147934.62604296,1236.9,68,54756137.2027,345958,345958,7152630000000,343279606,256395
2018-09-22,6721.98,116173876360,1009386,69125.50220616,1240,57,51200543.8779,523559,523559,7152630000000,343551501,271895
2018-09-23,6710.63,115990387532,715676,50088.41556267,1240,53,55111696.5352,1020289,1020289,7152630000000,343770814,219313
2018-09-24,6595.41,114011060309,674971,77312.2098320599,1240,57,53333899.8728,2593364,2593364,7152630000000,343978130,207316
2018-09-25,6446.47,111450035114,794069,132989.31304651,1240.8,59,52622781.2078,3348517,3348517,7152630000000,344211049,232919
2018-09-26,6495,112300336125,773487,116668.9816268,1234.4,60,60089527.19,5386478,5386478,7152630000000,344463880,252831
2018-09-27,6676.75,115454861756,894936,126129.93324774,1222.4,59,49422747.2154,7484281,7484281,7152630000000,344708219,244339
2018-09-28,6644.13,114903584220,887770,137336.05132336,1231.3,58,50844984.5454,3751644,3751644,7152630000000,344959589,251370
2018-09-29,6601.96,114186839964,835735,70886.84278193,1227,50,54756137.2027,2522532,2522532,7152630000000,345208709,249120
2018-09-30,6625.56,114608519470,709310,63803.98514462,1227,49,54045018.5377,5399116,5399116,7152630000000,345431708,222999
2018-10-01,6589.62,113999846113,610653,104521.23748128,1227,52,57956171.1951,9505586,9505586,7152630000000,345634477,202769
2018-10-02,6556.1,113431019760,877515,126366.95828697,1242.7,38,56178374.5327,4823588,4823588,7152630000000,345881192,246715
2018-10-03,6502.59,112516993837,992682,114587.95392339,1238.7,40,48711628.5505,207513,207513,7152630000000,346121708,240516
2018-10-04,6576.69,113811343543,840672,102191.80613948,1237.5,39,51556103.2103,14281720,14281720,7152630000000,346365129,243421
2018-10-05,6622.48,114614764674,812215,95772.50767858,1242.2,36,55588275.2378,61744,61744,7454970000000,346613636,248507
2018-10-06,6588.31,114033598927,975966,59251.46792762,1224.9,33,48176505.2061,502327,502327,7454970000000,346855063,241427
2018-10-07,6602.95,114298880311,887723,38328.30629141,1224.9,31,46323562.6982,4253531,4253531,7454970000000,347066219,211156
2018-10-08,6652.23,115162906843,861796,95479.4055692,1224.9,38,52623567.2252,1435092,1435092,7454970000000,347294272,228053
2018-10-09,6642.64,115007759484,964662,106727.57894567,1227.8,39,50029447.7141,3711023,3711023,7454970000000,347542811,248539
2018-10-10,6585.53,114030835912,938339,115412.58970185,1229.4,40,48176505.2061,4555817,4555817,7454970000000,347770741,227930
2018-10-11,6256.24,108341572839,912130,142521.04483277,1264,52,53364744.2283,15199385,15199385,7454970000000,348019336,248595
2018-10-12,6274.58,108669526315,923067,128397.51296319,1258.1,42,58923571.7521,4660142,4660142,7454970000000,348282469,263133
2018-10-13,6285.99,108878136724,1140589,59376.85282451,1266.9,35,48917682.2093,4961326,4961326,7454970000000,348524476,242007
2018-10-14,6290.93,108972590373,840777,64000.4546354,1266.9,35,52252978.7236,3566154,3566154,7454970000000,348728146,203670
2018-10-15,6596.54,114280022340,952193,219303.98403101,1266.9,47,42247089.1808,10561342,10561342,7454970000000,348917528,189382
2018-10-16,6596.11,114283707152,962407,136972.66102608,1267.3,42,60035337.2569,1283173,1283173,7454970000000,349192707,275179
2018-10-17,6544.43,113399343801,1056776,112983.94243377,1263.4,39,50029447.7141,3395848,3395848,7454970000000,349446399,253692
2018-10-18,6476.71,112237252159,1033591,134568.34717246,1266.6,38,51141213.2188,9462185,9462185,7454970000000,349702445,256046
2018-10-19,6465.41,112052990522,1022624,130794.88090176,1265.3,37,49274490.4825,2885416,2885416,7182850000000,349964542,262097
2018-10-20,6489.19,112476559221,1016188,107638.94788253,1261.3,33,50702736.5835,700618,700618,7182850000000,350216405,251863
2018-10-21,6482.35,112369106369,879081,45300.18497126,1261.3,32,51059798.1087,6364499,6364499,7182850000000,350442446,226041
2018-10-22,6487.16,112465213723,799788,113898.24531915,1261.3,38,49274490.4825,8047787,8047787,7182850000000,350647419,204973
2018-10-23,6475.74,112279779884,934273,113622.78920733,1273.5,38,55344536.4115,6565484,6565484,7182850000000,350906089,258670
2018-10-24,6495.84,112637293966,945705,120219.6096642,1267.6,38,54987474.8863,11452740,11452740,7182850000000,351165531,259442
2018-10-25,6476.29,112309554478,1132467,127063.22494307,1269,37,40347952.3516,5347707,5347707,7182850000000,351414757,249226
2018-10-26,6474.75,112294341019,1044193,116264.00201481,1272.3,36,48917428.9573,2543120,2543120,7182850000000,351673066,258309
2018-10-27,6480.38,112403001148,1052879,59305.67537731,1263.7,32,51059798.1087,1825996,1825996,7182850000000,351925644,252578
2018-10-28,6486.39,112518434372,910593,71645.16455588,1263.7,30,48560367.4321,12358247,12358247,7182850000000,352160061,234417
2018-10-29,6332.63,109862898081,818884,141597.67842289,1263.7,37,49988613.533,3214712,3214712,7182850000000,352375703,215642
2018-10-30,6334.27,109903543419,989435,100057.50840646,1261.5,37,52130982.6844,2039332,2039332,7182850000000,352644140,268437
2018-10-31,6317.61,109627117226,946230,128050.18334012,1250.8,39,54987474.8863,1870328,1870328,7182850000000,352932058,287918
2018-11-01,6377.78,110683820788,905881,127786.03761222,1274.8,38,58201028.6134,13688278,13688278,7182850000000,353215602,283544
2018-11-02,6388.44,110880236966,997555,137076.405956,1269.9,37,54999360.8518,2771696,2771696,7184400000000,353502882,287280
2018-11-03,6361.26,110421212888,1111247,57759.29082746,1269,33,51070835.0767,5862637,5862637,7184400000000,353793950,291068
2018-11-04,6376.13,110689215104,877537,82401.40320903,1269,38,57499331.7996,5645441,5645441,7184400000000,354041623,247673
2018-11-05,6419.66,111456211022,1040038,116896.12990623,1269,41,43928060.9401,11372919,11372919,7184400000000,354269435,227812
2018-11-06,6461.01,112095603776,1043646,116941.35240412,1263,40,51427973.7835,10477521,10477521,7184400000000,354565556,296121
2018-11-07,6530.14,113395632955,1080054,131243.46889415,1265.4,39,45713754.4743,8779685,8779685,7184400000000,354853292,287736
2018-11-08,6453.72,112078367037,1147886,119749.93119902,1262,38,46428031.8879,10049404,10049404,7184400000000,355149715,296423
2018-11-09,6385.62,110905767441,1172861,131258.847817,1245,37,43213783.5264,7908851,7908851,7184400000000,355426715,277000
2018-11-10,6409.22,111326145314,1127910,60442.51854251,1239.6,31,45356615.7674,301605,301605,7184400000000,355709884,283169
2018-11-11,6411.27,111373453740,942631,60560.67878987,1239.6,33,46785170.5947,4754950,4754950,7184400000000,355957190,247306
2018-11-12,6371.27,110689666528,890820,118353.34336074,1239.6,37,52142251.1972,5504867,5504867,7184400000000,356209508,252318
2018-11-13,6359.49,110494466204,1064008,128317.62574391,1237.5,39,49999418.9562,11313653,11313653,7184400000000,356508577,299069
2018-11-14,5738.35,99712077259,1105642,201549.98749144,1246.2,59,42856644.8196,13495820,13495820,7184400000000,356782498,273921
2018-11-15,5648.03,98151606541,1103784,484615.07082242,1251.7,68,48213725.4221,8213547,8213547,7184400000000,357080965,298467
2018-11-16,5575.55,96900828780,1195210,195693.85675478,1259,52,45356615.7674,803990,803990,7184400000000,357372382,291417
2018-11-17,5554.33,96542098114,1149077,89398.18379487,1261.6,43,41672924.1289,3623244,3623244,6653300000000,357653924,281542
2018-11-18,5623.54,97753714643,908811,63965.16471261,1261.6,39,47956936.4976,21573908,21573908,6653300000000,357915580,261656
2018-11-19,4871.49,84688539692,948878,199215.20378453,1261.6,68,40680711.6497,30169515,30169515,6653300000000,358153732,238152
2018-11-20,4451.87,77401044320,1110677,325080.78370828,1257.5,100,41672924.1289,20357905,20357905,6653300000000,358423401,269669
2018-11-21,4602.17,80020171047,1212275,227159.86345532,1264.7,78,43657349.0875,4934138,4934138,6653300000000,358712579,289178
2018-11-22,4365.94,75919439809,1212794,147946.46205614,1228,55,34727436.7741,6191560,6191560,6653300000000,358969227,256648
2018-11-23,4347.11,75598851166,1217283,174401.86280718,1260,58,40349974.1566,4673610,4673610,6653300000000,359234067,264840
2018-11-24,3880.76,67495633205,1119518,96368.50508279,1259.7,54,41342186.6359,4908592,4908592,6653300000000,359507230,273163
2018-11-25,4009.97,69749265801,986502,164901.54793394,1259.7,81,47295461.5114,11287424,11287424,6653300000000,359759328,252098
2018-11-26,3779.13,65739289046,1017393,192156.33611956,1259.7,80,42003661.622,7820033,7820033,6653300000000,360000957,241629
2018-11-27,3820.72,66468970322,1181035,229185.33044865,1250.4,73,36711861.7326,11607508,11607508,6653300000000,360256396,255439
2018-11-28,4257.42,74072560088,1056039,198420.8828308,1260.2,68,43326611.5944,14440302,14440302,6653300000000,360519004,262608
2018-11-29,4278.85,74451016927,1133828,217174.91941728,1260.8,59,39027024.1843,13804450,13804450,6653300000000,360781389,262385
2018-11-30,4017.27,69904637061,1200095,397151.03222431,1256.5,55,34727436.7741,6455761,6455761,6653300000000,361026865,245476
2018-12-01,4214.67,73346194969,1210097,171395.71727545,1270.2,48,33404486.8018,2022428,2022428,6653300000000,361275270,248405
2018-12-02,4139.88,72050487506,1066136,84399.89901707,1270.2,42,41011449.1428,15395538,15395538,6653300000000,361518139,242869
2018-12-03,3894.13,67779050170,1000707,319552.03686438,1270.2,53,37704074.2119,4906792,4906792,6653300000000,361739777,221638
2018-12-04,3956.89,68878292608,1109402,632663.24019797,1277.4,53,31998005.4003,6414629,6414629,5646400000000,361981676,241899
2018-12-05,3753.99,65352496336,1078303,372914.97617337,1273.4,51,38734427.5899,8155333,8155333,5646400000000,362249964,268288
2018-12-06,3521.1,61303965508,1039025,385583.72007886,1274.3,56,36488953.5267,8168638,8168638,5646400000000,362506830,256866
2018-12-07,3419.94,59547645578,1093893,224589.84393952,1283.6,73,37892374.8162,3022552,3022552,5646400000000,362787477,280647
2018-12-08,3476.11,60531278392,1225577,108889.78336972,1280,53,31998005.4003,1973386,1973386,5646400000000,363043737,256260
2018-12-09,3614.23,62942160928,967856,80735.93336664,1280,48,35646900.753,8449026,8449026,5646400000000,363275133,231396
2018-12-10,3502.66,61004445982,949850,152111.12871128,1280,54,35927585.0109,8212011,8212011,5646400000000,363512332,237199
2018-12-11,3424.59,59650201102,1123949,216726.78479913,1278.1,50,34804847.9793,10467994,10467994,5646400000000,363765824,253492
2018-12-12,3486.95,60741625426,1092748,161534.99419053,1281,49,35085532.2372,5540233,5540233,5646400000000,364021708,255884
2018-12-13,3313.68,57728688216,1135168,177671.44337181,1278.4,50,33682110.9477,6141886,6141886,5646400000000,364280466,258758
2018-12-14,3242.48,56494379457,1075022,161726.03180085,1272.2,54,36769637.7846,634835,634835,5646400000000,364547299,266833
2018-12-15,3236.76,56400691425,1066195,91655.2988358,1282.6,49,40979901.653,4736553,4736553,5646400000000,364826219,278920
2018-12-16,3252.84,56685436644,939043,98059.28085556,1282.6,46,41821954.4267,2383354,2383354,5646400000000,365089485,263266
2018-12-17,3545.86,61798926687,1021781,161537.16859897,1282.6,55,32278689.6582,11028115,11028115,5646400000000,365314999,225514
2018-12-18,3696.06,64422587801,979978,205069.82277401,1284,54,44909481.2636,7188956,7188956,5646400000000,365611454,296455
2018-12-19,3745.95,65299132785,1093074,238015.6390954,1286.8,59,32491732.5347,8791325,8791325,5106420000000,365881191,269737
2018-12-20,4134.44,72078243771,1084090,209224.042065,1298.6,60,37822407.4037,5715066,5715066,5106420000000,366184303,303112
2018-12-21,3896.54,67937650255,1137424,203257.00403146,1288.6,56,34268624.1577,4490766,4490766,5106420000000,366467264,282961
2018-12-22,4014.18,69997508295,1039893,78988.75477337,1302.4,45,35537832.4599,1572670,1572670,5106420000000,366748083,280819
2018-12-23,3998.98,69741217417,808195,98148.12191618,1302.4,45,44422290.5749,2101752,2101752,5106420000000,366999494,251411
2018-12-24,4078.6,71137548589,736205,165780.96935255,1302.4,52,44676132.2353,227336,227336,5106420000000,367248702,249208
2018-12-25,3815.49,66556033172,944734,106914.50089349,1270.75,50,38583932.385,1659476,1659476,5106420000000,367527047,278345
2018-12-26,3857.3,67292819465,810330,111855.64573318,1303.7,47,40360824.008,541677,541677,5106420000000,367786787,259740
2018-12-27,3654.83,63768757101,887603,153232.01524318,1311.9,48,39853140.6872,1678921,1678921,5106420000000,368068086,281299
2018-12-28,3923.92,68471837969,891798,168810.72130871,1313.7,48,44168448.9144,6123983,6123983,5106420000000,368370358,302272
2018-12-29,3820.41,66672244158,937671,108797.37893241,1312.5,43,42391557.2914,1306073,1306073,5106420000000,368682987,312629
2018-12-30,3865.95,67475512827,975095,70586.78146794,1312.5,40,35030149.139,408543,408543,5106420000000,368948526,265539
2018-12-31,3742.7,65331499158,748411,126700.76554973,1312.5,40,44676132.2353,484934,484934,5106420000000,369208519,259993
2019-01-01,3843.52,67098634181,895100,59662.85322199,1283.35,77,43291796.7609,685634,685634,5618600000000,369470675,262156
2019-01-02,3943.41,68849856732,807949,129140.083302,1315.3,90,41615985.2734,2065984,2065984,5618600000000,369706637,235962
2019-01-03,3836.74,66994920903,941637,152925.79042141,1326.1,93,42174589.1025,520804,520804,5618600000000,369977891,271254
2019-01-04,3857.72,67368333500,961764,141474.79692751,1317.4,88,43291796.7609,38939,38939,5618600000000,370265127,287236
2019-01-05,3845.19,67157570935,959606,84980.85526938,1321.5,75,41615985.2734,1574146,1574146,5618600000000,370548766,283639
2019-01-06,4076.63,71206795853,825104,76252.19816891,1321.5,77,45526212.0776,3788876,3788876,5618600000000,370818566,269800
2019-01-07,4025.25,70316305580,804606,154837.02139319,1321.5,88,39381569.9567,1841933,1841933,5618600000000,371070192,251626
2019-01-08,4030.85,70422743854,1000325,148461.83872514,1317.4,86,39381569.9567,347881,347881,5618600000000,371358587,288395
2019-01-09,4035.3,70508733459,860260,157273.13975154,1323.5,86,47202023.5651,1691325,1691325,5618600000000,371676422,317835
2019-01-10,3678.92,64288932886,889669,177109.2242526,1319.2,100,45805513.9922,169868,169868,5618600000000,371997284,320862
2019-01-11,3687.37,64443301117,957424,297947.55517708,1321.3,88,43571098.6755,740845,740845,5618600000000,372319805,322521
2019-01-12,3661.3,63994140882,987831,74725.49091697,1323.3,73,41336683.3588,2256196,2256196,5618600000000,372628591,308786
2019-01-13,3552.95,62106461671,912495,65713.00493608,1323.3,78,38543664.2129,411279,411279,5618600000000,372917701,289110
2019-01-14,3706.05,64789619995,848057,163190.79792603,1323.3,83,38264362.2983,629042,629042,5618600000000,373191702,274001
2019-01-15,3630.68,63477817959,960556,348323.10458262,1319.7,82,43581703.0587,1391270,1391270,5883990000000,373520049,328347
2019-01-16,3655.01,63909348776,1073234,171796.41630166,1325.1,78,38609293.9849,5024017,5024017,5883990000000,373823772,303723
2019-01-17,3678.56,64327048255,1094643,141053.25732459,1323.6,76,38901788.6363,123761,123761,5883990000000,374124075,300303
2019-01-18,3657.84,63970991867,1112435,124501.44269042,1313.8,72,37146820.7279,62829,62829,5883990000000,374425906,301831
2019-01-19,3728.57,65214103659,1020745,84470.37134261,1282.05,65,40364261.8933,2287717,2287717,5883990000000,374727115,301209
2019-01-20,3601.01,62990143284,947468,66397.09423339,1282.05,63,38901788.6363,852690,852690,5883990000000,375005278,278163
2019-01-21,3576.03,62559869612,814794,138085.58372343,1279.05,73,45921660.2699,1046402,1046402,5883990000000,375303588,298310
2019-01-22,3604.58,63065139424,952690,157815.45691535,1314.2,72,43874197.7101,10729742,10729742,5883990000000,375621602,318014
2019-01-23,3585.12,62731361272,1051808,151170.07561375,1315.2,68,38024304.6821,195134,195134,5883990000000,375915469,293867
2019-01-24,3600.87,63014066012,1034468,134575.04638898,1310.8,71,42704219.1045,2661592,2661592,5883990000000,376210295,294826
2019-01-25,3599.77,63000985908,899331,128463.10154632,1329.1,70,47384133.5269,1246347,1246347,5883990000000,376515395,305100
2019-01-26,3602.46,63054898963,1018828,81859.95195094,1334.5,64,40364261.8933,2002479,2002479,5883990000000,376816703,301308
2019-01-27,3583.97,62737274093,984097,63071.67360757,1334.5,61,43874197.7101,2516984,2516984,5883990000000,377108321,291618
2019-01-28,3470.45,60756570314,865455,174584.69479135,1334.5,76,40071767.2419,75645,75645,5883990000000,377378374,270053
2019-01-29,3448.12,60371874099,1047887,147946.66275646,1340.2,78,42070546.8156,898912,898912,5814660000000,377692519,314145
2019-01-30,3486.18,61044262622,993423,215449.84292465,1340.5,72,42201068.2452,586262,586262,5814660000000,378015462,322943
2019-01-31,3457.79,60553903927,1094232,167866.0628049,1350,71,39310584.1188,175844,175844,5814660000000,378341926,326464
2019-02-01,3487.95,61088747491,1016665,179022.47582505,1347.1,69,44802503.9589,334508,334508,5814660000000,378697389,355463
2019-02-02,3521.06,61675119055,1014811,92025.73487174,1344.3,63,45669649.1969,1680543,1680543,5814660000000,379033847,336458
2019-02-03,3464.01,60681847608,988795,77437.78018008,1344.3,61,41622971.4199,2224422,2224422,5814660000000,379360625,326778
2019-02-04,3459.15,60603083461,933607,103575.76117164,1344.3,75,39888680.9441,2142524,2142524,5814660000000,379657318,296693
2019-02-05,3466.36,60735563490,1012660,121437.29393125,1344.6,86,42490116.6578,999318,999318,5814660000000,379990601,333283
2019-02-06,3413.77,59821158612,1047750,147198.80842744,1339.7,84,42490116.6578,324517,324517,5814660000000,380346338,355737
2019-02-07,3399.47,59578075991,1050061,141362.21057476,1339.4,77,47403939.6727,7375893,7375893,5814660000000,380695874,349536
2019-02-08,3666.78,64270269953,945157,158595.25843566,1343.7,80,50294423.7991,105296,105296,5814660000000,381044726,348852
2019-02-09,3671.2,64354732475,979111,80267.96229461,1337,75,47114891.26,2285611,2285611,5814660000000,381383491,338765
2019-02-10,3690.19,64694025951,935321,75922.13008086,1337,68,43357261.8958,26881960,26881960,5814660000000,381695535,312044
2019-02-11,3648.43,63968390250,909090,142422.01919519,1337,72,41018987.2961,13355738,13355738,6061520000000,381996523,300988
2019-02-12,3653.53,64063755250,1103612,138142.67996208,1338.9,69,43691361.641,805094,805094,6061520000000,382302817,306294
2019-02-13,3632.07,63694394519,1291268,189712.96628565,1340.1,71,38568926.1383,2190511,2190511,6061520000000,382583232,280415
2019-02-14,3616.88,63434486052,1145425,130446.9173572,1338.7,71,46101919.5247,17472980,17472980,6061520000000,382934995,351763
2019-02-15,3620.81,63509111125,1115880,133247.15235359,1346.8,68,42486082.6992,710077,710077,6061520000000,383290382,355387
2019-02-16,3629.79,63673369195,1103739,101428.20292054,1324.25,62,38267606.4028,1346617,1346617,6061520000000,383584381,293999
2019-02-17,3673.84,64453368779,985371,66470.83825274,1324.25,61,45197960.3183,4346595,4346595,6061520000000,383912769,328388
2019-02-18,3915.71,68704389994,896296,183636.78265967,1329.55,82,47909837.9374,9949063,9949063,6061520000000,384246111,333342
2019-02-19,3947.09,69262673238,1083544,184200.08371263,1369.6,92,46704558.9956,4050833,4050833,6061520000000,384586843,340732
2019-02-20,3999.82,70194350042,1067214,178208.3140972,1372.5,84,47005878.731,11420240,11420240,6061520000000,384937652,350809
2019-02-21,3954.12,69398333876,1186100,168503.09604698,1352.4,80,39171565.6092,274632,274632,6061520000000,385252129,314477
2019-02-22,4005.53,70308555857,1171309,151533.52786479,1357.6,76,35857048.5192,3718183,3718183,6061520000000,385549975,297846
2019-02-23,4142.53,72720867208,1073904,122875.08682081,1354.2,74,48813797.1438,899807,899807,6061520000000,385895828,345853
2019-02-24,3810.43,66897483404,1004807,108635.19590087,1354.2,93,43088722.1701,6107940,6107940,6061520000000,386228212,332384
2019-02-25,3882.7,68173204651,1032026,208068.25586482,1354.2,80,41298258.2978,570131,570131,6071850000000,386547627,319415
2019-02-26,3854.36,67683296223,1118988,156017.98293206,1353.4,78,43162133.9136,22755,22755,6071850000000,386884534,336907
2019-02-27,3851.05,67631949500,1098574,151116.06094781,1346,69,48595129.7909,1297885,1297885,6071850000000,387251074,366540
2019-02-28,3854.79,67704774107,1117232,245556.34406393,1341,71,42558467.7051,2364114,2364114,6071850000000,387598066,346992
2019-03-01,3859.58,67796965743,1129264,140717.25873174,1323.8,67,45274965.6437,2879156,2879156,6071850000000,387961648,363582
2019-03-02,3864.42,67888255371,1057866,115903.06169813,1311.9,63,48896962.8952,1693384,1693384,6071850000000,388679646,358999
2019-03-03,3847.18,67592376373,1148136,68527.74282908,1311.9,62,39841969.7664,3290691,3290691,6071850000000,389013739,334093
2019-03-04,3761.56,66094551587,1004281,137268.22340606,1311.9,67,44067633.2265,502607,502607,6071850000000,389369118,355379
2019-03-05,3896.38,68470655400,1110003,144933.87008677,1309.1,73,41351135.2879,2527580,2527580,6071850000000,389668171,299053
2019-03-06,3903.94,68609885776,1022729,157270.30610398,1312.2,72,44973132.5394,2447954,2447954,6071850000000,389955294,287123
2019-03-07,3911.48,68749421311,1243869,154918.40702447,1310.7,69,38634637.3493,538681,538681,6071850000000,390232353,277059
2019-03-08,3901.13,68574579320,1006049,160504.72437379,1324.3,66,42860300.8093,640345,640345,6071850000000,390516696,284343
2019-03-09,3963.31,69674508655,982530,86329.41825182,1315.7,67,44067633.2265,3757150,3757150,6071850000000,390798051,281355
2019-03-10,3951.6,69475297370,890179,74383.15807342,1315.7,62,41652968.3922,957940,957940,6071850000000,391040199,242148
2019-03-11,3905.23,68666928025,793747,150815.60489193,1315.7,68,41045042.971,5298903,5298903,6068890000000,391253510,213311
2019-03-12,3909.16,68743000581,1094469,164931.86118135,1322.4,68,42839445.3543,8424513,8424513,6068890000000,391548857,295347
2019-03-13,3906.72,68706700381,1007992,164285.61866673,1333.8,64,43141131.5892,851887,851887,6068890000000,391832351,283494
2019-03-14,3924.37,69024696307,1168085,186070.52294079,1319.4,64,40727641.7101,226989,226989,6068890000000,392122097,289746
2019-03-15,3960.91,69675002377,1030579,140553.54903091,1327.1,64,46761366.4079,253025,253025,6068890000000,392418393,296296
2019-03-16,4048.73,71227967573,984824,90730.23507401,1325.8,66,46157993.9381,483540,483540,6068890000000,392715436,297043
2019-03-17,4025.23,70821939585,776669,62921.06027281,1325.8,64,49174856.287,541415,541415,6068890000000,392973298,257862
2019-03-18,4032.51,70958165407,758423,150812.24179997,1325.8,68,44046190.2939,318423,318423,6068890000000,393202843,229545
2019-03-19,4071.19,71647703828,932980,153423.86580305,1330.9,70,48571483.8172,4268052,4268052,6068890000000,393498711,295868
2019-03-20,4087.48,71942444088,899083,162646.42262987,1325.8,73,52493404.8708,371810,371810,6068890000000,393798881,300170
2019-03-21,4029.33,70926226882,1003467,162727.43399188,1331.6,76,48571483.8172,1634225,1634225,6068890000000,394108850,309969
2019-03-22,4023.97,70840048102,1037354,132765.6723717,1336.5,70,43141131.5892,762779,762779,6068890000000,394408103,299253
2019-03-23,4035.83,71056017910,948881,79374.19310932,1346.7,64,48571483.8172,700889,700889,6068890000000,394709177,301074
2019-03-24,4022.17,70823042992,816740,72780.07074657,1346.7,59,43744504.059,5410467,5410467,6068890000000,394952875,243698
2019-03-25,3963.07,69789872373,768429,151269.35087819,1346.7,67,47490106.9906,9895401,9895401,6379270000000,395178729,225854
2019-03-26,3985.08,70184147203,1067198,154738.07825736,1339.2,66,46933020.833,12166995,12166995,6379270000000,395510705,331976
2019-03-27,4087.07,71987847571,1209040,156424.37878494,1334.7,73,42493410.7542,17419236,17419236,6379270000000,395875064,364359
2019-03-28,4069.11,71678998915,1198179,155941.90310641,1313.3,68,47250135.8387,15092423,15092423,6379270000000,396258051,382987
2019-03-29,4098.37,72202088875,1222350,201647.83064006,1316.5,70,46298790.8218,15468638,15468638,6379270000000,396649481,391430
2019-03-30,4106.66,72355190645,1228306,85754.58549224,1312.4,61,46615905.8274,11812725,11812725,6379270000000,397021691,372210
2019-03-31,4105.4,72339379036,1206040,103158.29183022,1312.4,60,44078985.7824,31625914,31625914,6379270000000,397402576,380885
2019-04-01,4158.18,73269368747,1172582,155390.74697761,1312.4,73,44078985.7824,32228976,32228976,6379270000000,397783593,381017
2019-04-02,4879.88,85986009273,1209664,310399.23620122,1313.4,43,43127640.7655,43465249,43465249,6379270000000,398152423,368830
2019-04-03,4973.02,87655288145,1213105,234837.8363348,1313.3,46,49787055.8837,31780441,31780441,6379270000000,398552211,399788
2019-04-04,4922.8,86778727821,1247491,202638.56884232,1312.2,33,45030330.7993,9222290,9222290,6379270000000,398911906,359695
2019-04-05,5036.68,88796118650,1216050,180381.78201955,1313.7,27,44396100.788,5256390,5256390,6379270000000,399267096,355190
2019-04-06,5059.82,89212733450,1236238,84599.96459467,1319.9,23,50104170.8893,4755259,4755259,6379270000000,399656426,389330
2019-04-07,5198.9,91674230186,1212109,86205.19393229,1319.9,24,44081037.5637,6311524,6311524,6393020000000,400015120,358694
2019-04-08,5289.77,93286365973,1139769,187960.87741818,1319.9,28,44809649.515,5383449,5383449,6393020000000,400365895,350775
2019-04-09,5204.96,91799330425,1218687,167990.22142613,1326.3,26,47034242.0441,7777831,7777831,6393020000000,400737252,371357
2019-04-10,5324.55,93918439274,1251906,161752.60136039,1331.9,26,41949459.1205,2502881,2502881,6393020000000,401084259,347007
2019-04-11,5064.49,89341168457,1211895,205019.63313773,1311.3,27,47034242.0441,1774117,1774117,6393020000000,401480814,396555
2019-04-12,5089.54,89792633045,1202380,137360.53644083,1313.4,23,49894432.4387,1881263,1881263,6393020000000,401883652,402838
2019-04-13,5096.59,89925574875,1169742,83263.81881773,1309.4,20,47987638.8423,5815138,5815138,6393020000000,402254455,370803
2019-04-14,5167.72,91188595341,1123304,108749.93606826,1309.4,19,42902855.9186,7017144,7017144,6393020000000,402627202,372747
2019-04-15,5067.11,89422237603,1201664,156905.75212761,1309.4,22,38771469.7931,8455545,8455545,6393020000000,402964955,337753
2019-04-16,5235.56,92404613297,1230027,126663.50827374,1295.2,22,46080845.246,11221161,11221161,6393020000000,403343473,378518
2019-04-17,5251.94,92702617458,1248015,171738.83238288,1294.7,23,46080845.246,10357898,10357898,6393020000000,403703675,360202
2019-04-18,5298.39,93532402741,1226432,131962.03118243,1294.1,22,43856252.7168,7771930,7771930,6393020000000,404054299,350624
2019-04-19,5303.81,93638345002,1213771,131593.62956288,1277.9,22,47352040.9769,752785,752785,6393020000000,404438220,383921
2019-04-20,5337.89,94248717444,1212085,70398.26563379,1295.8,21,48305437.7751,2916183,2916183,6393020000000,404799547,361327
2019-04-21,5314.53,93847052256,1248928,68286.91642286,1295.8,20,41631660.1877,9654490,9654490,6393020000000,405116545,316998
2019-04-22,5399.37,95354207776,1131785,138950.87287253,1295.8,22,51199133.0238,24844947,24844947,6353030000000,405508200,391655
2019-04-23,5572.36,98417387004,1150476,149237.67303902,1291.2,30,42318655.5417,11958437,11958437,6353030000000,405851978,343778
2019-04-24,5464.87,96530038144,1254817,286718.36346409,1297.4,25,36634060.0211,11607464,11607464,6353030000000,406160679,308701
2019-04-25,5210.52,92046492864,1235078,152066.33212761,1297.7,23,51477170.5469,1842825,1842825,6353030000000,406569167,408488
2019-04-26,5279.35,93272287960,1219699,232219.47012646,1306.8,25,45160953.3019,1555987,1555987,6353030000000,406950981,381814
2019-04-27,5268.29,93086156556,1253936,85812.49460427,1299.4,19,47687440.1999,767034,767034,6353030000000,407333297,382316
2019-04-28,5285.14,93391244395,1173962,82448.9594686301,1299.4,19,43266088.1284,5106189,5106189,6353030000000,407694365,361068
2019-04-29,5247.35,92737510865,948077,172075.30775826,1299.4,20,51477170.5469,536604,536604,6353030000000,408065099,370734
2019-04-30,5350.73,94573826827,1230269,161948.98480401,1303.6,20,51477170.5469,2655687,2655687,6353030000000,408440821,375722
2019-05-01,5402.7,95501110091,1297198,165968.20904864,1302.2,21,44213520.7152,3575833,3575833,6353030000000,408784351,343530
2019-05-02,5505.28,97330112147,1124852,141756.46731359,1289.9,21,54003657.445,1002819,1002819,6353030000000,409225854,441503
2019-05-03,5768.29,101986240859,1100396,152155.69727802,1299.2,27,58109198.6542,4179668,4179668,6353030000000,409679384,453530
2019-05-04,5831.17,103112021259,1231150,86099.09944354,1301.8,24,48003251.0622,1091730,1091730,6353030000000,410059670,380286
2019-05-05,5795.71,102494420158,1185066,77965.42179354,1301.8,23,43006075.3622,4850817,4850817,6702170000000,410415490,355820
2019-05-06,5746.81,101640471056,1204502,136084.31914974,1301.8,24,42978500.695,7400879,7400879,6702170000000,410745418,329928
2019-05-07,5829.5,103112368557,1219294,177595.02173519,1303.6,28,50308167.4802,11305156,11305156,6702170000000,411125095,379677
2019-05-08,5982.46,105829143585,1263077,176155.15643804,1299.5,28,42312167.3509,7443422,7443422,6702170000000,411456353,331258
2019-05-09,6174.53,109238600750,1245855,207195.23965151,1303.2,31,50641334.1523,19967430,19967430,6702170000000,411848936,392583
2019-05-10,6378.85,112863284035,1258970,204122.52050466,1305.3,32,49975000.8082,12918808,12918808,6702170000000,412211195,362259
2019-05-11,7204.77,127488435181,1262413,131579.59075195,1319.5,43,41645834.0068,8603011,8603011,6702170000000,412534012,322817
2019-05-12,6972.37,123389710222,1235499,145438.0418869,1319.5,44,43311667.3671,4118684,4118684,6702170000000,412876895,342883
2019-05-13,7814.92,138316573807,1234154,223891.29695608,1319.5,51,52640334.1846,17270543,17270543,6702170000000,413212884,335989
2019-05-14,7994.42,141508656735,1204984,207249.61702275,1313.6,61,55638834.2331,35557604,35557604,6702170000000,413608529,395645
2019-05-15,8205.17,145254332460,1228836,198020.70360707,1315.1,49,50641334.1523,39645841,39645841,6702170000000,413974380,365851
2019-05-16,7884.91,139599559278,1239438,212667.91607553,1303.5,46,49641834.1361,31994629,31994629,6702170000000,414342150,367770
2019-05-17,7343.9,130034777633,1245664,178012.62702182,1293,43,48642334.12,6471865,6471865,6702170000000,414718554,376404
2019-05-18,7271.21,128761727083,1259848,94112.09670733,1294.6,34,50308167.4802,1638117,1638117,6702170000000,415079655,361101
2019-05-19,8197.69,145185076705,1241369,97929.59368752,1294.6,37,50986743.4509,9371362,9371362,6704630000000,415436143,356488
2019-05-20,7978.31,141315695728,1125346,142564.69632917,1294.6,37,54326123.0261,13976715,13976715,6704630000000,415785513,349370
2019-05-21,7963.33,141065573610,1179076,127163.16532029,1290.4,38,53659544.8295,5440163,5440163,6704630000000,416167859,382346
2019-05-22,7680.07,136063898960,1259103,142645.2229288,1291.4,34,50993232.0429,5848513,5848513,6704630000000,416549665,381806
2019-05-23,7881.85,139654107035,1199547,153387.20490157,1302.7,32,55659279.4194,2371096,2371096,6704630000000,416944090,394425
2019-05-24,7987.37,141539115575,1226882,161582.37176421,1301,32,52659677.5345,688415,688415,6704630000000,417330461,386371
2019-05-25,8052.54,142708188838,1253171,68559.2342818,1284.15,29,50993232.0429,1212843,1212843,6704630000000,417705712,375251
2019-05-26,8673.22,153725486067,1164100,103884.82231737,1284.15,30,46660473.7647,6206873,6206873,6704630000000,418042437,336725
2019-05-27,8805.78,156093754762,1012608,150159.16242456,1284.95,43,54992701.2227,1238080,1238080,6704630000000,418420607,378170
2019-05-28,8719.96,154590202287,1191136,168755.86945749,1294.3,39,55659279.4194,45878,45878,6704630000000,418817969,397362
2019-05-29,8659.49,153537047655,1263450,315186.74668934,1297.9,36,54659412.1244,20543495.5,20543495.5,6704630000000,419206132,388163
2019-05-30,8319.47,147525141134,1214471,151039.50756141,1304.1,39,57992303.1076,11858561,11858561,6704630000000,419611812,405680
2019-05-31,8574.5,152059886414,1227438,256927.39166215,1322.6,35,53664058.506,7734990,7734990,7459680000000,419992248,380436
2019-06-01,8564.02,151890214310,1288572,111143.32268286,1339.3,29,43386260.5764,20972335,20972335,7459680000000,420289580,297332
2019-06-02,8742.96,155077231351,1242830,76147.93375401,1339.3,29,55994233.7353,14703740,14703740,7459680000000,420622263,332683
2019-06-03,8208.99,145619047341,1198346,163380.92950551,1339.3,31,48577778.936,2247394,2247394,7459680000000,420919066,296803
2019-06-04,7707.77,136742790469,1259277,280734.76665631,1340.1,37,44127906.0563,4002716,4002716,7459680000000,421217639,298573
2019-06-05,7824.23,138824651666,1256754,329505.52888252,1344.9,31,57106701.9552,5207517,5207517,7459680000000,421592897,375258
2019-06-06,7822.02,138800725479,1239146,261382.74060314,1354,29,59331638.3951,369667,369667,7459680000000,421965847,372950
2019-06-07,8043.95,142754693588,1159620,138819.19394379,1357.4,30,58219170.1751,831807,831807,7459680000000,422330088,364241
2019-06-08,7954.13,141172841635,1186138,67690.31198778,1340.7,26,58589992.9151,2950077,2950077,7459680000000,422680925,350837
2019-06-09,7688.08,136465098533,1122379,55152.80891829,1340.7,25,45982019.7562,5350943,5350943,7459680000000,422970278,289353
2019-06-10,8000.33,142023351079,933771,130919.99332201,1340.7,26,54510942.7755,11257985,11257985,7459680000000,423274273,303995
2019-06-11,7927.71,140748537530,1163098,203128.84685827,1342.7,27,58219170.1751,15124852,15124852,7459680000000,423627511,353238
2019-06-12,8145.86,144634684711,1258463,144661.68561544,1348.2,27,53027651.8156,20540329,20540329,7459680000000,423969992,342481
2019-06-13,8230.92,146160317148,1261235,138909.66276668,1355.1,27,48577778.936,2627604,2627604,7459680000000,424297809,327817
2019-06-14,8693.83,154398880249,1258132,151891.12856215,1355.9,30,55994233.7353,11131042,11131042,7459680000000,424662141,364332
2019-06-15,8838.38,156982138835,1293516,98043.75527352,1354.2,29,62264123.1632,22294101,22294101,7409400000000,425028941,366800
2019-06-16,8994.49,159769423370,1232529,113396.71107492,1354.2,37,53775192.232,8189536,8189536,7409400000000,425357885,328944
2019-06-17,9320.35,165573372261,1171757,320982.86826084,1354.2,39,47882020.4806,822025,822025,7409400000000,425648890,291005
2019-06-18,9081.76,161353637186,1236276,238369.90719065,1362.1,40,48986990.184,15295234,15295234,7409400000000,425973997,325107
2019-06-19,9273.52,164780855869,1237776,208482.6618047,1360.1,34,60036687.2179,28471177,28471177,7409400000000,426369830,395833
2019-06-20,9527.16,169304784791,1143453,127131.75403832,1408.3,34,65193212.5005,27456599,27456599,7409400000000,426763506,393676
2019-06-21,10144.56,180293241528,1263928,156106.11103235,1411.2,43,53038545.7631,874034,874034,7409400000000,427099009,335503
2019-06-22,10701.69,190214124824,1267088,206502.29719857,1429.5,69,48986990.184,3194377,3194377,7409400000000,427439279,340270
2019-06-23,10855.37,192970090355,1209422,110002.63427396,1429.5,48,51933576.0597,18190238,18190238,7409400000000,427788155,348876
2019-06-24,11011.1,195762668679,1166106,162159.63476205,1429.5,51,66666505.4383,35564128,35564128,7409400000000,428167953,379798
2019-06-25,11790.92,209647943360,1227717,161777.74583259,1430.1,56,65193212.5005,33485977,33485977,7409400000000,428557695,389742
2019-06-26,13016.23,231462117209,1249143,228840.55967813,1426.8,100,53775192.232,3187491,3187491,7409400000000,428920468,362773
2019-06-27,11182.81,198878940964,1237660,211110.09651234,1423.4,86,60773333.6869,212516,212516,7409400000000,429320743,400275
2019-06-28,12407.33,220681459666,1233416,226300.96991682,1425.1,63,55539973.1845,18345938,18345938,7934710000000,429682479,361736
2019-06-29,11959.37,212739713110,1254241,114078.18722651,1400.8,48,64293187.5738,15049812,15049812,7934710000000,430084687,402208
2019-06-30,10817.16,192442065810,1145136,144280.39810608,1400.8,41,68631991.6432,2241525,2241525,7934710000000,430444095,359408
2019-07-01,10583.13,188297637574,1004979,153689.38078411,1400.8,49,59954383.5044,938391,938391,7934710000000,430775583,331488
2019-07-02,10801.68,192206536806,1268354,176786.25751301,1419.8,100,56404452.9022,589143,589143,7934710000000,431110651,335068
2019-07-03,11961.27,212867079175,1237627,143285.34861009,1432.9,92,62321003.9059,2577139,2577139,7934710000000,431483189,372538
2019-07-04,11215.44,199617404432,1179560,163556.80170562,1423.55,85,67843118.176,411008,411008,7934710000000,431881011,397822
2019-07-05,10978.46,195424678267,1127847,105632.21738343,1412.1,80,65870934.5081,1798753,1798753,7934710000000,432248270,367259
2019-07-06,11208.55,199546110914,1045223,55943.183519,1412.2,70,74548542.6469,11006426,11006426,7934710000000,432632395,384125
2019-07-07,11450.85,203881891346,879696,49707.10229555,1412.2,64,70209738.5775,19693063,19693063,7934710000000,432976335,343940
2019-07-08,12285.96,218778355444,971708,178285.65970499,1412.2,81,60348820.238,19170448,19170448,7934710000000,433293909,317574
2019-07-09,12573.81,223928128583,1070725,142200.02301502,1412.8,91,70209738.5775,494551,494551,7934710000000,433676480,382571
2019-07-10,12156.51,216515999522,1154047,247870.63610733,1424.9,98,65740170.4585,6772144,6772144,9064160000000,434037392,360912
2019-07-11,11358.66,202324174692,1273684,164618.64468011,1419.3,88,58125055.9334,14151519,14151519,9064160000000,434357350,319958
2019-07-12,11815.99,210494417832,1255852,136072.780861,1424.8,85,58125055.9334,1225627,1225627,9064160000000,434682332,324982
2019-07-13,11392.38,202968191001,1230175,61473.35409974,1426.1,70,73895419.9463,23709782,23709782,9064160000000,435041354,359022
2019-07-14,10256.06,182741933552,1038786,81605.58819967,1426.1,73,63532037.8807,42394813,42394813,9064160000000,435346271,304917
2019-07-15,10895.09,194147627475,955649,118808.63552583,1426.1,88,65334365.1964,44788765,44788765,9064160000000,435649869,303598
2019-07-16,9477.64,168908640950,1135304,152283.20396005,1423.6,87,65784947.0254,5519458,5519458,9064160000000,435999067,349198
2019-07-17,9693.8,172777250515,1107039,197448.91458647,1435.9,96,72994256.2884,1451441,1451441,9064160000000,436363171,364104
2019-07-18,10666.48,190129918121,1150721,134969.50013804,1440.8,88,59927383.2491,1753287,1753287,9064160000000,436689197,326026
2019-07-19,10530.73,187725578628,1261918,203214.62488011,1439.4,75,54520401.3019,2607682,2607682,9064160000000,437005377,316180
2019-07-20,10767.14,191963691255,1257530,78195.59407448,1439.7,64,53168655.815,830797,830797,9064160000000,437301198,295821
2019-07-21,10599.11,188987475962,1025579,64623.49481485,1439.7,64,79752983.7225,2544162,2544162,9064160000000,437618088,316890
2019-07-22,10343.11,184443440748,917384,98420.7729356,1439.7,68,67136692.5122,1412113,1412113,9064160000000,437908403,290315
2019-07-23,9900.77,176572890702,1002717,94114.7613971,1434.5,68,71191928.9727,944668,944668,9064160000000,438228417,320014
2019-07-24,9811.93,175005760794,1089125,137938.11065788,1436.5,72,64212845.1846,226907,226907,9013790000000,438546944,318527
2019-07-25,9911.84,176806451137,1125501,103139.46051178,1427.5,69,62282811.3455,1868567,1868567,9013790000000,438844965,298021
2019-07-26,9870.3,176085968354,1123068,101682.87454626,1432.2,63,67211666.9196,1494086,1494086,9013790000000,439177786,332821
2019-07-27,9477.68,169099540423,953410,60569.11630781,1433.3,65,74380911.3911,190816,190816,9013790000000,439499748,321962
2019-07-28,9552.86,170461958074,861699,39980.13709298,1433.3,59,68107822.4786,523329,523329,9013790000000,439785051,285303
2019-07-29,9519.15,169880343827,696595,431372.55005164,1433.3,65,78413611.4063,67912,67912,9013790000000,440055349,270298
2019-07-30,9607.42,171472452506,971684,134472.21660018,1441.8,62,75277066.95,736583,736583,9013790000000,440392151,336802
2019-07-31,10085.63,180028959603,1160228,104580.96145665,1437.8,65,63627044.6839,1438040,1438040,9013790000000,440717555,325404
2019-08-01,10399.67,185653203391,1018003,105522.55330568,1432.4,62,76621300.2884,2832818,2832818,9013790000000,441082920,365365
2019-08-02,10518.17,187791090996,1146934,121684.02045479,1457.5,69,63627044.6839,660005,660005,9013790000000,441416975,334055
2019-08-03,10821.73,193233960601,1034768,49489.70569195,1476.5,62,75725144.7295,518822,518822,9013790000000,441768887,351912
2019-08-04,10970.18,195907875403,834505,54017.38165939,1476.5,61,77517455.8473,11238134,11238134,9013790000000,442090931,322044
2019-08-05,11805.65,210848822060,828023,152337.50383496,1476.5,90,74828989.1705,545884,545884,9013790000000,442389839,298908
2019-08-06,11478.17,205023347814,1193625,154262.81420021,1484.2,87,70305379.0081,1876274,1876274,9985350000000,442729278,339439
2019-08-07,11941.97,213330426789,1138648,130654.66795797,1519.6,78,79916269.034,2549950,2549950,9985350000000,443100478,371200
2019-08-08,11966.41,213788089212,1143267,119573.43727506,1509.5,74,75945274.2994,1397794,1397794,9985350000000,443471577,371099
2019-08-09,11862.94,211961319133,1236138,120469.44985308,1508.5,66,70485156.5393,4713363,4713363,9985350000000,443809258,337681
2019-08-10,11354.02,202890020455,1153973,68724.58412031,1517.2,61,72967028.2485,3073744,3073744,9985350000000,444150037,340779
2019-08-11,11523.58,205941632235,887532,50796.55118959,1517.2,57,74952525.6158,622398,622398,9985350000000,444446197,296160
2019-08-12,11382.62,203441494985,794488,113315.79174636,1517.2,66,75945274.2994,1007358,1007358,9985350000000,444720026,273829
2019-08-13,10895.83,194762696644,1066339,148749.23681749,1514.1,66,66017787.4629,675703,675703,9985350000000,445023455,303429
2019-08-14,10051.7,179692803424,1188183,126125.34276119,1527.8,73,77930771.6667,158498,158498,9985350000000,445395851,372396
2019-08-15,10311.55,184357666577,1135085,157860.18002437,1531.2,77,75448899.9576,2289541,2289541,9985350000000,445756143,360292
2019-08-16,10374.34,185500055339,1044296,105081.5613896,1523.6,64,77930771.6667,1861450,1861450,9985350000000,446103808,347665
2019-08-17,10231.74,182966857173,1059870,147722.16904275,1511.6,57,72967028.2485,2085871,2085871,9985350000000,446433420,329612
2019-08-18,10345.81,185022920955,988955,90060.97033327,1511.6,57,63535915.7538,1990545,1990545,9985350000000,446722278,288858
2019-08-19,10916.05,195243306008,940091,96302.95965429,1511.6,65,62740159.349,1364682,1364682,10183500000000,446994948,272670
2019-08-20,10763.23,192530283565,951270,113518.15783384,1515.7,64,82514504.7904,2094066,2094066,10183500000000,447328951,334003
2019-08-21,10138.05,181364502142,1073723,106552.20512971,1515.7,64,77452265.2327,1400997,1400997,10183500000000,447658984,330033
2019-08-22,10131.06,181257125783,1198914,94762.68008428,1508.5,63,68846457.9846,2358685,2358685,10183500000000,447969230,310246
2019-08-23,10407.97,186231409722,1231882,209079.16498869,1537.6,60,71377577.7635,2877658,2877658,10183500000000,448290872,321642
2019-08-24,10159.96,181813631752,1094495,58386.24790729,1537.2,53,77452265.2327,283324,283324,10183500000000,448632674,341802
2019-08-25,10138.52,181450186164,971724,57066.31540907,1537.2,52,80995832.9231,3387570,3387570,10183500000000,448935540,302866
2019-08-26,10370.82,185625235889,799773,126638.96579396,1537.2,59,78464713.1442,3459380,3459380,10183500000000,449224049,288509
2019-08-27,10185.5,182325540955,1183557,127327.35488588,1551.8,59,69352681.9404,963050,963050,10183500000000,449544656,320607
2019-08-28,9754.42,174627460400,1156464,105266.80948769,1549.1,61,68340234.0288,471142,471142,10183500000000,449869486,324830
2019-08-29,9510.2,170274910132,1034432,176280.1586743,1536.9,69,76439817.3211,819451,819451,10183500000000,450209532,340046
2019-08-30,9598.17,171869216524,991683,138932.17364234,1529.4,57,83526952.7019,783734,783734,10183500000000,450556164,346632
2019-08-31,9630.66,172470743516,1015444,55968.09335583,1538.05,49,80995832.9231,6520570,6520570,10183500000000,450910250,354086
2019-09-01,9757.97,174768292883,858398,54896.04024898,1538.05,47,84033176.6577,1826243,1826243,10183500000000,451245203,334953
2019-09-02,10346.76,185333114163,899613,120127.94734017,1535.15,60,75959123.8205,5458371,5458371,10772000000000,451531493,286290
2019-09-03,10623.54,190312487956,1059030,140950.00361835,1555.9,64,79786349.9315,815384,815384,10772000000000,451863703,332210
2019-09-04,10594.49,189810010608,1088029,128396.25234277,1560.4,59,87818532.8106,1109855,1109855,10772000000000,452234863,371160
2019-09-05,10575.53,189492405383,1182228,161404.61297247,1525.5,57,72825124.7697,1437254,1437254,10772000000000,452559649,324786
2019-09-06,10353.3,185530405363,1024470,260694.71789146,1515.5,58,88354011.6692,843974,843974,10772000000000,452914213,354564
2019-09-07,10517.25,188488525926,1080550,88560.98318333,1511.1,49,84605659.659,1541510,1541510,10772000000000,453275770,361557
2019-09-08,10441.28,187150078007,923670,69901.47325902,1511.1,47,80321828.7902,1912727,1912727,10772000000000,453588970,313200
2019-09-09,10334.97,185263578990,707468,119745.22620632,1511.1,53,94779757.9724,302978,302978,10772000000000,453877645,288675
2019-09-10,10115.98,181360731383,1097069,191560.24628716,1499.2,51,78179913.3557,1405207,1405207,10772000000000,454194421,316776
2019-09-11,10178.37,182502788242,957618,141835.54035998,1503.2,51,97457152.2654,239427,239427,10772000000000,454533516,339095
2019-09-12,10410.13,186678943059,940678,178043.4328582,1507.4,51,98528109.9826,3597449,3597449,10772000000000,454869004,335488
2019-09-13,10360.55,185809163035,992975,89784.05693162,1499.5,48,84605659.659,1501421,1501421,10772000000000,455208183,339179
2019-09-14,10358.05,185784300332,1077857,53218.43513238,1511.5,44,81711974.3616,2053246,2053246,11890600000000,455512937,304754
2019-09-15,10347.71,185618174384,897145,45041.39451513,1511.5,43,91618125.6261,1664002,1664002,11890600000000,455819016,306079
2019-09-16,10276.79,184366827555,856075,148816.44913063,1511.5,48,86889448.1744,2803719,2803719,11890600000000,456088910,269894
2019-09-17,10241.27,183748515828,1068470,138304.55309817,1513.4,46,96346803.0777,975334,975334,11890600000000,456438498,349588
2019-09-18,10198.25,182998899156,1145168,186166.19459585,1515.8,47,87480532.8559,472387,472387,11890600000000,456782976,344478
2019-09-19,10266.41,184240949577,1065172,126927.77220945,1506.2,51,102848734.574,8459292,8459292,11890600000000,457143471,360495
2019-09-20,10181.64,182738947696,1107903,172299.50629295,1515.1,47,87480532.8559,2633662,2633662,11890600000000,457491154,347683
2019-09-21,10019.72,179853287294,1058857,128983.64546895,1531.5,41,89253786.9002,2263438,2263438,11890600000000,457837838,346684
2019-09-22,10070.39,180784051699,861430,55400.40252944,1531.5,42,98120057.1221,729497,729497,11890600000000,458165707,327869
2019-09-23,9729.32,174674558023,859307,86663.67963059,1531.5,48,98120057.1221,931152,931152,11890600000000,458486241,320534
2019-09-24,8620.57,154785821876,1262568,339444.10141853,1540.2,70,67383653.6863,1057831,1057831,11890600000000,458777511,291270
2019-09-25,8486.99,152404005091,1166427,247243.43303523,1512.3,78,92800294.989,650826,650826,11890600000000,459132372,354861
2019-09-26,8118.97,145812492488,1090989,159500.3579599,1515.2,73,92209210.3075,4174762,4174762,11890600000000,459476853,344481
2019-09-27,8251.85,148212635834,960253,144218.25346733,1506.4,65,102155715.068,2241503,2241503,12759800000000,459828812,351959
2019-09-28,8245.92,148122503616,1123976,71069.8617817,1472.9,52,83726816.3184,265821,265821,12759800000000,460136884,308072
2019-09-29,8104.19,145590374681,875318,57209.93689166,1472.9,52,100852756.02,5628754,5628754,12759800000000,460451487,314603
2019-09-30,8293.87,149011567415,905440,127661.03046537,1472.9,61,86263992.5705,3129153,3129153,12759800000000,460740228,288741
2019-10-01,8343.28,149913972768,1156870,128788.34560116,1489,56,82458228.1924,997181,997181,12759800000000,461050791,310563
2019-10-02,8393.04,150823797662,1097523,91372.94712638,1507.9,62,90704051.0117,595498,595498,12759800000000,461382392,331601
2019-10-03,8259.99,148448162840,1012425,114648.67944153,1513.8,62,93875521.3267,2763935,2763935,12759800000000,461712022,329630
2019-10-04,8205.94,147491804056,1040120,90078.77442701,1512.9,57,93241227.2637,1479201,1479201,12759800000000,462039575,327553
2019-10-05,8151.5,146529229668,1087330,46309.16646668,1504.4,53,93241227.2637,6576282,6576282,12759800000000,462376667,337092
2019-10-06,7988.16,143607672862,888099,54971.26281243,1504.4,53,100218461.957,3490145,3490145,12759800000000,462703989,327322
2019-10-07,8245.62,148252589805,802103,106610.33485118,1504.4,63,94509815.3898,68825,68825,12759800000000,462975991,272002
2019-10-08,8228.78,147966069982,1004331,115940.06809032,1503.9,61,98315579.7679,636654,636654,12759800000000,463305576,329585
2019-10-09,8595.74,154579656110,965927,127323.00149506,1512.8,62,102755638.209,72150,72150,12759800000000,463638476,332900
2019-10-10,8586.47,154430515160,1030179,124093.63300066,1500.9,61,87532580.6966,5687085,5687085,12759800000000,463951732,313256
2019-10-11,8321.76,149685618275,979193,112113.5112481,1488.7,56,103681264.293,3842557,3842557,13008100000000,464301300,349568
2019-10-12,8336.56,149965767624,1019470,52097.22851634,1497.6,50,100875176.085,4074499,4074499,13008100000000,464648451,347151
2019-10-13,8321.01,149700817939,951277,42862.95204993,1497.6,48,86002553.9696,6839629,6839629,13008100000000,464942758,294307
2019-10-14,8374.69,150680499056,847337,206989.97978652,1497.6,57,91822275.6668,10213865,10213865,13008100000000,465229486,286728
2019-10-15,8205.37,147650082215,1049946,113361.47403157,1483.5,57,87295825.4578,314105,314105,13008100000000,465533825,304339
2019-10-16,8047.53,144823993562,1004633,117657.52086152,1494,59,98935268.8522,676817,676817,13008100000000,465877421,343596
2019-10-17,8103.91,145853994298,1115183,156710.83088989,1498.3,57,92468911.4109,2167569,2167569,13008100000000,466211363,333942
2019-10-18,7973.21,143517630376,1097156,131496.99590386,1494.1,55,96995361.6198,6350360,6350360,13008100000000,466547194,335831
2019-10-19,7988.56,143808163807,932698,49356.82406748,1488.1,50,103461719.061,9366132,9366132,13008100000000,466883975,336781
2019-10-20,8222.08,148026597064,985946,41820.66827601,1488.1,49,91822275.6668,8914152,8914152,13008100000000,467193953,309978
2019-10-21,8243.72,148432733155,820008,115474.92732575,1488.1,56,94408818.6433,7529708,7529708,13008100000000,467475654,281701
2019-10-22,8078.2,145469660005,1024847,121364.44195336,1487.5,55,102815083.317,5253671,5253671,13008100000000,467831829,356175
2019-10-23,7514.67,135337364282,963015,168686.5627367,1495.7,68,109281440.758,6399008,6399008,13008100000000,468175434,343605
2019-10-24,7493.49,134968410276,969922,132153.29473176,1504.7,65,109144376.317,7033617,7033617,13691500000000,468517830,342396
2019-10-25,8660.7,156006603607,1100109,166567.01339027,1505.3,74,90520752.8588,7525949,7525949,13691500000000,468826589,308759
2019-10-26,9244.97,166547360782,1193900,133866.29826938,1495.8,100,93923788.6806,535483,535483,13691500000000,469156343,329754
2019-10-27,9551.71,172087039875,1213659,76527.76960216,1495.8,72,95285003.0093,7036651,7036651,13691500000000,469460010,303667
2019-10-28,9256.15,166777392742,1113740,198859.30233762,1495.8,72,78269823.9005,10257144,10257144,13691500000000,469719960,259950
2019-10-29,9427.69,169883866262,1201345,123490.89324901,1490.7,71,91201360.0232,789464,789464,13691500000000,470026032,306072
2019-10-30,9205.73,165899500650,1158038,101612.73037051,1496.7,63,90520752.8588,6387568,6387568,13691500000000,470335703,309671
2019-10-31,9199.58,165804227835,1079591,171270.8628967,1514.8,62,91201360.0232,7395928,7395928,13691500000000,470644739,309036
2019-11-01,9261.1,166928044164,1103660,226201.69051053,1511.4,59,89840145.6945,7541382,7541382,13691500000000,470945503,300764
2019-11-02,9324.72,168090392935,1241328,79336.74523666,1511.1,52,88478931.3658,8712859,8712859,13691500000000,471261508,316005
2019-11-03,9235.35,166495319475,988318,85660.1188983599,1511.1,51,91201360.0232,8086348,8086348,13691500000000,471546000,284492
2019-11-04,9412.61,169706332936,953033,144089.15854624,1511.1,58,93923788.6806,5279585,5279585,13691500000000,471834923,288923
2019-11-05,9342.53,168459778835,1185540,296858.88677609,1483.7,61,89840145.6945,764145,764145,13691500000000,472145384,310461
2019-11-06,9360.88,168806151583,1133720,154859.77183922,1493.1,58,98007431.6667,991515,991515,13691500000000,472481232,335848
2019-11-07,9267.56,167138722904,1252094,152471.28377145,1466.4,56,89840145.6945,2058254,2058254,13691500000000,472791465,310233
2019-11-08,8804.88,158808570729,1199669,162088.65329925,1462.9,58,91737090.3691,5979334,5979334,12720000000000,473122725,331260
2019-11-09,8813.58,158981489715,1168677,118708.85108578,1457.1,52,80936306.1161,5360189,5360189,12720000000000,473435693,312968
2019-11-10,9055.53,163364406732,1049142,40975.991728,1457.1,51,91053344.3807,510696,510696,12720000000000,473731956,296263
2019-11-11,8757.79,158009772437,831483,81787.8559671401,1457.1,55,104964271.994,86372600,86372600,12720000000000,474037775,305819
2019-11-12,8815.66,159068712900,1011303,99092.20185613,1460.6,55,95479548.6214,56817169,56817169,12720000000000,474365698,327923
2019-11-13,8808.26,158949942842,1039759,169820.88852254,1470.2,55,85362510.3569,11366093,11366093,12720000000000,474667196,301498
2019-11-14,8708.1,157160974644,1137201,109449.82627208,1480.2,51,85362510.3569,4953432,4953432,12720000000000,474984021,316825
2019-11-15,8491.99,153277483626,974566,140223.79030358,1475.4,51,106861216.669,7106554,7106554,12720000000000,475330734,346713
2019-11-16,8550.76,154354054194,1132785,54541.05914009,1478.8,50,99905752.8621,4517826,4517826,12720000000000,475659330,328596
2019-11-17,8577.98,154861842425,1167599,40224.20218022,1478.8,48,93582603.9468,6318326,6318326,12720000000000,475939802,280472
2019-11-18,8309.29,150025712267,1110253,124758.52049023,1478.8,53,97376493.296,8598705,8598705,12720000000000,476207448,267646
2019-11-19,8206.15,148178376843,1020597,113824.573069,1481.2,58,88524084.8145,888383,888383,12720000000000,476514370,306922
2019-11-20,8027.27,144962727398,1135648,107526.52185825,1481,54,92950289.0553,2424292,2424292,12720000000000,476839714,325344
2019-11-21,7642.75,138031885379,1024551,149429.45673503,1470.5,64,89788714.5976,13788841,13788841,12720000000000,477160682,320968
2019-11-22,7296.58,131791783672,1227326,233051.32072927,1470.5,76,87143254.9642,18986546,18986546,12973200000000,477486950,326268
2019-11-23,7397.8,133636205957,1226721,159423.02874143,1463.8,60,85127203.6531,5504210,5504210,12973200000000,477790770,303820
2019-11-24,7047.92,127327398565,852382,76337.47818228,1463.8,58,111568229.03,5846364,5846364,12973200000000,478103267,312497
2019-11-25,7146.13,129112952930,868644,189626.3047531,1463.8,80,84482300.5951,14955071,14955071,12973200000000,478367817,264550
2019-11-26,7218.37,130429018720,1093074,165424.52141393,1467.4,68,80612882.2472,180715,180715,12973200000000,478651270,283453
2019-11-27,7531.66,136102712894,1253251,210101.21294546,1460.8,63,78678173.0733,439454,439454,12973200000000,478970853,319583
2019-11-28,7463.11,134879411013,1163491,102341.42368838,1462.25,60,89641525.0589,5311915,5311915,12973200000000,479283552,312699
2019-11-29,7761.24,140280108521,890821,140961.63628341,1472.7,55,105119198.45,836028,836028,12973200000000,479599715,316163
2019-11-30,7569.63,136829391049,1057693,90740.9361248,1469.2,51,87706815.885,1965421,1965421,12973200000000,479904936,305221
2019-12-01,7424.29,134215145410,1072636,55712.18236208,1469.2,51,81257785.3052,1668672,1668672,12973200000000,480189974,285038
2019-12-02,7321.99,132378982377,850375,123662.96283579,1469.2,55,89641525.0589,1511873,1511873,12973200000000,480458248,268274
2019-12-03,7320.15,132359942301,1036220,150333.41646956,1484.4,55,93510943.4068,1290578,1290578,12973200000000,480776994,318746
2019-12-04,7252.03,131143073943,953253,201360.82923784,1480.2,55,101894683.161,664031,664031,12973200000000,481111121,334127
2019-12-05,7448.31,134706455048,921383,113328.87037195,1483.1,55,107698810.682,6718218,6718218,12973200000000,481443492,332371
2019-12-06,7547,136504883935,1041902,166833.59060654,1465.1,52,93386357.498,2151532,2151532,12876800000000,481762770,319278
2019-12-07,7556.24,136686769529,1057013,111993.0749512,1464.9,48,92816137.3772,427619,427619,12876800000000,482073984,311214
2019-12-08,7564.35,136847419896,848497,41030.26722398,1464.9,44,99217250.2997,3690617,3690617,12876800000000,482356768,282784
2019-12-09,7400.9,133904005787,838523,132096.01481823,1464.9,51,94736471.2539,3613302,3613302,12876800000000,482635679,278911
2019-12-10,7278.12,131696121855,1109526,165470.14683486,1468.1,52,94736471.2539,621176,621176,12876800000000,482952822,317143
2019-12-11,7217.43,130609895528,1107918,133289.60254177,1475,51,94736471.2539,2733786,2733786,12876800000000,483274436,321614
2019-12-12,7243.13,131087151088,1171084,175621.17700759,1472.3,52,84494690.5778,811058,811058,12876800000000,483562723,288287
2019-12-13,7269.68,131581377758,1094629,126104.70553378,1481.2,51,85134801.8701,13361569,13361569,12876800000000,483872928,310205
2019-12-14,7124.67,128970221233,1008639,63571.88399144,1480.5,50,97296916.423,8153345,8153345,12876800000000,484202592,329664
2019-12-15,7152.3,129481424648,895982,46749.15034364,1480.5,48,96656805.1307,5143209,5143209,12876800000000,484494022,291430
2019-12-16,6932.48,125515586952,1139932,125281.71507989,1480.5,54,79373800.2398,973950,973950,12876800000000,484752512,258490
2019-12-17,6640.52,120234244809,1027379,251807.08287984,1480.6,66,100497472.884,269519,269519,12876800000000,485082795,330283
2019-12-18,7276.8,131754969804,1311909,240041.71634996,1478.7,67,90255692.2081,1165245,1165245,12876800000000,485397785,314990
2019-12-19,7202.84,130445758713,1149463,165854.05325802,1484.4,62,85774913.1623,6032492,6032492,12876800000000,485716119,318334
2019-12-20,7218.82,130752796980,1008730,166611.62514327,1480.9,55,100622310.115,2161016,2161016,12948600000000,486035438,319319
2019-12-21,7191.16,130267655889,962691,67721.75703059,1488.7,51,100413778.964,366818,366818,12948600000000,486367701,332263
2019-12-22,7511.59,136088022049,739912,56486.59110175,1488.7,48,113287340.369,3773263,3773263,12948600000000,486672919,305218
2019-12-23,7355.63,133275709111,743968,152654.86458667,1488.7,58,108781593.877,1280224,1280224,12948600000000,486955221,282302
2019-12-24,7322.53,132687583295,1067673,105404.34744226,1504.8,50,92045964.05,2854989,2854989,12948600000000,487269281,314060
2019-12-25,7275.16,131840641292,1084137,119669.63620597,1504.05,51,80459758.785,624349,624349,12948600000000,487553156,283875
2019-12-26,7238.97,131200030100,881104,108613.41116734,1514.4,52,82390792.9958,435150,435150,12948600000000,487794819,241663
2019-12-27,7290.09,132139502950,851974,117903.8262163,1518.1,51,107494237.737,807080,807080,12948600000000,488097811,302992
2019-12-28,7317.99,132659059740,1032072,65887.9557732,1518.6,51,93333320.1906,222203,222203,12948600000000,488423215,325404
2019-12-29,7422.65,134570835775,868414,51871.88810028,1518.6,49,95908032.4717,1140527,1140527,12948600000000,488714640,291425
2019-12-30,7293,132235128152,795477,131283.54731356,1518.6,51,99770100.8933,909351,909351,12948600000000,488996235,281595
2019-12-31,7193.6,130446112598,952849,118692.27692215,1523.1,49,106850559.666,166669,166669,12948600000000,489323027,326792
2020-01-01,7200.17,130580829150,966596,38648.24679086,1520.95,48,93333320.1906,2125522,2125522,12948600000000,489613140,290113
2020-01-02,6985.47,126699395235,646327,98003.465802,1528.1,61,112718458.533,5302468,5302468,13798800000000,489865181,252041
2020-01-03,7344.88,133233444755,1002565,236599.38690371,1552.4,65,96717718.3124,925880,925880,13798800000000,490157257,292076
2020-01-04,7410.66,134442464030,924915,85109.87776538,1568.8,63,115924073.722,5503406,5503406,13798800000000,490480579,323322
2020-01-05,7411.32,134469548249,781904,47803.86397373,1568.8,59,115238132.457,237702,237702,13798800000000,490763048,282469
2020-01-06,7769.22,140976457304,793049,127638.22034273,1568.8,63,111808426.134,1361147,1361147,13798800000000,491051423,288375
2020-01-07,8163.69,148152237654,1128336,141873.73420881,1574.3,83,92602070.7246,250557,250557,13798800000000,491349401,297978
2020-01-08,8079.86,146645162431,952805,144356.99418374,1560.2,86,120725662.574,123553,123553,13798800000000,491696789,347388
2020-01-09,7879.07,143016572819,1077316,197513.24779745,1554.3,62,97403659.577,10999088,10999088,13798800000000,492015564,318775
2020-01-10,8166.55,148249907277,1041614,162847.24910828,1560.1,71,107692778.546,4654872,4654872,13798800000000,492338559,322995
2020-01-11,8037.54,145924199942,1121172,63061.48057476,1550.6,66,102205248.429,3357972,3357972,13798800000000,492671171,332612
2020-01-12,8192.49,148752956966,830477,55680.89579774,1550.6,57,111808426.134,882079,882079,13798800000000,492974889,303718
2020-01-13,8144.19,147890525973,812316,108793.80403332,1550.6,56,103577130.959,259685,259685,13798800000000,493253893,279004
2020-01-14,8827.76,160319484883,1009770,335665.94334151,1544.6,88,98089600.8416,2943806,2943806,13798800000000,493553822,299929
2020-01-15,8807.01,159959191212,1221767,280822.13175005,1554,81,99607271.22,1034575,1034575,14776400000000,493900945,347123
2020-01-16,8723.79,158465055984,1058586,152626.97650804,1550.5,71,110915119.366,3042986,3042986,14776400000000,494229929,328984
2020-01-17,8929.04,162211148778,976939,173664.39846012,1560.3,73,116791417.081,6323621,6323621,14776400000000,494556675,326746
2020-01-18,8942.81,162475965880,969140,77864.56200069,1557.05,74,116791417.081,652982,652982,14776400000000,494880718,324043
2020-01-19,8706.25,158194319735,972764,68120.97656105,1557.05,79,96958912.2936,640715,640715,14776400000000,495171820,291102
2020-01-20,8657.64,157327553259,862469,146372.36081798,1561.25,68,110180582.152,7144526,7144526,14776400000000,495454075,282255
2020-01-21,8745.89,158947996834,996510,103774.67254467,1557.9,61,111649656.581,2435056,2435056,14776400000000,495767194,313119
2020-01-22,8680.88,157783273070,1005384,144608.58591928,1556.7,61,112384193.795,407202,407202,14776400000000,496079182,311988
2020-01-23,8406.52,152813329633,1037980,165824.99086889,1565.4,62,114587805.438,13008784,13008784,14776400000000,496405718,326536
2020-01-24,8445.43,153536829768,1062044,116895.23020499,1571.9,61,116791417.081,203530,203530,14776400000000,496743157,337439
2020-01-25,8367.85,152143262650,1028438,44807.6710861,1577.4,54,111649656.581,111282,111282,14776400000000,497055132,311975
2020-01-26,8596.83,156322174637,858877,44461.50905508,1577.4,49,120464103.153,1668264,1668264,14776400000000,497338588,283456
2020-01-27,8909.82,162027957435,794333,92546.4494980701,1577.4,60,105038821.651,875319,875319,14776400000000,497595470,256882
2020-01-28,9358.59,170205617955,1092972,116541.5660229,1569.8,74,94755300.6506,7763244,7763244,14776400000000,497880999,285529
2020-01-29,9316.63,169460984603,1198123,129782.17136393,1570.4,78,107321517.017,1361072,1361072,15466100000000,498220925,339926
2020-01-30,9508.99,172978577931,996600,181443.87730608,1583.5,79,123011831.713,1992024,1992024,15466100000000,498561160,340235
2020-01-31,9350.53,170112778161,1011448,237347.73978322,1582.9,73,119936535.92,1903846,1903846,15466100000000,498893900,332740
2020-02-01,9392.88,170900662180,1091820,105828.35283966,1577.2,67,110710648.542,143820,143820,15466100000000,499223413,329513
2020-02-02,9344.37,170034976662,992690,65038.56846687,1577.2,64,116092416.179,27227907,27227907,15466100000000,499528448,305035
2020-02-03,9293.52,169126861034,987303,376635.80029822,1577.2,68,109941824.593,8158593,8158593,15466100000000,499820974,292526
2020-02-04,9180.96,167093636162,1207768,106601.43838245,1550.4,71,113785944.334,1650489,1650489,15466100000000,500157348,336374
2020-02-05,9613.42,174983423933,1193755,125158.09557864,1557.8,82,101484761.163,61465,61465,15466100000000,500465296,307948
2020-02-06,9729.8,177118274394,1069411,343051.53339826,1565.1,78,122243007.765,13854874,13854874,15466100000000,500828608,363312
2020-02-07,9795.94,178339437206,1156802,184460.94895744,1568.6,73,103791233.008,,,15466100000000,501150671,322063
2020-02-08,9865.12,179615828322,1278370,147390.86284239,1574.7,69,106866528.8,,,15466100000000,501484129,333458
2020-02-09,10116.67,184214765394,1107861,73754.50444352,1574.7,100,106866528.8,,,15466100000000,501799794,315665
2020-02-10,9856.61,179494809266,959292,167002.23945628,1574.7,80,117630064.075,,,15466100000000,502118921,319127
2020-02-11,10208.24,185917114989,,231748.72092039,1565.6,87,93796521.681,,,,,
2020-02-12,10326.05,188081204386,,180717.5699263,1569.75,,114190850.876,,,,,
,,184803.97834328,,,,,,,,,,
